patient_id,age,female,combat_deployments,pcl5,phq9,baseline_craving,days_used_past30,years_use,prior_tx_attempts,tbi_history,psqi,on_ssri,on_mat,social_support,housing_unstable,rmt,bmi,education_years,substance,active,target,sessions_completed,responder,relapse,weeks_to_relapse_or_censor,sustained_cessation
SYN-00000,42.0,0,0,48.0,10.0,70.0,12.0,10.0,1,0,19.0,0,1,5.0,0,50.0,31.3,12.0,nicotine,0,sham,18,0,1,19.28,0
SYN-00001,45.0,0,3,47.0,14.0,54.0,11.0,12.0,1,0,15.0,0,0,5.0,1,53.0,25.2,14.0,alcohol,1,L-DLPFC iTBS,8,1,0,52.0,1
SYN-00002,39.0,0,3,36.0,5.0,41.0,9.0,18.0,2,0,12.0,0,0,4.6,0,47.0,25.9,15.0,nicotine,1,L-DLPFC iTBS,11,1,0,52.0,1
SYN-00003,32.0,0,3,76.0,21.0,52.0,24.0,7.0,3,0,16.0,1,0,3.1,0,51.0,37.6,11.0,alcohol,0,sham,20,0,1,7.1,0
SYN-00004,37.0,1,0,47.0,13.0,76.0,14.0,13.0,2,0,16.0,1,1,4.6,1,50.0,25.9,15.0,alcohol,1,L-DLPFC 10Hz,8,0,0,20.15,0
SYN-00005,31.0,0,0,44.0,11.0,48.0,3.0,9.0,4,0,8.0,0,0,4.8,0,51.0,29.4,11.0,alcohol,0,sham,18,1,1,28.93,0
SYN-00006,43.0,0,1,61.0,17.0,54.0,17.0,18.0,4,0,7.0,0,0,7.0,0,52.0,24.0,19.0,cocaine,0,sham,19,0,0,52.0,1
SYN-00007,57.0,0,1,51.0,18.0,48.0,21.0,34.0,2,1,7.0,0,0,4.0,0,34.0,22.0,16.0,opioid,1,mPFC/ACC deep TMS,15,0,1,0.26,0
SYN-00008,37.0,0,2,66.0,14.0,48.0,26.0,17.0,2,0,15.0,0,0,4.7,1,35.0,34.7,18.0,opioid,0,sham,16,0,1,9.46,0
SYN-00009,35.0,0,0,49.0,9.0,73.0,10.0,5.0,1,0,10.0,0,0,5.3,0,57.0,34.1,14.0,methamphetamine,0,sham,20,0,1,32.25,0
SYN-00010,47.0,0,0,56.0,21.0,94.0,20.0,8.0,0,0,11.0,0,1,5.3,0,39.0,23.2,12.0,alcohol,1,mPFC/ACC deep TMS,19,1,1,8.44,0
SYN-00011,46.0,0,1,53.0,14.0,79.0,16.0,21.0,1,0,12.0,0,1,2.0,0,50.0,17.9,10.0,nicotine,0,sham,13,0,1,6.75,0
SYN-00012,43.0,0,2,54.0,19.0,66.0,28.0,10.0,6,0,14.0,1,0,4.2,0,61.0,24.5,14.0,methamphetamine,0,sham,11,0,1,29.18,0
SYN-00013,32.0,0,1,49.0,11.0,70.0,23.0,10.0,0,0,10.0,0,0,2.7,0,51.0,40.0,10.0,nicotine,0,sham,14,0,1,38.6,0
SYN-00014,42.0,0,5,51.0,15.0,52.0,14.0,8.0,2,0,9.0,0,1,5.5,0,39.0,31.4,15.0,nicotine,0,sham,19,0,1,9.44,0
SYN-00015,50.0,0,1,70.0,14.0,53.0,20.0,18.0,2,1,11.0,0,0,2.5,1,49.0,29.1,15.0,cocaine,1,mPFC/ACC deep TMS,20,0,1,0.26,0
SYN-00016,27.0,0,2,44.0,14.0,38.0,8.0,5.0,2,0,14.0,1,0,2.2,0,48.0,27.4,12.0,alcohol,0,sham,8,1,1,7.65,0
SYN-00017,37.0,0,0,46.0,11.0,80.0,18.0,10.0,2,1,11.0,0,0,3.4,0,47.0,29.0,16.0,opioid,1,L-DLPFC 10Hz,18,1,1,0.1,0
SYN-00018,22.0,0,1,48.0,10.0,52.0,14.0,2.0,3,1,13.0,1,1,6.7,0,53.0,28.2,14.0,alcohol,1,mPFC/ACC deep TMS,20,1,0,16.83,0
SYN-00019,28.0,0,1,58.0,20.0,48.0,9.0,3.0,0,0,15.0,1,0,5.5,0,43.0,33.9,14.0,cocaine,1,mPFC/ACC deep TMS,14,1,0,52.0,1
SYN-00020,22.0,0,1,56.0,15.0,49.0,11.0,2.0,2,0,11.0,1,0,5.6,0,51.0,30.3,15.0,alcohol,1,mPFC/ACC deep TMS,20,0,1,12.67,0
SYN-00021,39.0,0,1,62.0,8.0,63.0,19.0,19.0,2,0,9.0,0,1,3.6,0,59.0,34.7,12.0,nicotine,0,sham,19,1,0,52.0,1
SYN-00022,28.0,0,1,37.0,10.0,47.0,15.0,3.0,3,1,7.0,1,1,5.0,0,46.0,27.2,13.0,nicotine,0,sham,15,1,0,28.1,0
SYN-00023,45.0,0,2,55.0,11.0,59.0,27.0,21.0,3,0,10.0,0,1,3.3,0,53.0,36.7,11.0,opioid,0,sham,16,0,1,6.54,0
SYN-00024,44.0,0,1,50.0,9.0,60.0,22.0,16.0,2,1,8.0,0,0,4.2,0,60.0,29.9,15.0,nicotine,1,L-DLPFC iTBS,18,1,0,52.0,1
SYN-00025,40.0,0,0,49.0,11.0,79.0,19.0,8.0,2,1,12.0,1,0,5.8,0,53.0,26.8,12.0,nicotine,1,mPFC/ACC deep TMS,14,1,0,19.62,0
SYN-00026,22.0,0,1,53.0,12.0,39.0,0.0,3.0,5,0,7.0,0,0,5.7,0,45.0,23.8,16.0,methamphetamine,1,mPFC/ACC deep TMS,16,0,1,35.95,0
SYN-00027,36.0,0,1,33.0,10.0,60.0,4.0,8.0,1,0,11.0,0,0,4.5,0,31.0,25.2,16.0,alcohol,0,sham,14,0,1,12.59,0
SYN-00028,41.0,0,2,55.0,11.0,48.0,9.0,13.0,4,0,10.0,0,0,3.4,0,38.0,31.0,12.0,nicotine,1,L-DLPFC iTBS,12,0,1,27.6,0
SYN-00029,43.0,0,1,53.0,7.0,51.0,11.0,10.0,1,0,14.0,0,1,3.8,0,52.0,33.2,13.0,opioid,0,sham,19,0,0,26.68,0
SYN-00030,25.0,0,1,36.0,9.0,81.0,9.0,6.0,0,0,7.0,0,0,2.7,0,47.0,25.7,13.0,nicotine,1,L-DLPFC iTBS,13,1,0,52.0,1
SYN-00031,37.0,0,1,51.0,16.0,68.0,14.0,16.0,2,0,12.0,0,1,2.4,0,49.0,25.7,16.0,nicotine,1,L-DLPFC 10Hz,16,1,0,52.0,1
SYN-00032,31.0,0,0,69.0,12.0,55.0,15.0,8.0,2,0,15.0,1,0,3.8,1,76.0,38.3,14.0,nicotine,1,L-DLPFC iTBS,14,0,1,2.82,0
SYN-00033,33.0,0,2,47.0,15.0,65.0,11.0,8.0,0,1,6.0,1,1,5.0,0,54.0,29.4,14.0,methamphetamine,0,sham,19,1,0,41.1,0
SYN-00034,54.0,0,1,58.0,16.0,59.0,14.0,18.0,0,1,13.0,0,0,5.8,0,45.0,32.8,18.0,cocaine,1,mPFC/ACC deep TMS,16,1,0,51.94,0
SYN-00035,33.0,0,1,49.0,11.0,75.0,18.0,9.0,2,0,9.0,1,0,6.5,0,61.0,28.5,14.0,opioid,0,sham,17,0,1,19.14,0
SYN-00036,42.0,0,2,43.0,13.0,49.0,8.0,16.0,0,0,8.0,0,1,4.4,0,60.0,23.6,14.0,alcohol,0,sham,19,0,0,38.43,0
SYN-00037,52.0,0,1,42.0,9.0,64.0,9.0,25.0,0,1,6.0,0,1,5.4,0,49.0,26.5,13.0,alcohol,1,mPFC/ACC deep TMS,18,1,1,11.23,0
SYN-00038,36.0,0,2,47.0,11.0,54.0,13.0,6.0,4,0,11.0,0,1,2.2,0,53.0,21.0,14.0,cocaine,0,sham,19,0,1,8.92,0
SYN-00039,41.0,0,1,66.0,12.0,60.0,17.0,19.0,2,0,10.0,1,1,5.0,0,51.0,25.8,11.0,alcohol,1,L-DLPFC iTBS,14,1,0,52.0,1
SYN-00040,43.0,0,2,61.0,17.0,57.0,7.0,7.0,3,1,11.0,1,0,7.0,1,48.0,24.6,16.0,opioid,0,sham,18,1,1,15.5,0
SYN-00041,43.0,0,2,44.0,17.0,47.0,0.0,21.0,0,0,13.0,1,0,5.4,0,41.0,25.6,11.0,methamphetamine,1,L-DLPFC 10Hz,18,1,0,52.0,1
SYN-00042,29.0,0,4,63.0,13.0,61.0,8.0,4.0,2,0,2.0,0,1,6.2,0,58.0,24.0,10.0,opioid,0,sham,19,1,1,2.73,0
SYN-00043,43.0,0,2,50.0,17.0,73.0,22.0,14.0,1,1,14.0,0,0,5.5,0,56.0,20.9,15.0,cocaine,0,sham,18,0,1,4.67,0
SYN-00044,57.0,0,0,44.0,5.0,47.0,0.0,31.0,2,1,19.0,0,1,5.6,0,42.0,29.1,16.0,alcohol,1,L-DLPFC 10Hz,19,0,1,16.54,0
SYN-00045,25.0,1,0,56.0,11.0,53.0,21.0,3.0,2,0,11.0,1,1,5.8,0,52.0,30.6,14.0,alcohol,0,sham,14,1,0,52.0,1
SYN-00046,51.0,0,1,42.0,8.0,62.0,11.0,10.0,1,0,9.0,0,0,3.2,0,43.0,29.4,12.0,methamphetamine,1,L-DLPFC 10Hz,5,0,1,43.12,0
SYN-00047,43.0,1,3,35.0,16.0,44.0,13.0,17.0,3,0,10.0,1,1,4.1,0,40.0,35.4,9.0,nicotine,0,sham,18,1,1,27.9,0
SYN-00048,35.0,1,1,66.0,14.0,74.0,12.0,12.0,0,0,15.0,1,0,6.0,0,53.0,34.4,15.0,methamphetamine,0,sham,18,0,1,7.06,0
SYN-00049,64.0,0,1,33.0,13.0,66.0,21.0,24.0,1,0,19.0,0,0,3.9,0,48.0,27.9,12.0,cocaine,1,L-DLPFC iTBS,6,0,0,9.61,0
SYN-00050,50.0,0,1,58.0,7.0,23.0,8.0,22.0,1,1,9.0,0,0,5.9,0,48.0,30.7,14.0,methamphetamine,1,L-DLPFC iTBS,20,1,1,44.17,0
SYN-00051,29.0,0,0,35.0,11.0,45.0,15.0,9.0,1,0,0.0,1,0,3.8,0,50.0,30.8,12.0,alcohol,0,sham,8,1,0,52.0,1
SYN-00052,43.0,0,2,51.0,15.0,41.0,0.0,6.0,0,0,12.0,0,0,4.2,0,53.0,33.5,15.0,opioid,0,sham,17,0,1,33.8,0
SYN-00053,48.0,0,0,50.0,13.0,71.0,23.0,20.0,1,1,11.0,0,0,3.6,0,54.0,26.4,12.0,cocaine,0,sham,19,0,1,0.1,0
SYN-00054,40.0,0,1,47.0,3.0,72.0,5.0,14.0,4,0,11.0,1,1,5.7,0,42.0,38.1,14.0,nicotine,0,sham,20,0,1,9.19,0
SYN-00055,50.0,0,1,33.0,11.0,36.0,8.0,17.0,1,1,9.0,0,0,5.1,0,49.0,29.3,13.0,alcohol,0,sham,19,0,0,15.72,0
SYN-00056,41.0,0,1,51.0,16.0,47.0,17.0,9.0,0,0,4.0,0,0,1.9,0,54.0,35.3,13.0,alcohol,0,sham,15,0,1,14.22,0
SYN-00057,49.0,0,5,51.0,18.0,57.0,13.0,15.0,4,1,12.0,1,0,3.1,0,38.0,24.8,12.0,methamphetamine,0,sham,14,1,1,2.95,0
SYN-00058,58.0,0,1,42.0,13.0,51.0,17.0,21.0,1,0,8.0,1,1,3.2,0,50.0,27.4,16.0,alcohol,0,sham,15,0,0,52.0,1
SYN-00059,35.0,0,0,51.0,7.0,69.0,18.0,13.0,1,0,12.0,0,1,5.1,0,39.0,23.1,10.0,cocaine,0,sham,14,1,0,1.77,0
SYN-00060,44.0,0,1,63.0,15.0,75.0,19.0,19.0,1,0,10.0,0,0,4.8,0,48.0,28.9,15.0,methamphetamine,1,L-DLPFC 10Hz,11,0,1,8.31,0
SYN-00061,37.0,0,1,44.0,15.0,66.0,10.0,11.0,1,0,8.0,1,0,2.3,0,55.0,26.7,11.0,alcohol,0,sham,6,0,1,44.62,0
SYN-00062,43.0,0,1,54.0,11.0,76.0,26.0,11.0,4,0,5.0,1,1,5.1,0,51.0,25.9,13.0,alcohol,1,L-DLPFC iTBS,18,1,0,52.0,1
SYN-00063,29.0,0,0,39.0,13.0,71.0,26.0,9.0,2,0,15.0,0,1,6.0,0,48.0,32.9,16.0,alcohol,1,mPFC/ACC deep TMS,17,1,1,8.28,0
SYN-00064,36.0,0,1,56.0,12.0,58.0,11.0,5.0,0,0,11.0,0,0,4.6,0,49.0,26.6,11.0,nicotine,0,sham,14,1,0,52.0,1
SYN-00065,40.0,0,1,59.0,15.0,52.0,7.0,11.0,2,0,13.0,1,0,5.1,0,41.0,30.3,16.0,opioid,0,sham,19,0,1,0.27,0
SYN-00066,52.0,0,1,79.0,21.0,51.0,15.0,16.0,1,0,18.0,0,0,7.0,0,58.0,23.6,12.0,opioid,1,mPFC/ACC deep TMS,1,0,1,0.25,0
SYN-00067,55.0,0,2,62.0,13.0,73.0,12.0,21.0,2,0,14.0,1,1,4.3,0,40.0,21.6,15.0,nicotine,0,sham,16,0,0,6.37,0
SYN-00068,27.0,0,2,56.0,24.0,73.0,19.0,3.0,1,0,12.0,1,1,4.0,0,34.0,39.2,15.0,alcohol,1,L-DLPFC 10Hz,11,1,0,30.76,0
SYN-00069,33.0,1,0,67.0,17.0,76.0,25.0,8.0,4,1,4.0,0,1,5.0,0,45.0,32.1,16.0,alcohol,0,sham,13,1,0,33.82,0
SYN-00070,49.0,0,2,41.0,13.0,51.0,18.0,11.0,4,0,15.0,1,1,4.5,0,42.0,31.1,13.0,alcohol,1,L-DLPFC 10Hz,8,1,1,18.35,0
SYN-00071,22.0,0,2,63.0,13.0,54.0,25.0,1.0,5,0,15.0,1,0,3.0,0,52.0,24.3,14.0,alcohol,0,sham,18,0,1,0.1,0
SYN-00072,37.0,0,3,46.0,12.0,61.0,19.0,17.0,1,0,7.0,1,0,4.1,0,45.0,31.2,12.0,alcohol,0,sham,19,0,0,21.61,0
SYN-00073,41.0,0,1,45.0,11.0,77.0,11.0,18.0,2,0,6.0,0,0,3.1,0,40.0,29.2,14.0,alcohol,1,L-DLPFC iTBS,8,0,1,30.9,0
SYN-00074,56.0,0,1,64.0,10.0,66.0,10.0,18.0,2,1,13.0,0,0,6.4,0,39.0,29.1,13.0,nicotine,1,mPFC/ACC deep TMS,19,1,0,52.0,1
SYN-00075,50.0,0,3,54.0,8.0,62.0,20.0,22.0,3,0,11.0,0,1,3.0,0,39.0,34.6,15.0,alcohol,0,sham,17,1,1,39.5,0
SYN-00076,38.0,0,1,66.0,17.0,47.0,27.0,8.0,0,0,17.0,0,0,6.5,1,35.0,36.7,19.0,alcohol,0,sham,17,0,1,6.67,0
SYN-00077,38.0,0,1,36.0,10.0,63.0,13.0,17.0,0,0,6.0,1,0,3.8,0,47.0,32.5,15.0,alcohol,1,mPFC/ACC deep TMS,17,1,0,52.0,1
SYN-00078,39.0,0,1,55.0,5.0,67.0,10.0,14.0,2,0,11.0,0,0,2.8,1,61.0,24.9,11.0,opioid,0,sham,8,0,1,2.62,0
SYN-00079,59.0,0,1,46.0,5.0,42.0,22.0,22.0,1,0,13.0,1,0,4.2,0,41.0,25.3,13.0,alcohol,1,mPFC/ACC deep TMS,15,1,0,52.0,1
SYN-00080,37.0,0,0,49.0,12.0,85.0,19.0,8.0,2,1,13.0,0,0,6.5,0,41.0,29.7,13.0,alcohol,0,sham,20,1,0,52.0,1
SYN-00081,39.0,0,1,33.0,10.0,41.0,17.0,11.0,4,1,6.0,1,0,4.8,0,46.0,22.9,10.0,alcohol,0,sham,18,0,0,5.58,0
SYN-00082,46.0,0,4,62.0,17.0,74.0,26.0,21.0,2,1,7.0,0,1,6.3,0,46.0,26.1,11.0,alcohol,1,L-DLPFC 10Hz,20,1,1,6.01,0
SYN-00083,41.0,0,2,54.0,9.0,55.0,7.0,17.0,0,0,10.0,0,1,5.5,0,47.0,24.4,14.0,alcohol,1,L-DLPFC 10Hz,18,1,0,52.0,1
SYN-00084,40.0,0,1,41.0,13.0,59.0,12.0,6.0,3,1,18.0,0,0,5.0,0,58.0,31.5,11.0,alcohol,1,L-DLPFC 10Hz,14,1,0,49.8,0
SYN-00085,30.0,0,4,37.0,10.0,44.0,8.0,11.0,2,0,8.0,0,1,3.9,0,47.0,34.4,18.0,alcohol,0,sham,12,0,0,52.0,1
SYN-00086,42.0,0,1,42.0,10.0,48.0,17.0,14.0,4,0,9.0,0,0,5.6,0,48.0,30.0,10.0,nicotine,0,sham,7,1,0,1.33,0
SYN-00087,37.0,0,1,67.0,16.0,72.0,22.0,16.0,3,1,15.0,0,0,4.5,0,48.0,33.8,13.0,alcohol,0,sham,19,0,1,5.12,0
SYN-00088,55.0,0,1,51.0,17.0,55.0,10.0,11.0,2,0,13.0,0,0,3.9,0,39.0,27.9,17.0,methamphetamine,0,sham,19,0,1,42.42,0
SYN-00089,49.0,0,0,48.0,15.0,52.0,18.0,25.0,2,1,16.0,0,0,4.4,0,40.0,29.6,14.0,opioid,0,sham,19,0,1,9.39,0
SYN-00090,42.0,0,2,57.0,17.0,73.0,4.0,15.0,3,0,9.0,0,0,5.3,0,30.0,31.0,15.0,nicotine,0,sham,19,1,1,9.39,0
SYN-00091,49.0,0,2,52.0,11.0,69.0,20.0,10.0,1,0,9.0,1,0,4.9,0,42.0,26.6,9.0,cocaine,1,L-DLPFC iTBS,12,1,0,52.0,1
SYN-00092,38.0,0,2,54.0,13.0,61.0,18.0,5.0,2,1,14.0,0,0,6.0,0,42.0,31.9,13.0,alcohol,1,L-DLPFC 10Hz,19,1,0,52.0,1
SYN-00093,54.0,0,2,60.0,11.0,63.0,16.0,15.0,3,1,11.0,0,1,7.0,0,47.0,26.0,10.0,alcohol,1,mPFC/ACC deep TMS,17,1,0,0.43,0
SYN-00094,42.0,0,1,55.0,12.0,86.0,9.0,20.0,1,0,11.0,0,0,5.2,0,56.0,23.3,12.0,methamphetamine,1,L-DLPFC iTBS,18,1,1,15.42,0
SYN-00095,48.0,0,0,61.0,14.0,57.0,14.0,20.0,1,0,8.0,0,0,5.4,0,31.0,30.8,14.0,nicotine,0,sham,16,0,0,2.75,0
SYN-00096,28.0,0,4,39.0,9.0,62.0,7.0,5.0,1,0,8.0,0,0,5.5,1,54.0,33.1,12.0,cocaine,1,L-DLPFC 10Hz,20,1,1,31.54,0
SYN-00097,46.0,0,1,53.0,16.0,65.0,27.0,13.0,2,0,9.0,1,1,5.1,0,62.0,36.5,15.0,opioid,1,L-DLPFC 10Hz,19,0,1,8.98,0
SYN-00098,23.0,0,1,48.0,14.0,36.0,8.0,4.0,5,1,9.0,1,0,4.4,0,47.0,20.4,11.0,cocaine,1,L-DLPFC iTBS,17,0,1,6.46,0
SYN-00099,22.0,0,1,53.0,16.0,28.0,7.0,2.0,0,0,9.0,1,1,3.7,0,49.0,31.8,14.0,nicotine,0,sham,18,0,0,32.68,0
SYN-00100,39.0,0,1,51.0,14.0,60.0,14.0,6.0,2,1,10.0,1,0,4.0,0,61.0,36.5,12.0,alcohol,1,L-DLPFC 10Hz,13,0,1,18.53,0
SYN-00101,32.0,0,2,45.0,16.0,71.0,21.0,9.0,2,1,10.0,0,1,3.5,0,54.0,32.4,11.0,alcohol,0,sham,13,0,0,6.06,0
SYN-00102,44.0,0,0,48.0,13.0,61.0,16.0,15.0,4,1,15.0,1,1,5.4,0,51.0,27.3,11.0,opioid,1,L-DLPFC 10Hz,17,1,1,25.72,0
SYN-00103,67.0,0,1,62.0,19.0,51.0,17.0,40.0,2,1,18.0,0,1,2.8,0,41.0,19.5,12.0,cocaine,1,L-DLPFC iTBS,13,0,1,8.15,0
SYN-00104,33.0,0,2,46.0,14.0,47.0,5.0,5.0,1,1,10.0,1,0,4.4,0,44.0,32.5,16.0,alcohol,0,sham,19,0,0,52.0,1
SYN-00105,35.0,0,2,38.0,13.0,69.0,25.0,12.0,1,0,16.0,1,0,3.6,0,54.0,20.5,11.0,opioid,0,sham,20,0,1,0.51,0
SYN-00106,44.0,0,0,58.0,14.0,54.0,10.0,20.0,3,0,13.0,0,0,3.5,0,56.0,33.6,14.0,alcohol,1,L-DLPFC 10Hz,19,0,1,0.16,0
SYN-00107,47.0,0,3,62.0,11.0,34.0,16.0,17.0,1,1,4.0,0,0,5.2,0,49.0,23.1,9.0,opioid,1,L-DLPFC iTBS,20,1,0,52.0,1
SYN-00108,40.0,0,1,49.0,8.0,69.0,19.0,17.0,7,0,12.0,0,0,4.7,0,59.0,28.3,15.0,alcohol,1,L-DLPFC iTBS,20,1,1,13.74,0
SYN-00109,40.0,0,2,53.0,20.0,62.0,24.0,18.0,2,1,6.0,0,1,5.6,0,61.0,20.8,12.0,alcohol,1,L-DLPFC iTBS,19,1,0,13.39,0
SYN-00110,50.0,0,2,43.0,13.0,63.0,15.0,23.0,3,0,15.0,1,0,3.5,0,33.0,29.1,12.0,opioid,1,L-DLPFC iTBS,16,0,1,12.12,0
SYN-00111,48.0,1,1,50.0,15.0,74.0,7.0,11.0,2,0,9.0,1,1,3.9,0,46.0,36.0,14.0,opioid,0,sham,20,1,1,44.42,0
SYN-00112,31.0,0,0,64.0,15.0,81.0,11.0,4.0,3,0,17.0,1,0,4.5,0,44.0,30.0,13.0,nicotine,0,sham,19,0,1,6.72,0
SYN-00113,41.0,0,2,61.0,13.0,68.0,15.0,14.0,3,1,17.0,1,0,5.2,0,51.0,28.8,14.0,methamphetamine,1,L-DLPFC 10Hz,17,0,1,4.91,0
SYN-00114,42.0,0,3,54.0,24.0,56.0,25.0,21.0,2,1,10.0,0,1,5.1,0,69.0,28.0,13.0,alcohol,1,mPFC/ACC deep TMS,7,0,1,19.0,0
SYN-00115,30.0,0,3,49.0,9.0,24.0,5.0,10.0,3,1,8.0,0,0,6.1,0,42.0,25.2,14.0,alcohol,1,L-DLPFC iTBS,18,1,1,19.83,0
SYN-00116,45.0,0,0,34.0,10.0,60.0,16.0,15.0,1,0,14.0,0,0,3.2,0,42.0,33.5,10.0,methamphetamine,1,mPFC/ACC deep TMS,20,1,0,52.0,1
SYN-00117,33.0,1,2,55.0,14.0,56.0,24.0,10.0,4,0,9.0,0,0,4.3,0,54.0,20.9,12.0,methamphetamine,1,L-DLPFC 10Hz,17,1,1,27.31,0
SYN-00118,53.0,1,1,57.0,10.0,80.0,15.0,16.0,4,1,11.0,1,1,3.6,0,41.0,24.2,13.0,cocaine,0,sham,18,0,1,12.64,0
SYN-00119,44.0,0,2,63.0,11.0,80.0,21.0,17.0,2,0,15.0,0,1,6.4,1,45.0,28.1,10.0,alcohol,0,sham,14,0,1,0.19,0
SYN-00120,43.0,0,2,74.0,15.0,69.0,19.0,7.0,4,1,12.0,0,1,2.4,0,57.0,21.5,14.0,cocaine,1,L-DLPFC iTBS,14,1,1,15.97,0
SYN-00121,35.0,0,3,56.0,13.0,80.0,15.0,14.0,1,0,14.0,0,1,3.4,0,60.0,20.1,14.0,alcohol,1,L-DLPFC iTBS,18,1,0,52.0,1
SYN-00122,41.0,0,1,62.0,13.0,59.0,17.0,19.0,1,1,19.0,1,0,5.6,1,62.0,27.8,11.0,alcohol,1,L-DLPFC iTBS,18,1,0,52.0,1
SYN-00123,22.0,0,3,40.0,14.0,56.0,22.0,3.0,0,1,12.0,1,0,3.5,0,57.0,20.3,13.0,opioid,0,sham,12,0,1,6.8,0
SYN-00124,30.0,1,2,65.0,12.0,47.0,20.0,4.0,2,0,15.0,1,0,2.2,0,46.0,37.0,14.0,alcohol,0,sham,19,0,1,7.67,0
SYN-00125,46.0,0,4,61.0,16.0,55.0,12.0,12.0,0,0,10.0,0,1,6.1,0,48.0,33.2,12.0,alcohol,0,sham,19,0,0,52.0,1
SYN-00126,22.0,0,1,67.0,21.0,64.0,30.0,3.0,2,0,3.0,1,1,5.3,0,59.0,36.2,14.0,nicotine,1,mPFC/ACC deep TMS,19,1,0,0.3,0
SYN-00127,51.0,0,2,59.0,18.0,76.0,21.0,15.0,0,0,12.0,0,1,3.7,0,45.0,36.0,15.0,cocaine,0,sham,18,0,0,37.18,0
SYN-00128,23.0,0,1,57.0,10.0,47.0,10.0,4.0,2,0,12.0,0,0,3.3,0,54.0,33.8,11.0,alcohol,1,L-DLPFC 10Hz,18,0,1,3.36,0
SYN-00129,50.0,0,0,68.0,6.0,73.0,12.0,26.0,1,0,14.0,0,1,4.1,1,44.0,24.6,15.0,opioid,1,L-DLPFC iTBS,16,0,1,21.85,0
SYN-00130,33.0,0,0,45.0,15.0,94.0,14.0,11.0,2,1,11.0,1,0,3.6,0,56.0,32.4,16.0,methamphetamine,0,sham,19,0,0,24.06,0
SYN-00131,51.0,1,1,59.0,16.0,38.0,17.0,15.0,2,0,10.0,0,0,3.6,0,54.0,32.2,12.0,alcohol,0,sham,17,0,1,4.01,0
SYN-00132,43.0,0,4,64.0,13.0,56.0,0.0,16.0,2,0,10.0,1,0,5.2,0,38.0,30.3,15.0,alcohol,0,sham,8,0,1,8.74,0
SYN-00133,25.0,1,0,44.0,16.0,57.0,13.0,6.0,0,0,11.0,1,1,3.6,0,45.0,25.7,9.0,opioid,0,sham,12,0,1,8.33,0
SYN-00134,56.0,0,1,40.0,10.0,72.0,7.0,27.0,1,1,8.0,1,0,4.3,1,44.0,17.0,8.0,nicotine,1,L-DLPFC 10Hz,10,1,0,38.94,0
SYN-00135,58.0,0,0,57.0,15.0,90.0,20.0,31.0,3,0,7.0,1,0,3.6,1,55.0,31.8,13.0,cocaine,0,sham,10,0,1,7.33,0
SYN-00136,41.0,0,3,53.0,10.0,78.0,18.0,19.0,5,1,12.0,1,0,5.4,0,46.0,28.1,11.0,alcohol,0,sham,19,0,1,29.01,0
SYN-00137,39.0,0,3,59.0,16.0,59.0,5.0,13.0,1,0,12.0,1,1,4.2,0,31.0,33.0,15.0,opioid,1,L-DLPFC 10Hz,20,0,1,20.15,0
SYN-00138,40.0,0,0,59.0,13.0,46.0,5.0,15.0,3,0,14.0,0,1,5.7,0,48.0,21.5,17.0,opioid,0,sham,19,0,1,45.89,0
SYN-00139,31.0,0,2,44.0,10.0,56.0,24.0,8.0,2,0,9.0,1,1,3.0,0,50.0,23.8,13.0,opioid,1,L-DLPFC 10Hz,11,0,1,15.79,0
SYN-00140,54.0,0,1,56.0,18.0,58.0,11.0,32.0,0,0,11.0,1,0,3.7,0,38.0,22.1,12.0,opioid,0,sham,10,1,0,52.0,1
SYN-00141,36.0,1,1,64.0,16.0,64.0,16.0,6.0,1,0,9.0,1,1,4.0,0,59.0,28.5,15.0,alcohol,1,L-DLPFC iTBS,6,0,1,33.8,0
SYN-00142,41.0,0,2,48.0,7.0,44.0,10.0,6.0,4,1,10.0,0,1,4.6,0,58.0,31.8,15.0,nicotine,1,L-DLPFC 10Hz,20,0,1,13.63,0
SYN-00143,33.0,1,3,49.0,15.0,82.0,26.0,12.0,2,0,14.0,1,0,4.0,0,37.0,28.5,14.0,opioid,0,sham,17,0,1,4.19,0
SYN-00144,35.0,0,1,40.0,14.0,45.0,21.0,13.0,3,1,16.0,1,0,7.0,0,49.0,36.6,11.0,cocaine,0,sham,20,0,1,21.63,0
SYN-00145,28.0,1,1,61.0,12.0,70.0,24.0,6.0,0,1,11.0,0,0,3.7,0,30.0,34.7,14.0,nicotine,0,sham,17,0,1,10.43,0
SYN-00146,56.0,1,1,73.0,16.0,65.0,20.0,10.0,4,0,14.0,0,1,3.8,0,41.0,32.1,14.0,alcohol,1,mPFC/ACC deep TMS,11,0,1,0.49,0
SYN-00147,40.0,0,0,37.0,11.0,39.0,15.0,10.0,2,0,8.0,0,0,3.0,1,38.0,34.6,10.0,alcohol,1,L-DLPFC iTBS,7,0,1,3.29,0
SYN-00148,53.0,0,4,60.0,14.0,60.0,6.0,28.0,0,1,7.0,1,0,3.9,0,47.0,26.0,12.0,nicotine,0,sham,18,0,0,52.0,1
SYN-00149,42.0,0,2,62.0,16.0,60.0,25.0,8.0,0,1,10.0,1,0,7.0,1,49.0,30.2,15.0,cocaine,1,L-DLPFC 10Hz,17,1,1,23.16,0
SYN-00150,34.0,0,0,46.0,15.0,54.0,10.0,4.0,2,0,10.0,0,1,4.9,0,50.0,36.0,12.0,methamphetamine,0,sham,20,1,0,52.0,1
SYN-00151,38.0,0,0,48.0,11.0,70.0,10.0,18.0,3,1,10.0,0,1,3.4,0,44.0,25.5,10.0,methamphetamine,0,sham,15,0,1,27.1,0
SYN-00152,36.0,0,3,41.0,19.0,49.0,10.0,11.0,5,0,8.0,0,0,5.8,0,44.0,33.7,14.0,alcohol,1,mPFC/ACC deep TMS,20,1,0,0.2,0
SYN-00153,42.0,0,1,44.0,9.0,97.0,17.0,8.0,2,0,12.0,1,0,4.1,0,52.0,37.6,15.0,methamphetamine,1,L-DLPFC 10Hz,20,1,0,52.0,1
SYN-00154,38.0,0,0,54.0,12.0,76.0,21.0,10.0,1,0,15.0,0,1,5.1,0,44.0,33.7,12.0,alcohol,0,sham,4,0,1,47.12,0
SYN-00155,39.0,0,1,59.0,22.0,45.0,18.0,17.0,4,0,10.0,1,0,3.0,0,60.0,41.4,13.0,alcohol,0,sham,8,0,1,0.95,0
SYN-00156,27.0,1,1,53.0,22.0,19.0,17.0,7.0,2,1,13.0,0,0,3.7,0,47.0,27.1,14.0,methamphetamine,1,mPFC/ACC deep TMS,16,0,1,19.0,0
SYN-00157,33.0,0,1,61.0,15.0,79.0,18.0,6.0,2,0,14.0,0,0,6.1,0,47.0,29.1,11.0,alcohol,0,sham,19,0,1,0.14,0
SYN-00158,60.0,0,3,54.0,13.0,62.0,11.0,32.0,3,0,15.0,1,1,4.5,1,53.0,25.0,14.0,nicotine,1,L-DLPFC 10Hz,13,0,1,20.62,0
SYN-00159,35.0,0,1,40.0,7.0,58.0,13.0,8.0,3,1,13.0,1,1,4.8,0,45.0,35.3,16.0,opioid,0,sham,20,0,1,0.25,0
SYN-00160,30.0,0,1,68.0,20.0,45.0,3.0,4.0,2,1,16.0,0,0,4.8,0,56.0,30.5,15.0,nicotine,1,mPFC/ACC deep TMS,9,0,1,7.41,0
SYN-00161,46.0,0,0,65.0,16.0,37.0,5.0,17.0,4,0,12.0,1,0,5.5,0,55.0,29.5,13.0,opioid,1,L-DLPFC iTBS,18,0,1,2.13,0
SYN-00162,57.0,0,0,45.0,9.0,28.0,24.0,19.0,3,0,7.0,0,1,3.8,0,51.0,36.3,12.0,nicotine,1,L-DLPFC 10Hz,19,1,0,18.27,0
SYN-00163,26.0,0,0,71.0,18.0,100.0,17.0,6.0,1,0,9.0,0,1,3.0,0,39.0,25.5,18.0,nicotine,1,L-DLPFC 10Hz,8,0,0,2.63,0
SYN-00164,40.0,0,1,57.0,19.0,84.0,16.0,18.0,4,0,10.0,1,0,4.2,0,47.0,31.0,9.0,alcohol,0,sham,17,0,1,2.69,0
SYN-00165,35.0,0,2,54.0,16.0,50.0,18.0,15.0,0,0,8.0,0,0,5.6,0,46.0,34.7,13.0,nicotine,0,sham,19,0,1,19.89,0
SYN-00166,23.0,0,2,73.0,25.0,91.0,23.0,4.0,1,0,10.0,1,1,3.8,0,50.0,20.1,12.0,nicotine,0,sham,9,0,1,0.78,0
SYN-00167,50.0,0,2,33.0,14.0,26.0,14.0,15.0,2,1,10.0,1,1,5.9,0,50.0,31.8,11.0,nicotine,0,sham,15,0,0,52.0,1
SYN-00168,42.0,0,1,35.0,12.0,67.0,10.0,11.0,1,0,10.0,0,0,2.7,0,46.0,33.2,13.0,cocaine,0,sham,16,0,1,1.52,0
SYN-00169,43.0,0,1,60.0,15.0,70.0,9.0,9.0,1,1,10.0,1,0,3.6,0,47.0,22.0,13.0,nicotine,0,sham,8,0,0,7.57,0
SYN-00170,34.0,0,2,50.0,15.0,44.0,22.0,9.0,0,1,12.0,0,0,3.2,0,47.0,36.8,16.0,cocaine,1,L-DLPFC 10Hz,11,1,1,0.94,0
SYN-00171,47.0,0,2,42.0,16.0,49.0,8.0,21.0,2,1,17.0,0,0,2.2,1,41.0,31.2,17.0,nicotine,0,sham,17,0,1,4.89,0
SYN-00172,36.0,0,1,68.0,19.0,44.0,11.0,5.0,6,1,9.0,1,1,6.8,0,46.0,26.8,16.0,opioid,0,sham,19,0,0,22.87,0
SYN-00173,40.0,1,2,57.0,18.0,60.0,17.0,7.0,2,1,10.0,0,1,4.3,0,43.0,29.4,14.0,alcohol,1,L-DLPFC iTBS,18,0,1,10.7,0
SYN-00174,30.0,1,1,39.0,12.0,77.0,5.0,8.0,3,0,7.0,1,1,7.0,0,48.0,27.2,12.0,alcohol,0,sham,7,1,0,15.79,0
SYN-00175,29.0,0,3,45.0,15.0,73.0,16.0,5.0,0,1,15.0,0,1,5.2,0,38.0,33.2,12.0,alcohol,0,sham,10,0,1,36.63,0
SYN-00176,57.0,0,1,61.0,19.0,66.0,11.0,24.0,4,1,15.0,1,0,3.1,1,63.0,35.7,17.0,opioid,1,L-DLPFC 10Hz,3,0,1,0.47,0
SYN-00177,36.0,0,1,71.0,16.0,79.0,23.0,11.0,1,0,8.0,1,0,5.9,0,57.0,30.5,14.0,nicotine,1,L-DLPFC 10Hz,12,1,1,13.62,0
SYN-00178,45.0,0,0,33.0,5.0,27.0,6.0,10.0,2,0,12.0,1,0,5.4,0,51.0,26.5,9.0,methamphetamine,0,sham,16,0,1,4.38,0
SYN-00179,42.0,0,1,55.0,20.0,91.0,4.0,20.0,3,0,7.0,1,1,6.9,0,44.0,26.9,12.0,nicotine,1,mPFC/ACC deep TMS,19,1,0,52.0,1
SYN-00180,37.0,0,3,48.0,15.0,57.0,20.0,10.0,3,1,12.0,1,0,5.5,0,52.0,29.4,10.0,methamphetamine,1,L-DLPFC 10Hz,19,1,0,52.0,1
SYN-00181,36.0,1,0,34.0,9.0,35.0,0.0,5.0,2,0,10.0,0,0,4.4,0,45.0,29.5,13.0,cocaine,1,mPFC/ACC deep TMS,20,1,0,2.63,0
SYN-00182,49.0,0,1,51.0,14.0,52.0,10.0,25.0,0,0,12.0,0,1,5.1,0,56.0,26.2,15.0,opioid,0,sham,14,0,1,5.27,0
SYN-00183,39.0,0,0,35.0,9.0,45.0,7.0,15.0,0,0,4.0,1,1,4.4,0,49.0,36.5,16.0,alcohol,1,L-DLPFC iTBS,19,1,0,52.0,1
SYN-00184,40.0,0,1,47.0,6.0,59.0,10.0,8.0,1,0,12.0,1,0,3.2,0,48.0,18.8,13.0,methamphetamine,1,L-DLPFC iTBS,20,0,1,9.26,0
SYN-00185,42.0,1,0,70.0,16.0,66.0,16.0,18.0,1,0,13.0,0,0,3.8,0,32.0,31.6,13.0,alcohol,0,sham,6,0,1,0.44,0
SYN-00186,55.0,1,2,58.0,9.0,22.0,15.0,12.0,0,1,16.0,1,0,5.7,0,42.0,37.1,13.0,cocaine,0,sham,20,0,1,0.96,0
SYN-00187,49.0,0,3,61.0,16.0,79.0,12.0,18.0,3,0,12.0,1,1,3.2,0,50.0,26.0,10.0,nicotine,0,sham,17,0,1,1.56,0
SYN-00188,46.0,0,1,59.0,14.0,87.0,16.0,19.0,4,0,12.0,0,0,5.6,0,38.0,38.7,12.0,alcohol,1,L-DLPFC 10Hz,18,1,1,15.74,0
SYN-00189,36.0,0,0,56.0,18.0,42.0,17.0,16.0,2,0,9.0,1,0,6.0,1,46.0,27.3,13.0,alcohol,0,sham,15,0,1,3.8,0
SYN-00190,27.0,0,4,63.0,15.0,83.0,23.0,8.0,1,1,14.0,1,1,4.5,0,55.0,32.9,14.0,alcohol,1,L-DLPFC iTBS,16,1,0,52.0,1
SYN-00191,52.0,0,1,40.0,13.0,76.0,24.0,28.0,4,0,14.0,0,1,4.2,0,60.0,31.3,14.0,alcohol,1,mPFC/ACC deep TMS,17,1,1,15.46,0
SYN-00192,53.0,0,0,48.0,12.0,74.0,20.0,30.0,4,0,14.0,0,0,5.5,0,44.0,24.3,13.0,nicotine,0,sham,19,0,1,2.44,0
SYN-00193,40.0,0,0,61.0,14.0,85.0,18.0,7.0,1,0,15.0,0,1,3.8,0,30.0,31.0,14.0,nicotine,0,sham,17,0,1,0.1,0
SYN-00194,48.0,0,1,45.0,7.0,35.0,6.0,8.0,6,0,11.0,0,0,5.5,0,48.0,30.0,10.0,alcohol,0,sham,7,1,1,9.0,0
SYN-00195,51.0,0,4,48.0,16.0,69.0,13.0,11.0,4,0,6.0,0,1,5.2,0,53.0,34.7,13.0,alcohol,1,L-DLPFC 10Hz,20,1,0,52.0,1
SYN-00196,51.0,0,3,65.0,16.0,44.0,19.0,23.0,0,1,13.0,1,0,4.2,0,35.0,31.7,13.0,alcohol,1,L-DLPFC 10Hz,16,0,1,4.69,0
SYN-00197,52.0,1,0,69.0,14.0,98.0,30.0,9.0,3,1,17.0,1,0,3.7,0,58.0,28.0,17.0,nicotine,1,L-DLPFC 10Hz,7,0,1,0.1,0
SYN-00198,37.0,0,1,46.0,13.0,42.0,26.0,7.0,1,0,15.0,0,0,3.4,0,47.0,33.3,12.0,cocaine,1,mPFC/ACC deep TMS,19,1,0,9.42,0
SYN-00199,59.0,0,0,44.0,10.0,37.0,3.0,12.0,2,0,9.0,0,0,4.4,0,61.0,40.3,16.0,opioid,1,L-DLPFC iTBS,19,0,0,36.79,0
SYN-00200,28.0,0,2,59.0,12.0,77.0,17.0,7.0,0,1,19.0,1,1,3.0,1,47.0,33.0,13.0,nicotine,0,sham,15,0,1,0.86,0
SYN-00201,51.0,0,0,55.0,15.0,68.0,17.0,23.0,1,0,16.0,0,0,4.3,0,49.0,28.7,14.0,cocaine,0,sham,17,0,1,15.67,0
SYN-00202,47.0,0,2,45.0,16.0,57.0,13.0,12.0,3,0,14.0,0,0,4.8,0,40.0,30.3,14.0,alcohol,0,sham,16,0,1,0.17,0
SYN-00203,52.0,0,1,59.0,14.0,61.0,7.0,14.0,3,1,9.0,0,0,4.0,0,54.0,29.9,15.0,alcohol,0,sham,19,0,1,9.52,0
SYN-00204,63.0,0,1,58.0,9.0,69.0,30.0,40.0,3,1,14.0,0,1,5.0,0,50.0,26.9,10.0,nicotine,1,L-DLPFC 10Hz,12,1,1,24.98,0
SYN-00205,58.0,0,2,53.0,11.0,86.0,30.0,21.0,2,0,15.0,1,1,5.7,0,43.0,21.6,9.0,alcohol,0,sham,18,0,1,4.05,0
SYN-00206,29.0,0,2,80.0,25.0,51.0,12.0,5.0,3,0,21.0,0,0,2.6,0,53.0,25.7,16.0,alcohol,0,sham,18,0,1,0.22,0
SYN-00207,23.0,0,2,67.0,13.0,51.0,10.0,3.0,4,1,11.0,0,0,4.3,0,44.0,37.5,15.0,alcohol,0,sham,19,0,1,3.81,0
SYN-00208,51.0,1,2,61.0,19.0,50.0,13.0,24.0,2,0,11.0,1,0,3.3,0,61.0,35.6,16.0,cocaine,1,L-DLPFC 10Hz,19,1,1,8.77,0
SYN-00209,31.0,0,2,63.0,15.0,59.0,6.0,8.0,2,0,16.0,1,1,3.5,0,53.0,31.9,13.0,opioid,0,sham,10,0,0,52.0,1
SYN-00210,42.0,0,1,80.0,21.0,62.0,13.0,7.0,3,0,17.0,1,1,3.9,0,48.0,31.7,16.0,cocaine,1,L-DLPFC iTBS,14,0,1,3.89,0
SYN-00211,51.0,0,4,64.0,15.0,39.0,17.0,14.0,2,1,15.0,1,0,5.6,1,47.0,38.2,9.0,alcohol,1,L-DLPFC 10Hz,16,0,1,14.93,0
SYN-00212,24.0,0,2,45.0,7.0,62.0,28.0,5.0,1,0,9.0,1,0,5.9,0,63.0,36.3,9.0,alcohol,1,mPFC/ACC deep TMS,18,1,0,52.0,1
SYN-00213,22.0,1,0,56.0,13.0,38.0,17.0,2.0,1,0,10.0,1,1,3.7,1,49.0,28.5,8.0,alcohol,0,sham,12,0,1,12.73,0
SYN-00214,45.0,0,3,53.0,21.0,53.0,23.0,10.0,1,0,13.0,1,0,4.4,0,52.0,29.8,16.0,methamphetamine,1,L-DLPFC 10Hz,13,0,1,0.1,0
SYN-00215,42.0,1,2,46.0,12.0,53.0,6.0,10.0,1,0,13.0,0,1,4.2,0,40.0,32.9,14.0,alcohol,0,sham,14,0,1,8.08,0
SYN-00216,39.0,0,2,55.0,16.0,55.0,0.0,15.0,1,1,15.0,1,0,4.1,0,54.0,26.4,14.0,alcohol,1,L-DLPFC iTBS,6,0,1,19.32,0
SYN-00217,42.0,1,3,55.0,13.0,82.0,30.0,20.0,1,0,9.0,1,0,6.4,0,49.0,31.5,12.0,opioid,1,L-DLPFC 10Hz,17,0,0,52.0,1
SYN-00218,33.0,0,4,52.0,13.0,84.0,21.0,12.0,2,0,6.0,1,1,5.6,1,42.0,31.6,11.0,alcohol,0,sham,13,0,0,52.0,1
SYN-00219,25.0,0,4,47.0,14.0,74.0,17.0,6.0,2,1,15.0,0,0,2.3,0,40.0,30.9,14.0,alcohol,1,L-DLPFC 10Hz,14,1,0,10.08,0
SYN-00220,40.0,0,2,61.0,17.0,85.0,30.0,18.0,5,0,12.0,0,1,4.9,0,57.0,31.1,11.0,alcohol,1,L-DLPFC 10Hz,16,1,1,14.11,0
SYN-00221,31.0,0,2,35.0,18.0,51.0,6.0,11.0,2,0,10.0,0,0,5.4,0,48.0,31.4,13.0,alcohol,0,sham,19,0,1,3.63,0
SYN-00222,24.0,0,3,61.0,15.0,82.0,12.0,5.0,2,0,15.0,0,0,3.0,0,53.0,30.5,13.0,nicotine,0,sham,13,0,1,0.36,0
SYN-00223,48.0,0,3,53.0,13.0,57.0,9.0,20.0,3,0,7.0,0,0,6.3,0,54.0,30.2,17.0,nicotine,1,L-DLPFC iTBS,17,1,1,15.7,0
SYN-00224,41.0,0,0,55.0,12.0,62.0,28.0,10.0,4,0,12.0,1,1,5.5,0,60.0,30.0,16.0,alcohol,1,L-DLPFC 10Hz,11,1,1,32.11,0
SYN-00225,46.0,0,2,33.0,5.0,60.0,22.0,25.0,4,1,9.0,1,0,6.6,0,59.0,28.4,14.0,nicotine,0,sham,19,1,0,52.0,1
SYN-00226,31.0,0,2,71.0,11.0,40.0,0.0,5.0,1,0,14.0,1,1,2.7,0,45.0,30.9,14.0,opioid,0,sham,12,0,1,12.1,0
SYN-00227,35.0,0,3,34.0,12.0,46.0,25.0,8.0,3,1,10.0,1,0,4.3,0,46.0,27.3,9.0,alcohol,1,L-DLPFC 10Hz,8,0,0,3.02,0
SYN-00228,31.0,0,2,43.0,5.0,54.0,14.0,10.0,5,0,13.0,0,0,3.6,0,32.0,29.3,15.0,alcohol,0,sham,17,0,1,0.21,0
SYN-00229,32.0,0,3,59.0,20.0,65.0,19.0,8.0,1,0,8.0,0,0,3.5,0,48.0,28.5,14.0,nicotine,0,sham,16,0,1,4.29,0
SYN-00230,44.0,0,3,46.0,15.0,55.0,8.0,7.0,1,0,10.0,0,1,3.7,0,50.0,30.8,14.0,nicotine,0,sham,14,0,0,52.0,1
SYN-00231,33.0,0,2,48.0,12.0,44.0,26.0,9.0,2,0,8.0,0,1,2.9,0,35.0,30.0,13.0,alcohol,1,L-DLPFC 10Hz,7,0,1,39.8,0
SYN-00232,46.0,1,3,33.0,6.0,37.0,14.0,23.0,3,1,14.0,1,0,4.7,0,48.0,25.2,13.0,methamphetamine,0,sham,17,0,1,32.86,0
SYN-00233,46.0,0,0,48.0,13.0,58.0,25.0,17.0,1,0,16.0,0,0,2.6,0,48.0,35.6,15.0,alcohol,0,sham,15,0,1,22.53,0
SYN-00234,64.0,0,4,55.0,14.0,40.0,4.0,34.0,2,1,12.0,0,1,5.6,0,47.0,22.5,13.0,alcohol,0,sham,17,0,0,52.0,1
SYN-00235,27.0,0,0,60.0,19.0,40.0,16.0,3.0,3,1,14.0,0,0,5.2,0,49.0,28.3,12.0,alcohol,1,mPFC/ACC deep TMS,19,1,1,5.88,0
SYN-00236,52.0,0,1,49.0,10.0,56.0,15.0,26.0,1,1,11.0,0,0,1.7,0,39.0,30.3,13.0,opioid,1,L-DLPFC iTBS,12,0,1,3.37,0
SYN-00237,41.0,0,1,55.0,13.0,61.0,14.0,11.0,4,0,10.0,0,0,3.4,0,48.0,28.8,13.0,cocaine,1,L-DLPFC 10Hz,20,1,0,52.0,1
SYN-00238,42.0,0,3,57.0,14.0,46.0,6.0,12.0,2,1,17.0,0,0,4.7,0,65.0,33.5,12.0,methamphetamine,0,sham,17,0,1,5.17,0
SYN-00239,26.0,0,3,45.0,11.0,28.0,3.0,6.0,0,1,11.0,1,0,7.0,0,47.0,31.3,10.0,alcohol,0,sham,18,1,0,52.0,1
SYN-00240,37.0,0,2,44.0,10.0,61.0,6.0,12.0,1,0,16.0,0,0,4.1,0,44.0,36.5,16.0,opioid,0,sham,15,0,1,10.83,0
SYN-00241,50.0,0,2,74.0,11.0,74.0,13.0,17.0,2,0,21.0,0,0,5.9,0,46.0,21.1,10.0,cocaine,0,sham,19,0,1,7.34,0
SYN-00242,41.0,0,0,43.0,6.0,50.0,13.0,11.0,1,0,7.0,0,0,7.0,0,60.0,31.1,16.0,alcohol,0,sham,19,0,0,52.0,1
SYN-00243,43.0,0,2,66.0,14.0,54.0,18.0,11.0,5,0,14.0,0,1,4.5,0,37.0,33.1,13.0,alcohol,1,L-DLPFC 10Hz,7,0,1,4.55,0
SYN-00244,39.0,0,0,53.0,13.0,21.0,0.0,17.0,1,1,11.0,0,1,3.0,0,63.0,30.4,13.0,opioid,0,sham,5,0,1,8.54,0
SYN-00245,55.0,0,0,68.0,20.0,75.0,10.0,23.0,2,0,14.0,0,1,2.8,0,43.0,20.8,13.0,nicotine,1,L-DLPFC 10Hz,11,0,1,5.43,0
SYN-00246,42.0,0,1,46.0,20.0,40.0,6.0,18.0,1,0,3.0,1,0,2.4,0,52.0,33.9,13.0,alcohol,0,sham,11,1,0,52.0,1
SYN-00247,22.0,0,1,58.0,20.0,70.0,5.0,3.0,3,1,14.0,1,0,4.6,0,54.0,32.8,11.0,alcohol,0,sham,14,0,0,52.0,1
SYN-00248,34.0,0,0,56.0,15.0,49.0,11.0,9.0,1,1,9.0,0,0,4.6,0,41.0,23.0,13.0,alcohol,0,sham,19,0,0,13.51,0
SYN-00249,22.0,0,1,50.0,20.0,55.0,12.0,3.0,3,1,13.0,0,1,3.6,0,45.0,32.2,12.0,cocaine,0,sham,13,0,1,13.09,0
SYN-00250,22.0,0,1,56.0,14.0,56.0,13.0,1.0,0,0,13.0,0,0,6.2,0,54.0,20.6,15.0,alcohol,0,sham,15,0,0,18.13,0
SYN-00251,36.0,0,3,44.0,10.0,28.0,12.0,10.0,5,0,14.0,0,0,3.8,0,47.0,32.4,10.0,alcohol,1,mPFC/ACC deep TMS,18,1,0,30.84,0
SYN-00252,57.0,0,1,52.0,21.0,100.0,30.0,27.0,1,1,12.0,0,1,4.6,0,35.0,29.5,12.0,opioid,0,sham,11,0,1,22.74,0
SYN-00253,43.0,0,2,48.0,9.0,32.0,16.0,19.0,3,1,12.0,1,0,5.7,0,52.0,28.7,12.0,alcohol,1,mPFC/ACC deep TMS,20,0,1,27.21,0
SYN-00254,29.0,0,2,61.0,14.0,61.0,17.0,7.0,3,0,11.0,0,0,5.4,0,38.0,28.9,17.0,cocaine,1,L-DLPFC iTBS,16,0,1,18.95,0
SYN-00255,32.0,1,1,52.0,12.0,45.0,17.0,8.0,1,1,6.0,0,1,5.2,0,52.0,26.1,14.0,opioid,1,L-DLPFC iTBS,19,0,1,51.12,0
SYN-00256,54.0,0,2,37.0,16.0,52.0,7.0,31.0,1,1,9.0,1,1,5.3,0,48.0,26.3,14.0,cocaine,1,L-DLPFC 10Hz,17,0,0,52.0,1
SYN-00257,44.0,0,0,48.0,11.0,79.0,12.0,10.0,1,0,10.0,0,0,4.9,0,36.0,32.3,16.0,nicotine,0,sham,2,1,0,3.47,0
SYN-00258,43.0,0,1,51.0,16.0,28.0,14.0,17.0,2,0,10.0,0,0,5.9,0,55.0,20.2,12.0,nicotine,0,sham,1,0,1,3.65,0
SYN-00259,41.0,0,0,43.0,10.0,54.0,18.0,12.0,3,0,12.0,0,0,5.8,0,49.0,32.2,11.0,cocaine,0,sham,13,0,1,15.5,0
SYN-00260,42.0,1,2,67.0,12.0,68.0,30.0,6.0,3,0,13.0,1,1,3.2,0,57.0,29.9,15.0,alcohol,1,mPFC/ACC deep TMS,20,0,1,6.7,0
SYN-00261,51.0,0,2,57.0,15.0,61.0,14.0,30.0,4,0,16.0,0,0,5.0,0,49.0,35.8,13.0,opioid,0,sham,11,0,1,1.01,0
SYN-00262,48.0,1,0,62.0,16.0,66.0,9.0,23.0,3,0,19.0,0,0,4.4,1,42.0,31.9,15.0,cocaine,1,L-DLPFC 10Hz,13,0,1,3.57,0
SYN-00263,44.0,0,0,44.0,8.0,45.0,14.0,21.0,4,0,8.0,1,1,4.2,0,32.0,39.8,18.0,alcohol,1,L-DLPFC 10Hz,20,1,0,11.5,0
SYN-00264,31.0,0,2,48.0,10.0,31.0,6.0,4.0,1,0,12.0,0,1,6.3,0,47.0,38.4,14.0,alcohol,0,sham,6,0,1,32.94,0
SYN-00265,48.0,0,3,63.0,13.0,39.0,4.0,24.0,0,0,14.0,1,0,4.6,0,39.0,28.0,15.0,cocaine,1,L-DLPFC 10Hz,10,0,0,52.0,1
SYN-00266,34.0,0,1,37.0,14.0,49.0,23.0,9.0,2,0,10.0,1,0,5.0,0,44.0,33.0,13.0,nicotine,0,sham,17,1,1,9.27,0
SYN-00267,54.0,0,1,56.0,16.0,70.0,30.0,16.0,3,0,14.0,1,1,5.8,0,30.0,25.7,13.0,nicotine,1,L-DLPFC iTBS,19,1,1,47.27,0
SYN-00268,28.0,0,1,53.0,14.0,59.0,18.0,6.0,2,0,4.0,1,0,3.3,0,32.0,31.9,14.0,cocaine,1,L-DLPFC iTBS,18,1,0,52.0,1
SYN-00269,40.0,0,2,47.0,14.0,83.0,15.0,18.0,2,1,14.0,0,1,3.9,0,48.0,31.2,17.0,nicotine,0,sham,11,0,1,3.58,0
SYN-00270,42.0,0,0,53.0,12.0,60.0,17.0,21.0,2,0,11.0,0,1,4.1,0,50.0,27.9,14.0,alcohol,0,sham,19,0,1,1.06,0
SYN-00271,27.0,0,2,41.0,13.0,59.0,14.0,5.0,1,0,5.0,0,0,3.4,0,64.0,34.9,16.0,nicotine,1,L-DLPFC 10Hz,7,1,0,20.25,0
SYN-00272,61.0,0,2,55.0,12.0,62.0,5.0,32.0,3,0,11.0,0,0,4.8,0,58.0,27.0,13.0,alcohol,1,L-DLPFC 10Hz,13,0,1,9.48,0
SYN-00273,58.0,0,2,39.0,6.0,28.0,15.0,32.0,0,1,17.0,0,0,3.5,0,39.0,31.1,12.0,nicotine,1,L-DLPFC 10Hz,18,1,1,7.8,0
SYN-00274,37.0,0,2,39.0,9.0,65.0,19.0,13.0,4,1,10.0,1,0,5.0,0,55.0,33.9,12.0,alcohol,0,sham,15,0,1,9.85,0
SYN-00275,50.0,0,2,68.0,17.0,43.0,21.0,29.0,1,0,20.0,1,0,4.4,0,46.0,27.9,14.0,methamphetamine,1,mPFC/ACC deep TMS,18,1,1,30.1,0
SYN-00276,46.0,1,1,45.0,12.0,51.0,9.0,15.0,2,0,19.0,1,0,4.6,0,33.0,25.8,13.0,alcohol,1,L-DLPFC iTBS,17,1,1,22.53,0
SYN-00277,22.0,0,0,33.0,14.0,93.0,22.0,1.0,2,0,12.0,0,0,5.3,0,52.0,28.9,12.0,methamphetamine,0,sham,5,0,1,0.2,0
SYN-00278,45.0,0,2,63.0,9.0,40.0,10.0,15.0,3,1,11.0,0,1,4.0,0,41.0,25.6,14.0,opioid,0,sham,18,1,1,19.42,0
SYN-00279,41.0,0,1,44.0,11.0,59.0,2.0,14.0,3,0,14.0,0,1,5.4,0,39.0,36.3,13.0,alcohol,0,sham,20,1,0,52.0,1
SYN-00280,43.0,0,2,33.0,11.0,60.0,30.0,19.0,1,0,15.0,0,1,4.3,0,39.0,31.5,16.0,nicotine,1,L-DLPFC 10Hz,15,1,1,3.02,0
SYN-00281,30.0,0,1,52.0,10.0,60.0,0.0,9.0,2,0,18.0,0,1,4.5,0,47.0,33.4,12.0,alcohol,1,L-DLPFC 10Hz,16,1,1,3.96,0
SYN-00282,39.0,0,0,63.0,16.0,60.0,6.0,6.0,2,0,14.0,0,1,4.3,0,45.0,27.8,17.0,alcohol,1,L-DLPFC 10Hz,20,1,0,52.0,1
SYN-00283,40.0,0,0,56.0,13.0,50.0,10.0,9.0,3,0,9.0,0,0,5.4,0,44.0,24.5,15.0,nicotine,0,sham,16,1,0,52.0,1
SYN-00284,55.0,0,2,71.0,13.0,93.0,10.0,13.0,1,1,18.0,0,1,4.6,1,47.0,31.7,16.0,alcohol,1,mPFC/ACC deep TMS,19,1,0,2.08,0
SYN-00285,46.0,0,1,51.0,17.0,26.0,12.0,24.0,3,1,5.0,0,0,3.4,0,53.0,25.8,15.0,alcohol,1,L-DLPFC iTBS,13,0,1,6.87,0
SYN-00286,42.0,1,0,59.0,10.0,43.0,8.0,8.0,1,1,11.0,1,0,6.7,0,42.0,30.3,17.0,alcohol,0,sham,17,0,1,0.13,0
SYN-00287,59.0,0,1,42.0,15.0,80.0,20.0,33.0,1,1,11.0,0,0,6.1,0,43.0,24.9,14.0,nicotine,0,sham,15,0,1,4.78,0
SYN-00288,36.0,0,0,54.0,12.0,67.0,18.0,7.0,2,0,14.0,1,1,4.6,0,49.0,23.7,12.0,cocaine,1,L-DLPFC iTBS,16,1,0,52.0,1
SYN-00289,38.0,0,1,69.0,13.0,48.0,13.0,16.0,4,0,11.0,0,0,5.1,0,50.0,33.0,10.0,methamphetamine,0,sham,20,0,1,12.34,0
SYN-00290,22.0,0,0,58.0,11.0,45.0,13.0,2.0,2,1,13.0,0,1,3.4,0,53.0,28.2,15.0,alcohol,1,mPFC/ACC deep TMS,10,0,0,52.0,1
SYN-00291,59.0,0,1,54.0,11.0,54.0,13.0,32.0,2,0,15.0,0,1,5.5,0,59.0,27.4,16.0,opioid,1,L-DLPFC 10Hz,17,0,1,2.01,0
SYN-00292,53.0,0,2,33.0,7.0,97.0,26.0,30.0,3,1,11.0,0,0,4.0,1,30.0,34.2,14.0,nicotine,0,sham,15,0,1,2.87,0
SYN-00293,52.0,1,1,48.0,14.0,65.0,22.0,30.0,0,0,9.0,1,0,5.4,1,57.0,18.3,13.0,alcohol,1,L-DLPFC 10Hz,8,1,0,4.44,0
SYN-00294,49.0,1,2,39.0,5.0,40.0,9.0,9.0,2,0,14.0,1,0,4.8,0,51.0,34.4,15.0,alcohol,1,L-DLPFC 10Hz,15,1,0,52.0,1
SYN-00295,43.0,1,1,61.0,19.0,63.0,12.0,21.0,3,0,13.0,1,0,3.1,0,56.0,29.0,14.0,methamphetamine,0,sham,12,0,1,2.6,0
SYN-00296,44.0,0,1,45.0,15.0,47.0,10.0,19.0,1,1,8.0,0,0,5.1,0,40.0,22.4,11.0,cocaine,1,mPFC/ACC deep TMS,13,0,0,7.98,0
SYN-00297,39.0,0,4,56.0,19.0,83.0,22.0,10.0,0,1,10.0,0,0,4.4,0,49.0,22.4,16.0,cocaine,1,L-DLPFC 10Hz,10,0,1,1.02,0
SYN-00298,40.0,0,0,42.0,8.0,61.0,13.0,8.0,4,0,18.0,0,0,4.1,0,59.0,25.7,13.0,cocaine,1,L-DLPFC 10Hz,16,0,1,14.19,0
SYN-00299,43.0,0,0,73.0,9.0,81.0,16.0,17.0,2,0,12.0,0,0,4.2,0,60.0,30.6,13.0,methamphetamine,0,sham,20,0,1,7.5,0
SYN-00300,59.0,0,2,40.0,9.0,59.0,3.0,29.0,5,1,13.0,1,1,5.6,0,58.0,21.4,14.0,nicotine,0,sham,19,0,1,18.19,0
SYN-00301,48.0,0,5,54.0,13.0,91.0,30.0,10.0,2,0,10.0,0,0,4.8,0,50.0,32.9,17.0,alcohol,1,L-DLPFC 10Hz,20,0,1,4.39,0
SYN-00302,41.0,0,3,80.0,19.0,69.0,8.0,17.0,3,0,13.0,1,1,3.7,0,40.0,28.5,12.0,alcohol,0,sham,4,0,1,0.49,0
SYN-00303,36.0,0,1,55.0,12.0,63.0,29.0,11.0,2,1,12.0,0,1,3.9,0,47.0,30.0,13.0,nicotine,1,mPFC/ACC deep TMS,19,1,1,4.33,0
SYN-00304,35.0,0,2,43.0,11.0,40.0,17.0,12.0,2,1,9.0,0,0,4.4,1,32.0,26.2,13.0,alcohol,1,L-DLPFC 10Hz,16,0,1,44.15,0
SYN-00305,60.0,0,3,59.0,15.0,52.0,21.0,33.0,0,0,15.0,0,0,2.5,0,45.0,27.5,12.0,methamphetamine,1,L-DLPFC 10Hz,15,0,1,6.23,0
SYN-00306,48.0,0,1,63.0,10.0,66.0,18.0,17.0,4,1,16.0,0,0,3.4,0,37.0,32.0,10.0,methamphetamine,1,L-DLPFC 10Hz,18,0,1,5.66,0
SYN-00307,43.0,0,3,62.0,22.0,52.0,17.0,21.0,1,1,15.0,0,1,3.8,0,45.0,32.0,15.0,nicotine,1,mPFC/ACC deep TMS,14,0,1,30.2,0
SYN-00308,38.0,0,1,33.0,6.0,95.0,24.0,12.0,3,1,9.0,0,0,2.3,0,45.0,24.2,12.0,nicotine,0,sham,18,0,1,0.52,0
SYN-00309,30.0,0,2,55.0,15.0,58.0,19.0,5.0,2,1,10.0,0,1,6.7,0,52.0,24.5,14.0,alcohol,0,sham,18,0,0,15.67,0
SYN-00310,41.0,0,1,33.0,14.0,43.0,18.0,11.0,4,1,4.0,0,1,4.5,0,53.0,26.4,17.0,opioid,1,mPFC/ACC deep TMS,13,0,0,52.0,1
SYN-00311,52.0,0,1,73.0,14.0,77.0,30.0,15.0,3,0,17.0,0,1,6.0,1,51.0,37.3,14.0,nicotine,1,L-DLPFC 10Hz,18,1,1,24.43,0
SYN-00312,38.0,1,3,53.0,14.0,50.0,6.0,17.0,1,1,11.0,1,0,4.2,0,51.0,26.5,14.0,cocaine,1,L-DLPFC 10Hz,19,0,1,12.65,0
SYN-00313,40.0,1,2,48.0,18.0,64.0,20.0,15.0,2,0,7.0,1,0,4.5,0,50.0,35.4,12.0,nicotine,0,sham,20,0,1,13.49,0
SYN-00314,40.0,0,3,60.0,14.0,58.0,27.0,13.0,0,1,8.0,0,1,4.3,1,61.0,28.8,14.0,opioid,0,sham,4,0,1,9.64,0
SYN-00315,43.0,0,2,58.0,18.0,47.0,23.0,21.0,0,0,15.0,1,1,2.4,0,46.0,37.7,11.0,alcohol,1,L-DLPFC iTBS,14,0,1,3.97,0
SYN-00316,24.0,0,6,40.0,12.0,78.0,11.0,4.0,3,0,10.0,1,0,3.3,1,44.0,33.5,10.0,methamphetamine,0,sham,15,0,1,6.82,0
SYN-00317,39.0,0,4,70.0,17.0,62.0,18.0,12.0,3,0,15.0,1,0,4.9,0,40.0,30.9,12.0,cocaine,1,L-DLPFC 10Hz,17,0,1,23.61,0
SYN-00318,33.0,0,0,50.0,16.0,75.0,20.0,8.0,3,0,12.0,0,1,4.0,0,49.0,29.0,13.0,alcohol,0,sham,17,0,1,6.73,0
SYN-00319,52.0,0,0,33.0,9.0,50.0,15.0,28.0,0,1,14.0,0,1,5.1,0,54.0,33.5,13.0,alcohol,1,L-DLPFC 10Hz,16,1,0,52.0,1
SYN-00320,34.0,0,0,68.0,16.0,38.0,0.0,9.0,2,0,14.0,0,1,4.6,0,62.0,35.6,13.0,alcohol,0,sham,16,0,0,22.09,0
SYN-00321,48.0,0,3,69.0,20.0,41.0,18.0,15.0,2,0,3.0,0,0,2.7,0,46.0,26.7,12.0,nicotine,0,sham,3,0,1,4.47,0
SYN-00322,59.0,0,0,66.0,17.0,52.0,1.0,16.0,4,1,17.0,1,1,3.0,1,55.0,31.2,12.0,opioid,0,sham,16,0,1,0.48,0
SYN-00323,39.0,0,2,58.0,16.0,56.0,30.0,9.0,5,0,8.0,1,1,3.3,0,46.0,22.6,15.0,nicotine,1,L-DLPFC 10Hz,12,0,1,30.74,0
SYN-00324,35.0,0,1,43.0,8.0,58.0,20.0,13.0,0,0,16.0,0,1,2.5,0,55.0,23.5,15.0,alcohol,1,L-DLPFC 10Hz,17,0,0,52.0,1
SYN-00325,44.0,1,3,63.0,15.0,68.0,16.0,10.0,2,0,13.0,0,0,2.9,0,38.0,26.5,16.0,nicotine,0,sham,11,0,1,1.29,0
SYN-00326,42.0,0,3,73.0,21.0,41.0,16.0,19.0,2,0,10.0,1,0,4.2,1,51.0,36.3,15.0,alcohol,0,sham,12,0,1,1.23,0
SYN-00327,31.0,0,2,61.0,18.0,63.0,17.0,10.0,3,1,10.0,1,0,5.7,0,53.0,31.0,13.0,nicotine,0,sham,15,0,0,35.02,0
SYN-00328,47.0,0,2,70.0,18.0,41.0,8.0,12.0,3,0,10.0,0,0,5.9,0,33.0,27.4,8.0,nicotine,0,sham,16,0,1,5.18,0
SYN-00329,64.0,0,0,44.0,10.0,46.0,12.0,15.0,0,0,13.0,1,0,5.3,0,46.0,38.3,13.0,cocaine,1,L-DLPFC 10Hz,18,1,1,4.21,0
SYN-00330,39.0,1,3,64.0,13.0,100.0,26.0,17.0,0,0,14.0,0,0,3.6,0,40.0,24.5,15.0,cocaine,0,sham,10,0,0,23.08,0
SYN-00331,40.0,0,3,63.0,17.0,80.0,13.0,14.0,1,0,8.0,1,0,3.2,0,49.0,26.4,10.0,alcohol,1,mPFC/ACC deep TMS,18,1,1,0.98,0
SYN-00332,31.0,0,2,36.0,15.0,50.0,19.0,10.0,4,0,4.0,1,0,6.5,0,51.0,27.5,10.0,methamphetamine,1,L-DLPFC 10Hz,19,1,0,52.0,1
SYN-00333,46.0,0,2,35.0,11.0,84.0,29.0,24.0,1,0,15.0,0,0,4.9,0,49.0,28.0,14.0,alcohol,0,sham,16,0,1,23.81,0
SYN-00334,28.0,0,2,45.0,17.0,80.0,28.0,4.0,1,0,13.0,0,1,3.6,0,53.0,29.4,12.0,nicotine,0,sham,12,1,1,9.22,0
SYN-00335,30.0,0,1,53.0,13.0,72.0,27.0,8.0,2,0,7.0,1,0,3.2,0,50.0,27.2,12.0,nicotine,0,sham,15,0,1,7.56,0
SYN-00336,56.0,0,1,57.0,19.0,82.0,30.0,16.0,1,1,15.0,0,0,7.0,1,53.0,32.1,15.0,methamphetamine,1,mPFC/ACC deep TMS,19,1,1,27.96,0
SYN-00337,32.0,0,1,50.0,10.0,54.0,20.0,8.0,0,0,16.0,0,1,5.3,0,46.0,28.6,14.0,alcohol,0,sham,15,0,0,52.0,1
SYN-00338,54.0,0,0,52.0,14.0,56.0,25.0,12.0,2,1,13.0,0,0,4.8,0,54.0,28.9,12.0,opioid,0,sham,17,0,1,6.54,0
SYN-00339,59.0,0,1,51.0,10.0,44.0,13.0,32.0,2,0,13.0,0,0,4.7,0,38.0,25.8,12.0,cocaine,1,L-DLPFC 10Hz,17,1,1,16.22,0
SYN-00340,45.0,0,2,54.0,16.0,68.0,20.0,14.0,2,1,10.0,1,0,4.2,0,54.0,25.9,12.0,nicotine,1,L-DLPFC 10Hz,17,1,1,9.5,0
SYN-00341,48.0,1,1,59.0,17.0,39.0,22.0,10.0,6,1,2.0,0,0,5.5,0,43.0,31.9,15.0,alcohol,1,L-DLPFC iTBS,18,0,1,5.57,0
SYN-00342,63.0,0,0,58.0,11.0,51.0,29.0,15.0,1,1,15.0,1,1,5.2,0,46.0,28.1,13.0,nicotine,1,mPFC/ACC deep TMS,19,0,1,18.71,0
SYN-00343,40.0,0,2,52.0,11.0,65.0,14.0,11.0,2,0,9.0,0,1,6.2,0,50.0,29.2,16.0,cocaine,0,sham,14,1,0,52.0,1
SYN-00344,35.0,0,1,55.0,12.0,50.0,2.0,8.0,1,0,19.0,1,1,2.4,0,50.0,26.6,9.0,nicotine,1,L-DLPFC iTBS,18,0,1,27.02,0
SYN-00345,27.0,0,4,48.0,7.0,63.0,30.0,6.0,1,0,10.0,0,0,5.4,0,56.0,20.7,15.0,methamphetamine,0,sham,19,0,1,25.41,0
SYN-00346,42.0,1,1,61.0,12.0,89.0,30.0,9.0,2,0,14.0,1,0,4.7,0,44.0,26.9,13.0,nicotine,1,L-DLPFC 10Hz,8,1,1,3.46,0
SYN-00347,58.0,1,2,47.0,9.0,41.0,26.0,18.0,1,1,9.0,0,1,5.6,0,50.0,17.0,13.0,nicotine,0,sham,19,0,1,3.77,0
SYN-00348,53.0,0,1,70.0,19.0,83.0,27.0,30.0,0,0,8.0,0,0,5.0,0,39.0,29.5,15.0,methamphetamine,1,L-DLPFC iTBS,20,0,1,0.7,0
SYN-00349,32.0,0,3,52.0,18.0,47.0,15.0,7.0,2,1,10.0,1,0,2.1,0,37.0,33.9,11.0,alcohol,0,sham,17,1,1,28.89,0
SYN-00350,33.0,1,0,56.0,13.0,44.0,7.0,5.0,2,0,19.0,1,0,4.4,0,61.0,23.9,13.0,methamphetamine,0,sham,18,0,0,19.86,0
SYN-00351,36.0,1,2,44.0,11.0,60.0,8.0,7.0,2,1,11.0,0,0,6.4,0,47.0,22.2,13.0,nicotine,0,sham,13,0,1,6.73,0
SYN-00352,45.0,0,1,49.0,14.0,74.0,30.0,23.0,3,1,5.0,1,1,5.4,0,54.0,24.2,15.0,alcohol,1,L-DLPFC 10Hz,19,1,1,1.53,0
SYN-00353,40.0,0,1,54.0,12.0,47.0,21.0,8.0,2,0,15.0,1,0,3.4,0,49.0,30.0,13.0,cocaine,1,L-DLPFC iTBS,17,1,0,10.19,0
SYN-00354,44.0,0,0,53.0,13.0,46.0,15.0,10.0,0,1,16.0,0,0,2.3,0,37.0,28.2,13.0,alcohol,0,sham,19,0,1,25.93,0
SYN-00355,45.0,0,3,46.0,15.0,50.0,5.0,17.0,1,0,9.0,0,1,6.0,0,55.0,28.3,10.0,nicotine,0,sham,19,0,1,11.46,0
SYN-00356,39.0,0,2,40.0,12.0,45.0,8.0,10.0,3,0,11.0,1,1,4.7,1,54.0,19.9,13.0,nicotine,0,sham,13,1,0,25.12,0
SYN-00357,42.0,0,1,53.0,13.0,61.0,11.0,7.0,2,0,12.0,1,0,5.1,0,55.0,29.5,13.0,methamphetamine,0,sham,20,1,0,52.0,1
SYN-00358,44.0,0,2,54.0,12.0,47.0,11.0,14.0,2,1,9.0,1,0,3.5,0,61.0,27.5,14.0,cocaine,0,sham,17,0,1,14.24,0
SYN-00359,41.0,0,5,59.0,20.0,55.0,0.0,9.0,0,1,12.0,0,1,5.7,0,46.0,29.2,10.0,nicotine,1,L-DLPFC 10Hz,7,0,0,20.58,0
SYN-00360,48.0,0,0,66.0,14.0,66.0,19.0,15.0,2,0,7.0,0,0,4.1,0,49.0,31.7,14.0,cocaine,1,L-DLPFC 10Hz,16,1,1,25.27,0
SYN-00361,63.0,0,0,49.0,13.0,51.0,26.0,28.0,2,1,13.0,0,1,4.3,0,43.0,32.6,15.0,cocaine,0,sham,16,0,1,40.6,0
SYN-00362,49.0,0,4,33.0,6.0,74.0,14.0,18.0,1,1,14.0,0,1,3.2,0,45.0,29.1,15.0,alcohol,0,sham,19,0,0,4.91,0
SYN-00363,43.0,0,1,51.0,11.0,47.0,13.0,8.0,1,1,9.0,1,0,4.6,0,42.0,23.4,14.0,alcohol,1,L-DLPFC iTBS,11,0,1,26.11,0
SYN-00364,23.0,0,3,33.0,10.0,43.0,14.0,3.0,1,0,13.0,0,1,5.1,0,41.0,32.0,14.0,alcohol,1,mPFC/ACC deep TMS,16,1,0,1.71,0
SYN-00365,46.0,1,0,39.0,10.0,89.0,14.0,11.0,3,0,14.0,1,1,3.4,0,44.0,31.1,13.0,alcohol,1,L-DLPFC 10Hz,20,1,0,3.23,0
SYN-00366,22.0,0,3,64.0,17.0,84.0,24.0,3.0,2,0,14.0,0,0,3.7,0,49.0,29.4,10.0,alcohol,0,sham,19,0,1,9.09,0
SYN-00367,27.0,0,3,59.0,15.0,60.0,9.0,5.0,2,0,17.0,0,1,5.0,0,42.0,34.4,12.0,alcohol,0,sham,15,0,1,1.21,0
SYN-00368,51.0,0,1,46.0,7.0,70.0,14.0,9.0,3,0,11.0,1,0,3.0,0,43.0,23.1,14.0,alcohol,1,L-DLPFC 10Hz,16,0,1,5.18,0
SYN-00369,50.0,1,0,46.0,4.0,63.0,18.0,29.0,2,1,9.0,0,0,5.0,0,42.0,29.0,12.0,alcohol,1,mPFC/ACC deep TMS,14,0,1,1.67,0
SYN-00370,40.0,0,1,52.0,17.0,50.0,13.0,9.0,0,1,14.0,0,1,5.6,0,36.0,32.9,15.0,nicotine,0,sham,16,0,1,0.28,0
SYN-00371,23.0,1,2,33.0,8.0,66.0,18.0,1.0,1,0,12.0,1,1,4.7,1,41.0,26.0,15.0,nicotine,1,L-DLPFC 10Hz,16,1,0,52.0,1
SYN-00372,38.0,0,2,58.0,20.0,64.0,9.0,16.0,4,0,5.0,1,1,2.7,0,46.0,29.4,10.0,alcohol,0,sham,13,0,1,4.33,0
SYN-00373,35.0,0,0,49.0,13.0,78.0,25.0,9.0,1,1,12.0,0,0,4.4,0,51.0,28.4,14.0,methamphetamine,1,L-DLPFC 10Hz,19,1,1,12.42,0
SYN-00374,49.0,0,2,73.0,15.0,32.0,2.0,15.0,2,0,10.0,1,0,5.6,0,56.0,30.9,17.0,cocaine,1,L-DLPFC 10Hz,19,1,0,52.0,1
SYN-00375,67.0,0,1,41.0,13.0,69.0,24.0,36.0,1,0,10.0,0,0,4.6,1,54.0,24.9,12.0,cocaine,1,L-DLPFC iTBS,18,1,1,32.93,0
SYN-00376,44.0,0,3,64.0,15.0,62.0,12.0,23.0,1,0,13.0,0,0,2.8,1,47.0,38.1,14.0,cocaine,1,L-DLPFC iTBS,6,1,1,10.63,0
SYN-00377,33.0,0,2,45.0,12.0,46.0,4.0,5.0,0,0,17.0,1,0,5.5,0,45.0,22.0,15.0,cocaine,1,mPFC/ACC deep TMS,18,0,0,12.74,0
SYN-00378,29.0,0,2,64.0,12.0,53.0,13.0,8.0,5,0,14.0,1,1,4.8,0,46.0,29.3,11.0,alcohol,1,L-DLPFC 10Hz,17,1,1,9.89,0
SYN-00379,41.0,0,3,42.0,14.0,50.0,5.0,20.0,1,0,9.0,0,0,6.2,0,47.0,25.7,14.0,cocaine,0,sham,14,1,0,52.0,1
SYN-00380,40.0,0,1,61.0,19.0,38.0,7.0,19.0,1,0,10.0,1,1,6.1,0,38.0,33.8,15.0,alcohol,0,sham,8,0,0,52.0,1
SYN-00381,29.0,1,0,48.0,11.0,48.0,12.0,5.0,1,1,12.0,0,0,5.4,0,52.0,21.6,12.0,alcohol,1,L-DLPFC 10Hz,18,0,0,52.0,1
SYN-00382,43.0,0,0,44.0,18.0,69.0,23.0,7.0,2,0,13.0,1,1,4.3,1,48.0,23.3,14.0,alcohol,0,sham,10,0,0,52.0,1
SYN-00383,29.0,0,4,51.0,11.0,34.0,17.0,6.0,2,0,21.0,0,0,2.0,0,46.0,30.8,14.0,opioid,0,sham,17,0,0,24.03,0
SYN-00384,54.0,0,1,58.0,15.0,53.0,18.0,24.0,2,0,9.0,1,1,2.0,0,40.0,22.7,15.0,alcohol,1,L-DLPFC 10Hz,16,0,1,0.6,0
SYN-00385,54.0,0,3,57.0,9.0,21.0,6.0,15.0,5,1,10.0,1,0,4.2,0,58.0,25.1,12.0,opioid,1,L-DLPFC 10Hz,14,0,1,28.56,0
SYN-00386,54.0,0,2,70.0,10.0,51.0,2.0,23.0,1,1,16.0,0,0,3.5,0,61.0,26.1,15.0,methamphetamine,1,L-DLPFC iTBS,13,0,1,0.38,0
SYN-00387,37.0,0,0,62.0,23.0,66.0,15.0,5.0,6,0,11.0,1,0,4.3,0,39.0,30.5,17.0,methamphetamine,0,sham,7,0,1,34.25,0
SYN-00388,48.0,0,2,33.0,15.0,54.0,12.0,24.0,2,1,11.0,0,0,3.4,0,62.0,31.6,10.0,nicotine,1,L-DLPFC 10Hz,15,0,1,14.73,0
SYN-00389,41.0,0,3,48.0,17.0,58.0,14.0,11.0,0,0,6.0,0,0,3.3,0,45.0,19.7,15.0,nicotine,1,L-DLPFC 10Hz,15,1,0,16.56,0
SYN-00390,38.0,0,3,33.0,4.0,37.0,7.0,6.0,1,1,5.0,0,1,5.9,0,54.0,29.4,17.0,nicotine,1,mPFC/ACC deep TMS,15,0,0,52.0,1
SYN-00391,38.0,0,0,48.0,13.0,67.0,13.0,9.0,4,0,14.0,0,1,4.8,0,34.0,37.0,15.0,alcohol,1,L-DLPFC iTBS,13,0,1,22.98,0
SYN-00392,28.0,0,6,59.0,16.0,45.0,19.0,8.0,1,0,9.0,1,0,4.5,0,49.0,35.4,15.0,cocaine,1,L-DLPFC 10Hz,20,0,0,1.73,0
SYN-00393,26.0,0,2,38.0,11.0,70.0,7.0,3.0,3,1,13.0,0,0,6.5,1,56.0,31.5,15.0,opioid,0,sham,14,1,1,21.78,0
SYN-00394,51.0,0,0,40.0,12.0,60.0,16.0,14.0,4,0,9.0,1,0,3.7,0,47.0,22.3,12.0,alcohol,0,sham,19,0,0,2.92,0
SYN-00395,40.0,0,2,54.0,11.0,52.0,24.0,10.0,6,1,13.0,0,0,5.0,1,56.0,33.5,10.0,alcohol,1,L-DLPFC 10Hz,10,0,1,4.82,0
SYN-00396,44.0,0,3,49.0,12.0,81.0,14.0,14.0,2,0,16.0,0,1,3.3,0,50.0,25.3,12.0,nicotine,1,L-DLPFC 10Hz,15,1,1,43.82,0
SYN-00397,53.0,0,3,70.0,13.0,54.0,7.0,13.0,5,1,10.0,0,0,3.8,0,57.0,29.9,13.0,methamphetamine,0,sham,13,0,1,1.43,0
SYN-00398,23.0,0,1,56.0,13.0,75.0,17.0,2.0,1,1,9.0,1,0,4.5,0,64.0,31.2,14.0,alcohol,1,L-DLPFC iTBS,16,0,0,52.0,1
SYN-00399,33.0,0,2,58.0,16.0,61.0,13.0,11.0,3,1,16.0,1,0,4.1,0,41.0,28.3,12.0,opioid,0,sham,15,0,1,13.74,0
SYN-00400,44.0,0,4,72.0,14.0,61.0,18.0,17.0,0,1,13.0,1,1,3.4,0,49.0,33.1,15.0,alcohol,1,L-DLPFC 10Hz,18,0,1,9.59,0
SYN-00401,46.0,1,2,47.0,12.0,73.0,29.0,11.0,3,0,11.0,0,1,4.1,0,40.0,29.6,16.0,nicotine,0,sham,16,0,1,4.01,0
SYN-00402,38.0,0,1,53.0,12.0,65.0,16.0,18.0,2,0,15.0,0,0,5.6,0,32.0,27.7,12.0,alcohol,0,sham,14,1,1,6.14,0
SYN-00403,53.0,0,1,42.0,12.0,56.0,19.0,17.0,3,1,8.0,0,1,3.5,1,40.0,25.9,13.0,opioid,1,L-DLPFC 10Hz,20,0,1,0.15,0
SYN-00404,44.0,0,2,55.0,17.0,57.0,10.0,16.0,4,0,12.0,0,0,2.9,0,51.0,27.3,9.0,alcohol,0,sham,10,0,1,47.54,0
SYN-00405,29.0,0,2,64.0,16.0,63.0,12.0,7.0,3,1,8.0,1,0,6.2,0,55.0,25.3,13.0,alcohol,0,sham,18,1,1,43.71,0
SYN-00406,32.0,0,3,68.0,18.0,62.0,18.0,12.0,3,1,8.0,1,0,2.7,0,53.0,23.3,14.0,alcohol,0,sham,19,0,0,21.3,0
SYN-00407,51.0,0,1,52.0,8.0,53.0,9.0,23.0,0,0,14.0,1,0,4.1,1,50.0,33.9,18.0,cocaine,1,L-DLPFC iTBS,17,0,1,3.62,0
SYN-00408,47.0,0,2,45.0,11.0,40.0,21.0,23.0,1,1,15.0,0,0,3.0,0,47.0,36.0,12.0,cocaine,1,L-DLPFC iTBS,13,1,1,42.89,0
SYN-00409,22.0,0,3,44.0,15.0,15.0,3.0,2.0,2,0,12.0,1,1,3.4,0,41.0,29.4,16.0,alcohol,0,sham,11,0,0,45.89,0
SYN-00410,57.0,0,3,37.0,8.0,54.0,13.0,17.0,2,1,6.0,1,0,5.8,0,48.0,22.9,15.0,cocaine,0,sham,18,1,0,52.0,1
SYN-00411,49.0,0,2,54.0,12.0,54.0,6.0,23.0,2,1,11.0,0,1,5.3,0,45.0,26.1,15.0,alcohol,0,sham,5,0,1,17.3,0
SYN-00412,57.0,0,3,68.0,13.0,80.0,16.0,25.0,1,0,14.0,0,0,3.9,0,30.0,28.6,15.0,nicotine,1,L-DLPFC 10Hz,19,1,0,30.9,0
SYN-00413,38.0,0,1,33.0,15.0,62.0,8.0,11.0,3,0,10.0,1,0,6.4,0,56.0,23.7,15.0,opioid,1,L-DLPFC 10Hz,20,1,0,14.02,0
SYN-00414,39.0,0,0,33.0,8.0,73.0,14.0,7.0,0,0,15.0,0,1,4.0,0,44.0,28.4,14.0,alcohol,0,sham,17,1,0,52.0,1
SYN-00415,30.0,0,1,68.0,14.0,88.0,7.0,7.0,3,1,10.0,1,1,5.6,0,36.0,30.5,16.0,alcohol,1,L-DLPFC 10Hz,20,0,1,4.44,0
SYN-00416,70.0,0,2,35.0,12.0,54.0,14.0,16.0,2,0,12.0,1,1,5.1,0,52.0,22.6,9.0,alcohol,0,sham,14,1,0,38.82,0
SYN-00417,40.0,0,5,56.0,18.0,45.0,26.0,16.0,0,0,11.0,0,0,5.7,0,51.0,20.8,14.0,alcohol,1,mPFC/ACC deep TMS,16,0,1,18.85,0
SYN-00418,59.0,1,1,39.0,13.0,69.0,3.0,16.0,3,1,11.0,0,0,4.6,0,62.0,32.6,14.0,nicotine,1,L-DLPFC iTBS,19,0,1,2.91,0
SYN-00419,35.0,1,0,61.0,18.0,50.0,27.0,10.0,4,0,11.0,1,1,4.8,0,43.0,30.5,17.0,nicotine,0,sham,18,1,1,7.77,0
SYN-00420,44.0,0,1,61.0,16.0,55.0,14.0,15.0,1,1,14.0,0,1,4.2,0,41.0,32.7,15.0,nicotine,0,sham,16,0,1,2.15,0
SYN-00421,24.0,0,1,55.0,13.0,81.0,27.0,2.0,1,0,8.0,0,1,1.4,1,56.0,26.4,13.0,alcohol,1,L-DLPFC 10Hz,1,0,1,9.1,0
SYN-00422,38.0,0,0,62.0,14.0,68.0,9.0,18.0,3,0,11.0,0,0,7.0,1,45.0,26.7,12.0,opioid,1,mPFC/ACC deep TMS,16,0,1,11.86,0
SYN-00423,53.0,0,1,53.0,12.0,76.0,30.0,13.0,1,0,13.0,1,1,5.1,0,57.0,37.9,12.0,alcohol,1,L-DLPFC 10Hz,20,1,1,20.38,0
SYN-00424,28.0,0,0,59.0,13.0,37.0,3.0,7.0,2,1,15.0,0,1,4.5,0,52.0,32.8,16.0,alcohol,0,sham,8,0,1,36.83,0
SYN-00425,54.0,1,2,73.0,18.0,62.0,15.0,31.0,0,1,17.0,1,1,4.1,0,35.0,34.4,12.0,nicotine,1,L-DLPFC 10Hz,6,0,1,35.66,0
SYN-00426,46.0,0,2,65.0,15.0,78.0,30.0,16.0,0,1,13.0,0,0,3.5,0,38.0,33.6,13.0,alcohol,0,sham,18,0,1,0.46,0
SYN-00427,31.0,0,2,45.0,12.0,36.0,1.0,6.0,1,0,15.0,1,1,3.8,0,38.0,25.6,10.0,alcohol,1,L-DLPFC 10Hz,12,1,0,52.0,1
SYN-00428,36.0,0,1,44.0,14.0,60.0,0.0,5.0,1,0,16.0,1,0,4.6,0,58.0,30.0,12.0,cocaine,0,sham,18,0,0,52.0,1
SYN-00429,37.0,0,0,50.0,13.0,64.0,16.0,8.0,3,0,11.0,0,0,5.5,0,54.0,18.2,12.0,alcohol,1,L-DLPFC iTBS,19,1,1,23.73,0
SYN-00430,41.0,1,1,50.0,8.0,21.0,2.0,13.0,4,0,18.0,0,0,4.8,0,52.0,35.2,17.0,methamphetamine,1,L-DLPFC iTBS,10,1,0,52.0,1
SYN-00431,36.0,0,1,53.0,11.0,84.0,13.0,9.0,4,0,17.0,0,0,4.7,0,37.0,18.4,14.0,alcohol,0,sham,14,0,0,10.2,0
SYN-00432,33.0,0,0,46.0,8.0,46.0,6.0,6.0,0,1,10.0,0,0,5.4,0,50.0,31.2,12.0,nicotine,0,sham,20,1,1,11.23,0
SYN-00433,39.0,0,0,60.0,8.0,57.0,3.0,14.0,4,0,12.0,0,1,3.5,0,30.0,26.9,13.0,alcohol,1,mPFC/ACC deep TMS,14,1,1,14.21,0
SYN-00434,31.0,0,0,53.0,14.0,85.0,30.0,10.0,3,0,10.0,0,0,5.7,0,48.0,34.0,19.0,methamphetamine,1,mPFC/ACC deep TMS,17,1,1,32.47,0
SYN-00435,28.0,0,1,57.0,10.0,30.0,19.0,5.0,0,0,11.0,0,0,3.9,0,47.0,32.2,13.0,methamphetamine,0,sham,16,0,1,22.56,0
SYN-00436,41.0,0,4,53.0,9.0,66.0,6.0,9.0,2,0,13.0,0,0,5.2,0,57.0,29.4,16.0,cocaine,1,L-DLPFC 10Hz,19,0,1,48.14,0
SYN-00437,52.0,0,3,59.0,11.0,52.0,13.0,15.0,2,1,13.0,0,1,3.6,0,52.0,28.7,12.0,alcohol,0,sham,18,0,1,22.14,0
SYN-00438,25.0,0,4,40.0,14.0,57.0,11.0,3.0,4,1,9.0,1,1,5.7,0,39.0,30.0,13.0,alcohol,0,sham,19,1,1,44.91,0
SYN-00439,42.0,0,1,70.0,16.0,48.0,22.0,21.0,4,1,14.0,0,0,2.9,0,47.0,30.8,12.0,nicotine,0,sham,4,0,1,5.4,0
SYN-00440,35.0,0,3,57.0,18.0,81.0,13.0,14.0,1,1,16.0,0,0,6.6,1,38.0,30.2,12.0,alcohol,0,sham,9,0,1,11.77,0
SYN-00441,31.0,0,2,58.0,14.0,41.0,24.0,4.0,2,1,15.0,0,0,3.8,0,44.0,33.1,17.0,nicotine,0,sham,20,0,1,2.32,0
SYN-00442,51.0,0,2,59.0,13.0,65.0,17.0,11.0,4,0,14.0,1,0,3.8,0,42.0,35.2,12.0,methamphetamine,1,L-DLPFC iTBS,19,1,1,39.74,0
SYN-00443,36.0,0,1,65.0,18.0,69.0,11.0,14.0,1,1,11.0,0,1,3.4,0,71.0,25.1,15.0,alcohol,0,sham,10,0,1,11.06,0
SYN-00444,58.0,0,1,61.0,17.0,58.0,14.0,23.0,4,0,11.0,0,0,3.1,0,42.0,36.1,12.0,alcohol,0,sham,10,0,1,3.17,0
SYN-00445,33.0,0,0,55.0,14.0,54.0,10.0,7.0,4,0,18.0,1,0,4.1,0,43.0,23.4,12.0,methamphetamine,1,L-DLPFC 10Hz,20,0,1,19.58,0
SYN-00446,46.0,1,3,51.0,10.0,54.0,30.0,24.0,4,1,12.0,1,0,2.7,0,48.0,32.8,13.0,opioid,1,L-DLPFC iTBS,18,1,1,14.88,0
SYN-00447,39.0,0,2,35.0,9.0,72.0,19.0,11.0,0,0,8.0,1,1,5.8,0,63.0,24.9,15.0,alcohol,1,L-DLPFC iTBS,19,1,0,52.0,1
SYN-00448,34.0,1,1,55.0,10.0,66.0,13.0,8.0,4,0,15.0,0,0,4.3,0,39.0,38.6,13.0,alcohol,0,sham,18,0,1,4.74,0
SYN-00449,48.0,0,0,49.0,12.0,56.0,15.0,24.0,5,0,17.0,0,0,2.0,0,58.0,30.8,11.0,cocaine,0,sham,12,1,0,22.24,0
SYN-00450,40.0,0,3,49.0,13.0,40.0,23.0,16.0,2,0,6.0,0,0,4.5,1,55.0,33.3,12.0,opioid,1,L-DLPFC 10Hz,19,0,0,0.57,0
SYN-00451,49.0,0,0,79.0,23.0,65.0,9.0,19.0,3,0,19.0,0,1,4.8,0,40.0,39.3,14.0,methamphetamine,0,sham,9,0,1,13.35,0
SYN-00452,41.0,0,1,33.0,15.0,64.0,3.0,6.0,3,0,7.0,1,0,4.9,1,44.0,35.0,12.0,alcohol,1,L-DLPFC 10Hz,16,1,1,7.73,0
SYN-00453,30.0,0,0,53.0,16.0,58.0,25.0,7.0,4,0,15.0,1,0,3.7,1,63.0,37.4,15.0,nicotine,0,sham,2,0,1,0.1,0
SYN-00454,41.0,0,0,66.0,19.0,83.0,25.0,18.0,2,0,13.0,1,1,4.1,0,31.0,22.8,11.0,nicotine,0,sham,19,0,1,3.63,0
SYN-00455,43.0,0,1,63.0,16.0,29.0,6.0,15.0,1,0,10.0,0,1,1.3,1,36.0,26.2,11.0,opioid,1,L-DLPFC iTBS,13,0,1,3.37,0
SYN-00456,53.0,0,3,66.0,26.0,100.0,23.0,13.0,3,0,9.0,0,1,2.7,0,30.0,30.4,14.0,nicotine,1,mPFC/ACC deep TMS,16,1,0,4.44,0
SYN-00457,32.0,0,1,39.0,16.0,53.0,23.0,9.0,3,1,7.0,0,0,1.9,0,40.0,27.6,17.0,alcohol,1,mPFC/ACC deep TMS,8,0,0,9.03,0
SYN-00458,42.0,0,2,42.0,21.0,38.0,0.0,18.0,0,0,7.0,0,0,2.8,0,48.0,27.0,18.0,alcohol,0,sham,4,0,0,16.97,0
SYN-00459,23.0,0,1,60.0,16.0,31.0,20.0,3.0,4,1,11.0,0,0,5.1,0,38.0,27.0,16.0,nicotine,1,L-DLPFC 10Hz,16,1,1,7.09,0
SYN-00460,49.0,0,2,50.0,14.0,72.0,16.0,18.0,4,1,15.0,0,1,5.9,0,50.0,24.2,12.0,alcohol,1,L-DLPFC 10Hz,20,1,0,43.34,0
SYN-00461,30.0,0,3,72.0,21.0,70.0,23.0,9.0,1,0,12.0,1,0,6.0,1,49.0,36.8,15.0,nicotine,1,L-DLPFC 10Hz,15,0,1,22.63,0
SYN-00462,22.0,0,2,55.0,15.0,55.0,14.0,2.0,2,0,18.0,0,1,3.6,0,53.0,35.1,9.0,nicotine,0,sham,14,0,1,41.31,0
SYN-00463,41.0,0,1,55.0,15.0,58.0,30.0,10.0,0,0,11.0,1,0,4.9,0,46.0,29.7,12.0,nicotine,1,L-DLPFC iTBS,16,1,1,20.59,0
SYN-00464,54.0,0,4,58.0,11.0,62.0,11.0,18.0,3,1,10.0,1,0,3.9,0,46.0,35.5,19.0,nicotine,1,L-DLPFC iTBS,17,0,1,7.89,0
SYN-00465,25.0,0,0,50.0,16.0,51.0,22.0,3.0,0,1,11.0,0,0,4.9,0,42.0,24.3,15.0,alcohol,0,sham,11,0,1,14.1,0
SYN-00466,30.0,0,1,54.0,14.0,77.0,0.0,8.0,1,0,17.0,0,0,4.6,0,57.0,45.4,14.0,cocaine,1,L-DLPFC iTBS,14,1,0,44.87,0
SYN-00467,34.0,0,1,45.0,15.0,67.0,17.0,12.0,2,0,9.0,0,1,3.5,0,49.0,27.4,14.0,alcohol,0,sham,5,0,1,2.03,0
SYN-00468,30.0,1,0,52.0,13.0,56.0,21.0,7.0,1,0,12.0,1,1,5.8,0,56.0,35.8,14.0,nicotine,1,L-DLPFC iTBS,19,0,0,16.5,0
SYN-00469,46.0,0,1,48.0,6.0,31.0,0.0,24.0,1,0,15.0,0,0,3.9,0,40.0,26.6,14.0,alcohol,1,L-DLPFC iTBS,17,1,0,52.0,1
SYN-00470,33.0,0,1,56.0,16.0,81.0,4.0,12.0,3,1,10.0,0,0,3.6,0,48.0,31.7,10.0,alcohol,1,L-DLPFC 10Hz,20,1,1,8.15,0
SYN-00471,34.0,1,1,37.0,15.0,48.0,14.0,13.0,3,0,12.0,1,0,4.2,1,47.0,34.5,18.0,opioid,0,sham,13,1,1,43.21,0
SYN-00472,48.0,0,2,36.0,6.0,39.0,19.0,22.0,1,1,10.0,0,0,3.8,0,39.0,35.8,14.0,opioid,1,L-DLPFC iTBS,7,0,1,6.08,0
SYN-00473,34.0,0,0,58.0,11.0,80.0,29.0,14.0,1,1,11.0,1,0,2.3,0,43.0,26.3,13.0,opioid,1,L-DLPFC 10Hz,18,0,1,6.24,0
SYN-00474,47.0,0,0,55.0,13.0,67.0,11.0,13.0,2,0,11.0,0,0,4.2,0,33.0,28.7,12.0,cocaine,0,sham,20,1,1,16.19,0
SYN-00475,31.0,0,0,42.0,11.0,24.0,11.0,9.0,3,0,10.0,0,1,5.0,0,40.0,28.2,12.0,nicotine,1,L-DLPFC 10Hz,15,1,1,17.18,0
SYN-00476,29.0,1,4,50.0,7.0,31.0,0.0,6.0,2,0,14.0,1,0,5.3,0,65.0,37.9,14.0,opioid,1,mPFC/ACC deep TMS,14,1,1,10.91,0
SYN-00477,22.0,0,0,41.0,18.0,50.0,27.0,2.0,0,0,5.0,0,1,4.1,0,48.0,28.3,14.0,alcohol,1,L-DLPFC 10Hz,19,0,0,10.72,0
SYN-00478,62.0,0,3,75.0,21.0,41.0,7.0,39.0,3,0,9.0,0,1,6.1,0,36.0,25.3,11.0,alcohol,0,sham,11,0,0,3.02,0
SYN-00479,38.0,0,2,36.0,8.0,53.0,24.0,12.0,0,0,9.0,0,0,3.9,0,53.0,20.7,13.0,opioid,0,sham,18,0,1,22.16,0
SYN-00480,45.0,0,0,72.0,11.0,100.0,21.0,17.0,5,0,7.0,0,0,3.5,0,57.0,17.4,11.0,cocaine,1,mPFC/ACC deep TMS,13,0,1,3.12,0
SYN-00481,42.0,0,4,44.0,13.0,100.0,21.0,8.0,2,1,8.0,1,0,1.7,0,64.0,20.9,18.0,nicotine,0,sham,15,0,1,40.54,0
SYN-00482,44.0,0,1,58.0,21.0,58.0,28.0,20.0,1,0,8.0,1,1,6.3,0,53.0,32.1,16.0,alcohol,1,mPFC/ACC deep TMS,11,1,0,52.0,1
SYN-00483,43.0,0,3,50.0,16.0,71.0,11.0,11.0,5,0,11.0,0,0,5.8,0,55.0,23.4,12.0,methamphetamine,0,sham,20,1,0,52.0,1
SYN-00484,63.0,0,4,49.0,17.0,72.0,28.0,24.0,4,0,5.0,0,0,6.1,0,49.0,26.7,14.0,alcohol,0,sham,18,0,1,4.27,0
SYN-00485,31.0,0,0,63.0,12.0,58.0,12.0,5.0,4,1,11.0,0,1,2.5,0,41.0,25.5,14.0,alcohol,1,L-DLPFC iTBS,2,0,0,5.07,0
SYN-00486,25.0,1,0,62.0,16.0,36.0,4.0,5.0,0,0,10.0,0,0,5.2,0,50.0,23.4,11.0,methamphetamine,0,sham,10,0,1,38.96,0
SYN-00487,31.0,0,4,50.0,8.0,75.0,12.0,5.0,0,0,15.0,1,0,2.5,0,45.0,24.9,16.0,cocaine,0,sham,16,0,1,34.63,0
SYN-00488,27.0,0,0,43.0,19.0,54.0,23.0,6.0,4,0,5.0,0,1,5.9,0,37.0,31.4,15.0,opioid,1,mPFC/ACC deep TMS,17,1,0,6.33,0
SYN-00489,50.0,0,4,76.0,20.0,69.0,17.0,17.0,3,1,7.0,0,0,4.0,0,62.0,27.1,11.0,methamphetamine,1,L-DLPFC 10Hz,3,0,1,18.22,0
SYN-00490,51.0,0,3,68.0,9.0,72.0,15.0,21.0,2,1,7.0,0,1,3.8,0,46.0,32.7,13.0,methamphetamine,1,L-DLPFC iTBS,17,0,1,5.86,0
SYN-00491,31.0,0,3,55.0,7.0,46.0,1.0,11.0,4,1,8.0,0,0,4.5,0,40.0,29.7,13.0,alcohol,0,sham,19,0,1,1.18,0
SYN-00492,27.0,1,1,50.0,15.0,85.0,30.0,5.0,2,0,8.0,0,1,4.2,0,44.0,21.7,12.0,alcohol,1,L-DLPFC iTBS,17,1,0,52.0,1
SYN-00493,38.0,0,1,56.0,15.0,60.0,24.0,13.0,3,0,14.0,0,1,6.3,0,56.0,27.2,11.0,nicotine,1,mPFC/ACC deep TMS,12,1,0,52.0,1
SYN-00494,57.0,1,1,54.0,13.0,62.0,18.0,25.0,1,0,9.0,0,1,5.8,0,46.0,33.6,12.0,alcohol,0,sham,19,1,0,52.0,1
SYN-00495,22.0,0,2,66.0,18.0,53.0,20.0,2.0,1,0,11.0,0,0,2.5,0,42.0,37.3,10.0,alcohol,0,sham,15,0,1,1.05,0
SYN-00496,48.0,1,1,42.0,19.0,68.0,0.0,24.0,1,1,10.0,0,0,5.6,1,59.0,22.4,16.0,nicotine,0,sham,8,0,1,15.57,0
SYN-00497,30.0,0,1,53.0,15.0,75.0,14.0,7.0,2,0,13.0,0,0,1.5,0,41.0,31.6,14.0,opioid,1,L-DLPFC 10Hz,5,0,1,1.88,0
SYN-00498,53.0,0,2,44.0,6.0,48.0,14.0,28.0,2,0,6.0,0,0,6.7,0,54.0,34.9,10.0,nicotine,1,mPFC/ACC deep TMS,20,1,0,13.84,0
SYN-00499,30.0,0,0,67.0,16.0,70.0,18.0,3.0,4,0,9.0,0,0,3.7,0,48.0,40.8,12.0,alcohol,0,sham,19,0,1,1.46,0
SYN-00500,39.0,0,3,73.0,13.0,54.0,10.0,12.0,1,0,12.0,1,0,3.9,0,43.0,28.0,13.0,alcohol,0,sham,14,0,1,0.47,0
SYN-00501,25.0,0,2,52.0,11.0,38.0,13.0,3.0,0,1,16.0,1,0,4.4,0,56.0,34.0,14.0,opioid,1,L-DLPFC 10Hz,13,1,1,26.76,0
SYN-00502,31.0,0,1,59.0,16.0,54.0,8.0,4.0,1,0,9.0,1,0,7.0,0,54.0,24.3,16.0,nicotine,0,sham,19,1,1,6.58,0
SYN-00503,57.0,0,1,68.0,16.0,70.0,12.0,34.0,3,0,10.0,1,1,5.1,0,54.0,34.8,14.0,alcohol,1,mPFC/ACC deep TMS,18,0,1,0.59,0
SYN-00504,51.0,0,2,50.0,9.0,67.0,7.0,23.0,0,1,14.0,1,0,4.4,1,48.0,33.1,16.0,opioid,1,L-DLPFC 10Hz,17,1,1,34.37,0
SYN-00505,38.0,0,5,43.0,12.0,74.0,19.0,16.0,0,0,11.0,0,0,5.2,0,46.0,21.6,15.0,alcohol,0,sham,16,0,1,2.58,0
SYN-00506,32.0,0,4,64.0,13.0,49.0,7.0,9.0,2,0,12.0,0,0,3.9,0,30.0,26.0,14.0,alcohol,1,L-DLPFC iTBS,12,1,0,37.99,0
SYN-00507,22.0,0,1,59.0,16.0,54.0,10.0,2.0,2,0,18.0,1,1,5.5,0,45.0,27.9,13.0,alcohol,0,sham,15,0,1,14.07,0
SYN-00508,38.0,0,3,51.0,12.0,59.0,26.0,11.0,2,0,9.0,0,1,3.7,1,45.0,30.8,18.0,opioid,0,sham,17,0,1,1.23,0
SYN-00509,42.0,0,0,69.0,18.0,71.0,17.0,8.0,2,1,15.0,0,1,3.8,0,56.0,29.8,15.0,nicotine,0,sham,9,0,1,4.6,0
SYN-00510,41.0,0,5,56.0,13.0,57.0,15.0,15.0,2,0,18.0,0,1,4.0,0,68.0,30.9,14.0,cocaine,0,sham,14,0,1,7.28,0
SYN-00511,41.0,0,3,33.0,13.0,40.0,0.0,16.0,5,1,9.0,0,0,6.0,0,48.0,31.5,14.0,methamphetamine,1,L-DLPFC 10Hz,14,1,0,19.97,0
SYN-00512,30.0,0,3,57.0,14.0,34.0,6.0,7.0,3,0,19.0,1,0,4.6,1,68.0,23.8,15.0,methamphetamine,1,L-DLPFC 10Hz,20,0,1,6.53,0
SYN-00513,41.0,0,1,52.0,13.0,77.0,27.0,17.0,3,0,14.0,1,0,4.2,0,47.0,22.7,15.0,opioid,0,sham,16,0,1,15.38,0
SYN-00514,42.0,0,0,74.0,15.0,79.0,24.0,11.0,1,1,14.0,1,1,2.4,1,57.0,31.0,14.0,nicotine,0,sham,13,0,1,1.67,0
SYN-00515,56.0,0,0,53.0,14.0,48.0,13.0,32.0,1,0,16.0,0,1,5.6,0,58.0,23.5,10.0,nicotine,0,sham,14,0,0,52.0,1
SYN-00516,63.0,1,1,51.0,7.0,82.0,18.0,31.0,4,1,12.0,0,1,4.0,1,33.0,26.6,14.0,alcohol,0,sham,5,0,1,6.35,0
SYN-00517,40.0,1,2,58.0,24.0,58.0,16.0,9.0,0,0,3.0,0,1,4.7,0,62.0,28.5,11.0,alcohol,0,sham,17,0,1,5.03,0
SYN-00518,34.0,0,3,56.0,12.0,66.0,20.0,11.0,1,0,13.0,1,1,4.1,0,39.0,37.5,15.0,nicotine,0,sham,7,0,1,44.94,0
SYN-00519,41.0,0,1,38.0,11.0,76.0,16.0,16.0,1,0,10.0,1,0,4.9,0,47.0,30.0,16.0,alcohol,1,L-DLPFC iTBS,19,1,0,52.0,1
SYN-00520,35.0,1,1,54.0,12.0,51.0,0.0,14.0,2,0,7.0,1,0,4.7,0,40.0,36.6,14.0,nicotine,1,L-DLPFC 10Hz,20,1,0,3.4,0
SYN-00521,34.0,0,1,49.0,11.0,45.0,28.0,9.0,1,0,14.0,0,0,2.5,0,42.0,33.2,14.0,alcohol,0,sham,15,1,1,21.92,0
SYN-00522,41.0,0,2,68.0,18.0,33.0,19.0,9.0,3,1,10.0,0,0,2.2,0,38.0,24.6,12.0,methamphetamine,1,L-DLPFC iTBS,8,0,0,0.1,0
SYN-00523,31.0,0,4,79.0,16.0,67.0,16.0,4.0,1,0,10.0,0,0,3.9,0,45.0,37.8,12.0,nicotine,0,sham,16,0,1,6.04,0
SYN-00524,49.0,0,2,41.0,10.0,64.0,27.0,14.0,1,1,18.0,0,0,2.5,1,60.0,27.2,10.0,alcohol,1,L-DLPFC 10Hz,6,0,1,2.05,0
SYN-00525,41.0,0,1,42.0,7.0,71.0,7.0,12.0,3,0,15.0,0,0,5.3,0,38.0,35.2,15.0,nicotine,1,L-DLPFC iTBS,14,1,0,23.32,0
SYN-00526,45.0,0,1,44.0,9.0,67.0,27.0,20.0,4,0,16.0,1,1,4.5,1,57.0,31.1,15.0,nicotine,0,sham,12,1,0,19.74,0
SYN-00527,40.0,0,2,46.0,8.0,59.0,17.0,6.0,2,0,17.0,0,0,5.8,0,52.0,26.7,12.0,cocaine,0,sham,19,1,1,7.32,0
SYN-00528,34.0,0,2,45.0,18.0,76.0,26.0,5.0,2,0,7.0,1,0,5.4,1,54.0,20.8,15.0,methamphetamine,1,L-DLPFC iTBS,20,1,1,37.48,0
SYN-00529,32.0,0,0,54.0,9.0,42.0,9.0,10.0,0,0,18.0,1,1,5.2,0,52.0,31.8,15.0,nicotine,1,L-DLPFC iTBS,17,1,0,5.34,0
SYN-00530,39.0,0,2,65.0,12.0,66.0,18.0,8.0,6,0,9.0,1,1,3.5,0,55.0,28.7,14.0,alcohol,0,sham,18,0,1,0.68,0
SYN-00531,36.0,0,1,39.0,12.0,65.0,21.0,5.0,3,1,7.0,0,1,4.9,0,54.0,41.0,10.0,alcohol,0,sham,12,1,0,52.0,1
SYN-00532,45.0,0,2,36.0,15.0,54.0,23.0,8.0,1,0,12.0,1,0,5.7,0,39.0,26.5,15.0,alcohol,1,L-DLPFC 10Hz,19,1,0,52.0,1
SYN-00533,42.0,0,0,33.0,4.0,83.0,24.0,16.0,3,0,9.0,1,1,5.8,0,35.0,29.4,13.0,alcohol,0,sham,19,0,1,7.12,0
SYN-00534,27.0,0,0,65.0,10.0,67.0,20.0,6.0,1,0,18.0,0,0,4.6,0,56.0,26.6,17.0,nicotine,1,L-DLPFC 10Hz,19,1,1,5.54,0
SYN-00535,43.0,0,1,68.0,17.0,82.0,15.0,21.0,3,0,11.0,1,0,4.1,0,52.0,25.8,14.0,nicotine,1,L-DLPFC 10Hz,18,1,0,12.21,0
SYN-00536,27.0,1,4,36.0,12.0,70.0,30.0,3.0,4,0,13.0,0,0,3.8,0,61.0,35.7,12.0,nicotine,1,L-DLPFC 10Hz,15,1,0,40.58,0
SYN-00537,35.0,0,1,35.0,5.0,53.0,16.0,12.0,2,0,10.0,1,0,4.2,0,48.0,35.5,17.0,alcohol,1,L-DLPFC 10Hz,20,0,0,10.92,0
SYN-00538,39.0,0,1,54.0,7.0,90.0,20.0,6.0,1,0,9.0,0,0,3.8,0,46.0,23.5,14.0,alcohol,1,L-DLPFC iTBS,16,1,0,52.0,1
SYN-00539,22.0,0,0,65.0,12.0,78.0,16.0,3.0,0,0,11.0,0,1,5.6,0,40.0,26.5,13.0,alcohol,0,sham,20,0,1,12.93,0
SYN-00540,43.0,0,2,64.0,18.0,60.0,6.0,15.0,2,0,11.0,1,0,5.7,0,32.0,27.4,13.0,cocaine,0,sham,20,1,1,1.92,0
SYN-00541,44.0,0,1,55.0,14.0,57.0,9.0,7.0,1,0,12.0,1,1,4.2,0,50.0,24.9,13.0,alcohol,1,L-DLPFC 10Hz,20,0,1,0.75,0
SYN-00542,40.0,0,3,61.0,18.0,43.0,0.0,6.0,4,0,12.0,1,1,3.6,0,60.0,33.8,14.0,nicotine,1,L-DLPFC 10Hz,3,0,0,52.0,1
SYN-00543,37.0,0,3,57.0,14.0,57.0,16.0,16.0,4,1,15.0,1,0,5.3,0,47.0,29.4,13.0,alcohol,1,L-DLPFC iTBS,19,1,0,27.13,0
SYN-00544,38.0,1,1,47.0,12.0,54.0,14.0,11.0,5,1,10.0,0,0,6.0,0,55.0,27.2,13.0,cocaine,1,mPFC/ACC deep TMS,17,0,1,0.95,0
SYN-00545,31.0,0,3,74.0,19.0,65.0,18.0,11.0,4,0,14.0,1,0,5.0,0,55.0,30.2,12.0,methamphetamine,0,sham,18,0,1,2.1,0
SYN-00546,39.0,0,3,53.0,13.0,52.0,4.0,7.0,0,1,17.0,1,1,3.0,0,34.0,31.1,12.0,nicotine,1,L-DLPFC 10Hz,16,0,1,4.88,0
SYN-00547,36.0,0,0,41.0,12.0,66.0,13.0,10.0,1,1,13.0,1,1,2.6,1,50.0,28.0,14.0,alcohol,1,L-DLPFC 10Hz,0,0,1,11.98,0
SYN-00548,43.0,0,0,48.0,9.0,56.0,9.0,18.0,0,1,21.0,0,0,6.4,0,39.0,28.4,13.0,cocaine,0,sham,20,0,1,12.53,0
SYN-00549,29.0,0,2,36.0,8.0,30.0,17.0,3.0,5,1,11.0,0,0,5.7,0,49.0,32.1,14.0,alcohol,0,sham,16,0,1,3.29,0
SYN-00550,45.0,0,1,53.0,15.0,50.0,1.0,17.0,2,0,13.0,0,0,3.9,0,53.0,32.3,13.0,cocaine,1,L-DLPFC 10Hz,17,1,0,31.12,0
SYN-00551,44.0,1,1,65.0,15.0,46.0,0.0,23.0,3,0,14.0,1,1,4.3,1,46.0,25.8,11.0,nicotine,0,sham,20,0,1,0.63,0
SYN-00552,40.0,0,2,39.0,8.0,36.0,21.0,9.0,2,1,15.0,1,1,4.4,0,47.0,32.4,12.0,alcohol,0,sham,14,0,1,1.96,0
SYN-00553,37.0,0,2,65.0,18.0,56.0,17.0,8.0,2,0,15.0,0,1,4.4,0,57.0,20.3,14.0,alcohol,1,L-DLPFC iTBS,9,0,1,43.4,0
SYN-00554,48.0,0,1,76.0,20.0,77.0,6.0,12.0,3,1,13.0,1,1,3.0,0,65.0,28.1,16.0,alcohol,0,sham,15,0,1,0.72,0
SYN-00555,24.0,0,4,57.0,14.0,41.0,22.0,4.0,1,1,11.0,0,1,5.4,0,40.0,34.6,14.0,alcohol,0,sham,19,0,0,15.27,0
SYN-00556,47.0,0,1,40.0,8.0,24.0,20.0,14.0,0,0,9.0,0,1,3.8,0,45.0,40.0,11.0,opioid,1,L-DLPFC iTBS,10,1,1,8.12,0
SYN-00557,45.0,0,1,44.0,15.0,54.0,23.0,17.0,2,1,11.0,0,0,3.2,0,42.0,32.8,14.0,cocaine,1,L-DLPFC 10Hz,16,0,1,2.38,0
SYN-00558,45.0,0,5,49.0,21.0,100.0,7.0,24.0,0,1,6.0,0,1,5.8,0,39.0,31.5,10.0,nicotine,0,sham,12,1,0,40.46,0
SYN-00559,46.0,0,1,39.0,8.0,47.0,14.0,9.0,4,0,7.0,0,0,4.7,1,52.0,41.6,14.0,alcohol,0,sham,4,1,0,21.56,0
SYN-00560,35.0,0,1,39.0,6.0,61.0,9.0,15.0,3,0,7.0,0,1,6.0,0,43.0,37.1,9.0,alcohol,1,L-DLPFC 10Hz,9,1,0,4.5,0
SYN-00561,39.0,0,1,50.0,10.0,51.0,11.0,16.0,4,0,16.0,0,0,4.8,0,57.0,30.5,17.0,alcohol,1,L-DLPFC iTBS,16,1,1,40.5,0
SYN-00562,49.0,0,2,51.0,10.0,72.0,5.0,20.0,3,0,12.0,0,0,5.6,0,58.0,29.0,14.0,opioid,1,L-DLPFC 10Hz,11,1,0,12.64,0
SYN-00563,47.0,0,2,60.0,10.0,83.0,30.0,14.0,3,0,16.0,0,1,6.3,0,47.0,18.8,15.0,alcohol,0,sham,18,0,1,49.92,0
SYN-00564,44.0,0,1,40.0,7.0,54.0,9.0,19.0,1,0,10.0,0,0,4.9,0,39.0,33.5,15.0,alcohol,0,sham,17,0,1,22.24,0
SYN-00565,25.0,1,4,74.0,20.0,81.0,22.0,2.0,2,0,14.0,0,0,5.5,1,48.0,25.5,12.0,methamphetamine,0,sham,10,0,1,1.96,0
SYN-00566,48.0,0,1,65.0,19.0,43.0,18.0,8.0,2,1,9.0,1,0,3.6,0,48.0,31.0,14.0,alcohol,1,L-DLPFC 10Hz,4,0,1,24.3,0
SYN-00567,55.0,0,1,63.0,20.0,63.0,21.0,23.0,4,1,6.0,0,0,4.8,0,42.0,22.6,16.0,opioid,1,L-DLPFC 10Hz,18,0,0,2.27,0
SYN-00568,53.0,0,0,46.0,15.0,37.0,14.0,14.0,2,1,10.0,1,1,1.6,0,58.0,25.5,14.0,alcohol,1,mPFC/ACC deep TMS,10,0,1,9.61,0
SYN-00569,45.0,1,0,72.0,15.0,64.0,13.0,12.0,2,0,11.0,0,1,4.1,0,46.0,34.2,12.0,alcohol,1,L-DLPFC iTBS,17,1,1,21.3,0
SYN-00570,25.0,0,1,49.0,17.0,48.0,15.0,3.0,2,0,9.0,1,0,3.5,0,39.0,32.6,16.0,alcohol,1,L-DLPFC 10Hz,18,1,1,2.5,0
SYN-00571,52.0,0,2,73.0,15.0,65.0,15.0,16.0,1,0,8.0,0,0,2.2,0,53.0,44.0,15.0,alcohol,0,sham,15,0,1,5.19,0
SYN-00572,40.0,1,3,65.0,14.0,42.0,0.0,14.0,0,1,14.0,0,1,5.1,0,35.0,33.9,13.0,alcohol,0,sham,17,1,0,52.0,1
SYN-00573,22.0,0,5,43.0,8.0,61.0,24.0,3.0,3,1,14.0,1,0,4.6,0,57.0,38.6,17.0,alcohol,1,mPFC/ACC deep TMS,16,1,0,52.0,1
SYN-00574,46.0,1,1,48.0,17.0,60.0,10.0,23.0,1,1,13.0,1,1,5.0,1,46.0,31.6,16.0,nicotine,1,L-DLPFC iTBS,4,1,0,52.0,1
SYN-00575,26.0,0,3,74.0,21.0,52.0,10.0,5.0,1,0,17.0,1,1,2.5,0,60.0,28.8,14.0,nicotine,0,sham,15,0,1,0.48,0
SYN-00576,28.0,0,0,64.0,14.0,47.0,9.0,3.0,2,0,9.0,1,1,4.6,0,48.0,28.2,11.0,alcohol,0,sham,16,0,1,29.57,0
SYN-00577,35.0,1,2,51.0,12.0,39.0,0.0,8.0,1,1,13.0,1,1,7.0,0,35.0,29.7,16.0,alcohol,1,mPFC/ACC deep TMS,9,0,0,32.85,0
SYN-00578,56.0,0,0,55.0,14.0,52.0,4.0,33.0,2,0,11.0,1,1,5.2,0,42.0,32.9,11.0,opioid,1,mPFC/ACC deep TMS,16,0,1,21.64,0
SYN-00579,38.0,0,1,55.0,15.0,65.0,2.0,7.0,2,1,10.0,0,0,2.9,0,50.0,40.9,14.0,cocaine,1,L-DLPFC 10Hz,17,1,0,52.0,1
SYN-00580,45.0,1,0,45.0,15.0,55.0,18.0,21.0,0,0,11.0,0,1,5.3,0,43.0,30.0,10.0,alcohol,1,mPFC/ACC deep TMS,18,1,0,52.0,1
SYN-00581,61.0,0,0,51.0,13.0,61.0,25.0,27.0,2,0,8.0,1,0,4.7,0,46.0,24.5,11.0,alcohol,1,L-DLPFC 10Hz,18,0,1,12.29,0
SYN-00582,60.0,1,1,46.0,14.0,78.0,20.0,32.0,2,1,10.0,1,0,3.7,0,52.0,29.9,14.0,nicotine,0,sham,19,0,1,42.68,0
SYN-00583,41.0,0,0,48.0,7.0,53.0,5.0,18.0,3,1,11.0,0,0,3.5,0,35.0,20.8,8.0,nicotine,0,sham,4,0,1,15.64,0
SYN-00584,39.0,0,0,58.0,13.0,64.0,27.0,13.0,0,1,6.0,1,1,4.6,0,43.0,31.6,15.0,alcohol,1,L-DLPFC 10Hz,11,1,0,52.0,1
SYN-00585,28.0,0,2,43.0,5.0,70.0,15.0,8.0,2,1,16.0,0,1,2.0,0,38.0,17.0,18.0,alcohol,1,L-DLPFC 10Hz,13,1,1,49.71,0
SYN-00586,34.0,0,2,61.0,21.0,68.0,4.0,12.0,0,1,15.0,1,0,5.6,0,48.0,18.2,14.0,nicotine,1,L-DLPFC 10Hz,15,0,1,8.57,0
SYN-00587,47.0,0,0,54.0,19.0,65.0,1.0,23.0,2,1,14.0,1,1,5.3,1,53.0,31.5,13.0,cocaine,0,sham,19,0,1,21.42,0
SYN-00588,46.0,1,0,61.0,17.0,61.0,17.0,23.0,1,0,18.0,1,1,5.0,0,46.0,32.4,11.0,nicotine,1,L-DLPFC 10Hz,15,1,0,17.98,0
SYN-00589,43.0,0,4,63.0,19.0,91.0,30.0,9.0,4,1,14.0,0,0,5.2,0,39.0,25.5,12.0,cocaine,1,L-DLPFC 10Hz,10,0,1,9.02,0
SYN-00590,53.0,0,1,67.0,23.0,59.0,12.0,20.0,1,0,14.0,0,0,5.8,1,43.0,28.9,15.0,opioid,0,sham,11,0,1,3.95,0
SYN-00591,34.0,0,2,60.0,18.0,53.0,9.0,14.0,1,0,18.0,0,0,2.7,0,43.0,31.5,14.0,opioid,0,sham,10,0,1,1.25,0
SYN-00592,41.0,0,1,61.0,9.0,69.0,15.0,10.0,0,0,10.0,1,0,4.6,1,51.0,32.0,13.0,alcohol,1,L-DLPFC iTBS,19,1,1,6.55,0
SYN-00593,50.0,0,3,51.0,12.0,85.0,14.0,15.0,4,0,7.0,1,1,5.1,1,52.0,24.0,16.0,opioid,0,sham,18,1,0,52.0,1
SYN-00594,48.0,0,0,59.0,6.0,82.0,15.0,24.0,2,0,15.0,1,0,5.2,0,50.0,28.9,13.0,alcohol,1,L-DLPFC 10Hz,19,1,1,0.3,0
SYN-00595,54.0,0,1,43.0,9.0,58.0,17.0,27.0,4,1,10.0,0,1,4.0,0,53.0,19.8,13.0,alcohol,1,mPFC/ACC deep TMS,20,1,1,48.63,0
SYN-00596,46.0,0,0,50.0,9.0,71.0,12.0,22.0,4,0,15.0,1,0,4.4,0,40.0,23.4,11.0,opioid,0,sham,18,1,0,52.0,1
SYN-00597,39.0,0,2,61.0,15.0,68.0,24.0,17.0,1,1,14.0,0,1,5.2,0,38.0,25.6,15.0,methamphetamine,1,mPFC/ACC deep TMS,19,1,1,11.04,0
SYN-00598,46.0,0,2,52.0,15.0,60.0,8.0,25.0,1,0,9.0,1,1,5.2,0,35.0,29.0,11.0,alcohol,0,sham,20,1,0,52.0,1
SYN-00599,31.0,1,0,58.0,11.0,70.0,23.0,5.0,1,0,12.0,1,0,6.5,0,54.0,33.1,14.0,cocaine,1,L-DLPFC iTBS,18,1,0,44.65,0
SYN-00600,24.0,0,2,41.0,10.0,67.0,20.0,4.0,1,0,7.0,1,1,2.5,0,49.0,28.2,13.0,alcohol,0,sham,6,1,0,52.0,1
SYN-00601,48.0,1,1,68.0,17.0,63.0,13.0,15.0,0,0,13.0,1,0,4.4,1,39.0,27.4,16.0,methamphetamine,1,mPFC/ACC deep TMS,19,0,0,52.0,1
SYN-00602,41.0,0,1,47.0,12.0,85.0,18.0,12.0,6,1,11.0,0,1,4.2,0,53.0,29.7,17.0,nicotine,0,sham,17,0,1,20.14,0
SYN-00603,45.0,0,0,57.0,14.0,53.0,11.0,22.0,0,0,15.0,0,1,4.7,1,44.0,28.1,17.0,nicotine,1,mPFC/ACC deep TMS,13,1,1,40.7,0
SYN-00604,23.0,0,1,53.0,5.0,81.0,30.0,4.0,0,1,18.0,0,1,4.5,0,43.0,27.0,14.0,methamphetamine,1,L-DLPFC 10Hz,20,0,1,51.96,0
SYN-00605,38.0,0,1,63.0,14.0,94.0,16.0,14.0,0,1,13.0,0,1,3.6,0,39.0,34.9,12.0,alcohol,0,sham,17,0,1,3.51,0
SYN-00606,35.0,0,0,49.0,15.0,92.0,30.0,5.0,0,1,10.0,0,1,4.8,0,49.0,30.4,10.0,nicotine,1,L-DLPFC 10Hz,16,1,0,52.0,1
SYN-00607,32.0,0,1,42.0,12.0,61.0,24.0,7.0,4,0,11.0,1,0,3.0,0,50.0,33.4,18.0,alcohol,0,sham,11,0,0,13.34,0
SYN-00608,22.0,0,2,33.0,5.0,53.0,11.0,3.0,4,1,10.0,1,0,3.4,0,49.0,21.6,15.0,alcohol,0,sham,3,0,1,32.98,0
SYN-00609,38.0,0,2,50.0,12.0,32.0,23.0,12.0,2,0,10.0,0,0,3.2,0,45.0,24.5,13.0,nicotine,0,sham,8,0,1,19.56,0
SYN-00610,52.0,0,1,40.0,12.0,56.0,0.0,13.0,1,0,12.0,0,1,4.8,0,46.0,26.8,16.0,opioid,1,mPFC/ACC deep TMS,18,1,0,52.0,1
SYN-00611,46.0,0,2,59.0,11.0,99.0,25.0,9.0,2,0,8.0,0,0,5.3,0,46.0,25.3,12.0,alcohol,1,L-DLPFC iTBS,19,1,0,7.7,0
SYN-00612,35.0,0,1,69.0,19.0,36.0,12.0,6.0,2,1,10.0,0,0,5.7,0,44.0,29.1,15.0,alcohol,1,L-DLPFC iTBS,20,0,1,0.17,0
SYN-00613,42.0,1,1,33.0,7.0,31.0,10.0,7.0,2,0,11.0,1,1,3.1,0,30.0,28.3,12.0,alcohol,0,sham,14,0,1,28.18,0
SYN-00614,50.0,0,1,39.0,10.0,70.0,24.0,25.0,2,0,14.0,0,0,4.3,0,43.0,31.9,11.0,nicotine,0,sham,17,1,0,52.0,1
SYN-00615,22.0,0,2,56.0,14.0,69.0,14.0,3.0,1,0,14.0,0,1,5.8,0,43.0,37.3,13.0,alcohol,0,sham,13,0,1,35.74,0
SYN-00616,41.0,0,0,67.0,24.0,31.0,8.0,15.0,2,0,11.0,0,0,4.3,0,49.0,26.4,13.0,alcohol,1,L-DLPFC 10Hz,20,0,1,21.22,0
SYN-00617,48.0,0,0,56.0,13.0,58.0,24.0,23.0,5,1,16.0,0,1,6.0,0,44.0,30.0,16.0,alcohol,0,sham,18,0,0,12.46,0
SYN-00618,50.0,0,2,57.0,12.0,65.0,15.0,18.0,3,1,13.0,0,0,6.2,0,45.0,31.8,13.0,opioid,0,sham,19,1,1,11.02,0
SYN-00619,61.0,0,0,59.0,17.0,35.0,2.0,33.0,2,0,18.0,1,0,3.8,0,44.0,36.1,17.0,nicotine,1,L-DLPFC 10Hz,12,0,1,0.55,0
SYN-00620,54.0,0,0,59.0,13.0,75.0,23.0,28.0,1,0,14.0,0,0,3.8,1,40.0,23.7,14.0,alcohol,0,sham,8,1,1,0.1,0
SYN-00621,45.0,1,2,71.0,17.0,40.0,11.0,19.0,2,1,13.0,0,0,4.4,0,34.0,30.0,14.0,nicotine,0,sham,14,1,1,18.61,0
SYN-00622,45.0,0,1,60.0,7.0,78.0,14.0,10.0,2,1,8.0,1,0,3.5,0,42.0,28.2,11.0,nicotine,1,L-DLPFC 10Hz,18,1,1,22.06,0
SYN-00623,51.0,0,1,39.0,12.0,60.0,20.0,29.0,4,0,15.0,0,1,4.6,0,48.0,32.3,14.0,nicotine,0,sham,9,1,0,10.04,0
SYN-00624,36.0,0,3,48.0,12.0,47.0,7.0,10.0,3,1,15.0,0,1,4.2,0,49.0,35.9,15.0,cocaine,0,sham,20,0,1,51.06,0
SYN-00625,42.0,1,2,55.0,9.0,33.0,2.0,17.0,3,1,16.0,0,0,6.6,0,57.0,25.6,12.0,nicotine,0,sham,20,0,1,3.37,0
SYN-00626,52.0,0,2,44.0,17.0,52.0,12.0,14.0,2,0,9.0,1,0,4.6,0,60.0,27.5,13.0,alcohol,1,L-DLPFC 10Hz,19,1,0,52.0,1
SYN-00627,64.0,0,1,50.0,12.0,57.0,13.0,15.0,1,0,8.0,1,1,3.8,0,47.0,31.3,13.0,nicotine,1,L-DLPFC 10Hz,19,1,0,43.13,0
SYN-00628,40.0,0,2,47.0,12.0,56.0,15.0,6.0,0,0,16.0,0,0,4.5,0,49.0,32.1,15.0,nicotine,0,sham,17,1,0,52.0,1
SYN-00629,41.0,0,2,45.0,7.0,48.0,3.0,7.0,1,0,11.0,0,1,4.8,0,44.0,20.2,17.0,nicotine,0,sham,20,0,1,33.46,0
SYN-00630,44.0,0,0,61.0,9.0,56.0,28.0,23.0,2,1,4.0,1,1,1.8,0,48.0,43.8,12.0,alcohol,0,sham,18,1,1,0.87,0
SYN-00631,57.0,0,1,49.0,11.0,72.0,23.0,12.0,1,1,14.0,1,0,3.2,0,39.0,27.4,14.0,alcohol,0,sham,17,0,1,16.13,0
SYN-00632,42.0,0,2,41.0,6.0,42.0,13.0,8.0,3,0,7.0,1,0,2.9,1,43.0,27.1,14.0,nicotine,1,L-DLPFC 10Hz,17,1,1,28.37,0
SYN-00633,58.0,0,2,45.0,14.0,54.0,16.0,34.0,2,0,16.0,1,1,4.3,0,48.0,29.6,10.0,opioid,1,mPFC/ACC deep TMS,20,1,0,5.1,0
SYN-00634,31.0,0,1,53.0,16.0,66.0,0.0,3.0,2,1,15.0,0,0,5.0,0,52.0,32.1,15.0,alcohol,1,L-DLPFC iTBS,14,0,0,52.0,1
SYN-00635,40.0,1,0,76.0,15.0,62.0,23.0,17.0,1,0,6.0,1,1,3.1,0,42.0,29.2,13.0,opioid,1,L-DLPFC 10Hz,2,0,1,0.5,0
SYN-00636,40.0,0,3,56.0,8.0,73.0,10.0,17.0,1,0,13.0,1,0,2.5,0,43.0,34.9,14.0,nicotine,1,L-DLPFC 10Hz,17,1,1,4.48,0
SYN-00637,51.0,0,1,69.0,15.0,86.0,25.0,28.0,2,0,13.0,0,1,5.1,0,55.0,29.6,11.0,nicotine,1,L-DLPFC iTBS,14,1,1,0.37,0
SYN-00638,53.0,1,1,59.0,11.0,54.0,5.0,23.0,2,0,14.0,0,1,3.8,0,45.0,28.9,15.0,opioid,0,sham,6,0,1,47.96,0
SYN-00639,25.0,1,1,33.0,10.0,59.0,23.0,3.0,0,0,6.0,0,0,4.5,0,50.0,26.8,10.0,alcohol,0,sham,17,1,0,52.0,1
SYN-00640,32.0,0,2,57.0,15.0,12.0,1.0,13.0,1,0,7.0,0,1,5.0,0,55.0,31.0,15.0,cocaine,1,L-DLPFC iTBS,11,0,0,17.82,0
SYN-00641,46.0,0,0,44.0,10.0,52.0,12.0,21.0,3,1,14.0,1,0,5.6,0,48.0,37.0,16.0,cocaine,1,L-DLPFC iTBS,19,1,1,7.97,0
SYN-00642,35.0,0,0,38.0,11.0,67.0,29.0,7.0,0,0,4.0,1,1,4.0,0,44.0,30.1,13.0,nicotine,0,sham,19,1,0,52.0,1
SYN-00643,25.0,0,1,41.0,15.0,39.0,19.0,3.0,3,1,11.0,0,0,3.4,0,58.0,34.9,11.0,alcohol,1,mPFC/ACC deep TMS,10,0,1,35.24,0
SYN-00644,53.0,0,0,73.0,23.0,83.0,9.0,26.0,0,0,14.0,0,0,2.8,1,44.0,29.4,16.0,nicotine,1,L-DLPFC iTBS,5,0,1,0.1,0
SYN-00645,47.0,0,0,36.0,9.0,26.0,3.0,18.0,2,0,13.0,0,0,3.5,0,50.0,36.9,13.0,nicotine,1,L-DLPFC iTBS,20,0,0,52.0,1
SYN-00646,47.0,1,2,46.0,15.0,79.0,21.0,24.0,1,0,12.0,1,0,4.7,0,40.0,28.1,12.0,alcohol,0,sham,12,0,1,10.59,0
SYN-00647,37.0,1,2,66.0,15.0,52.0,12.0,9.0,2,0,20.0,0,1,7.0,0,61.0,18.2,18.0,nicotine,0,sham,19,0,1,6.65,0
SYN-00648,53.0,0,4,60.0,11.0,43.0,18.0,13.0,3,0,16.0,1,0,4.9,0,43.0,25.9,12.0,cocaine,0,sham,16,0,0,11.84,0
SYN-00649,39.0,0,4,34.0,14.0,48.0,7.0,15.0,2,0,10.0,1,0,3.9,1,60.0,28.1,12.0,opioid,0,sham,7,1,1,21.33,0
SYN-00650,54.0,0,1,52.0,15.0,54.0,0.0,10.0,2,0,11.0,0,1,4.2,1,44.0,28.7,13.0,methamphetamine,0,sham,14,0,0,52.0,1
SYN-00651,32.0,0,1,47.0,13.0,41.0,4.0,6.0,1,0,9.0,1,1,4.0,0,45.0,32.0,14.0,methamphetamine,0,sham,16,0,0,52.0,1
SYN-00652,33.0,0,3,51.0,14.0,36.0,9.0,8.0,4,0,12.0,0,0,2.7,0,36.0,27.4,11.0,alcohol,1,mPFC/ACC deep TMS,3,0,0,8.56,0
SYN-00653,44.0,0,3,61.0,14.0,51.0,18.0,16.0,1,1,19.0,0,0,4.3,0,38.0,23.7,17.0,methamphetamine,1,mPFC/ACC deep TMS,14,0,1,7.49,0
SYN-00654,34.0,0,2,47.0,9.0,73.0,24.0,9.0,0,1,14.0,1,0,4.9,0,48.0,31.8,10.0,opioid,1,L-DLPFC iTBS,10,1,1,8.08,0
SYN-00655,49.0,0,4,49.0,19.0,64.0,26.0,26.0,1,0,11.0,1,0,4.7,0,54.0,27.7,12.0,methamphetamine,1,L-DLPFC iTBS,8,0,1,23.87,0
SYN-00656,45.0,0,1,69.0,19.0,82.0,22.0,21.0,0,0,8.0,1,0,3.3,0,42.0,36.5,14.0,opioid,1,L-DLPFC iTBS,2,0,1,12.21,0
SYN-00657,32.0,0,1,33.0,11.0,46.0,11.0,5.0,1,0,2.0,1,1,4.6,0,47.0,30.3,14.0,methamphetamine,0,sham,19,0,0,52.0,1
SYN-00658,43.0,0,3,49.0,16.0,52.0,20.0,9.0,3,0,11.0,0,0,3.6,0,54.0,31.7,12.0,methamphetamine,0,sham,19,1,1,4.2,0
SYN-00659,38.0,0,6,58.0,19.0,54.0,13.0,14.0,2,0,9.0,1,0,4.0,0,47.0,28.3,11.0,alcohol,0,sham,7,1,0,52.0,1
SYN-00660,52.0,0,0,39.0,10.0,59.0,11.0,17.0,1,0,12.0,0,1,2.4,1,42.0,26.5,13.0,alcohol,1,L-DLPFC iTBS,12,1,0,8.58,0
SYN-00661,35.0,0,0,46.0,14.0,65.0,13.0,15.0,1,0,7.0,0,0,5.4,0,48.0,33.9,12.0,nicotine,1,L-DLPFC 10Hz,15,1,0,52.0,1
SYN-00662,37.0,0,1,38.0,10.0,84.0,28.0,8.0,1,1,13.0,0,0,4.2,1,46.0,28.5,14.0,methamphetamine,1,L-DLPFC iTBS,12,0,1,12.2,0
SYN-00663,55.0,0,1,55.0,16.0,70.0,29.0,14.0,1,1,11.0,0,1,1.3,1,44.0,23.7,11.0,nicotine,0,sham,3,0,1,19.7,0
SYN-00664,67.0,0,3,46.0,11.0,60.0,26.0,23.0,2,0,9.0,0,1,4.2,0,53.0,31.9,13.0,nicotine,0,sham,18,1,0,52.0,1
SYN-00665,64.0,0,3,62.0,24.0,82.0,7.0,33.0,2,1,13.0,0,1,5.1,1,32.0,28.5,16.0,opioid,0,sham,9,0,1,3.47,0
SYN-00666,43.0,0,3,64.0,14.0,48.0,22.0,15.0,1,1,11.0,0,1,7.0,0,60.0,27.7,14.0,nicotine,0,sham,20,0,0,25.99,0
SYN-00667,44.0,0,4,54.0,15.0,37.0,2.0,11.0,1,1,11.0,0,0,3.4,0,49.0,33.0,16.0,opioid,0,sham,14,0,1,29.97,0
SYN-00668,59.0,0,0,49.0,14.0,69.0,14.0,34.0,2,0,9.0,0,1,6.3,1,38.0,22.5,16.0,nicotine,0,sham,13,1,0,3.18,0
SYN-00669,41.0,0,0,56.0,13.0,62.0,20.0,20.0,1,0,13.0,1,1,3.3,0,51.0,31.8,15.0,nicotine,0,sham,18,1,0,52.0,1
SYN-00670,31.0,0,0,54.0,17.0,60.0,5.0,10.0,1,1,6.0,0,1,5.6,0,48.0,29.9,13.0,nicotine,1,L-DLPFC 10Hz,19,1,0,52.0,1
SYN-00671,43.0,0,0,40.0,11.0,71.0,8.0,11.0,3,0,10.0,1,0,5.4,0,56.0,29.4,14.0,opioid,0,sham,19,0,1,8.47,0
SYN-00672,47.0,0,3,65.0,14.0,55.0,8.0,8.0,1,0,14.0,1,0,4.1,0,54.0,29.3,12.0,alcohol,1,L-DLPFC iTBS,18,1,1,1.04,0
SYN-00673,33.0,0,0,56.0,14.0,57.0,28.0,10.0,4,1,15.0,0,0,3.1,0,47.0,25.9,18.0,alcohol,0,sham,18,0,1,16.87,0
SYN-00674,24.0,0,3,62.0,12.0,66.0,25.0,4.0,1,0,14.0,1,1,3.1,0,52.0,25.7,17.0,alcohol,1,L-DLPFC 10Hz,15,1,0,52.0,1
SYN-00675,26.0,0,2,38.0,15.0,67.0,10.0,7.0,2,0,15.0,0,0,5.9,0,59.0,30.1,9.0,cocaine,1,L-DLPFC iTBS,18,0,1,39.02,0
SYN-00676,49.0,0,0,63.0,17.0,76.0,20.0,8.0,0,0,13.0,0,0,6.1,0,60.0,29.5,16.0,alcohol,1,L-DLPFC iTBS,15,1,0,52.0,1
SYN-00677,34.0,0,2,76.0,21.0,64.0,17.0,6.0,1,0,21.0,1,0,3.9,0,51.0,34.1,12.0,opioid,0,sham,18,0,1,1.52,0
SYN-00678,40.0,0,2,60.0,10.0,64.0,19.0,19.0,3,0,10.0,1,0,4.1,0,48.0,25.6,11.0,alcohol,1,L-DLPFC 10Hz,17,1,0,32.09,0
SYN-00679,44.0,0,1,37.0,11.0,17.0,1.0,23.0,3,0,4.0,0,0,3.8,0,42.0,33.7,13.0,methamphetamine,1,mPFC/ACC deep TMS,14,0,0,52.0,1
SYN-00680,49.0,0,1,53.0,11.0,78.0,30.0,15.0,1,0,4.0,0,1,4.6,1,51.0,38.1,12.0,alcohol,0,sham,13,0,1,10.04,0
SYN-00681,38.0,0,0,52.0,14.0,33.0,7.0,16.0,1,1,5.0,1,0,3.9,0,53.0,22.2,12.0,methamphetamine,1,L-DLPFC 10Hz,14,1,0,52.0,1
SYN-00682,47.0,0,3,55.0,18.0,58.0,22.0,23.0,5,0,12.0,0,0,5.7,0,49.0,36.0,11.0,opioid,1,L-DLPFC iTBS,6,1,1,13.62,0
SYN-00683,32.0,1,1,50.0,14.0,99.0,10.0,5.0,1,0,5.0,0,1,5.5,0,32.0,31.3,18.0,alcohol,1,L-DLPFC 10Hz,20,1,0,52.0,1
SYN-00684,38.0,0,1,58.0,14.0,54.0,17.0,15.0,1,0,7.0,0,1,5.0,1,45.0,28.6,15.0,nicotine,1,L-DLPFC iTBS,20,1,0,44.17,0
SYN-00685,31.0,1,1,48.0,16.0,32.0,11.0,7.0,3,0,14.0,0,0,3.3,0,43.0,29.2,17.0,alcohol,1,L-DLPFC iTBS,15,0,1,5.99,0
SYN-00686,54.0,0,1,56.0,17.0,85.0,30.0,17.0,4,0,6.0,1,0,2.7,0,49.0,34.1,14.0,nicotine,1,L-DLPFC 10Hz,19,1,1,17.34,0
SYN-00687,42.0,0,1,45.0,18.0,48.0,0.0,17.0,2,1,11.0,1,1,3.9,0,46.0,21.0,13.0,cocaine,1,mPFC/ACC deep TMS,18,1,0,21.59,0
SYN-00688,34.0,0,3,54.0,7.0,56.0,19.0,8.0,2,1,15.0,1,0,6.0,0,47.0,34.1,14.0,nicotine,1,mPFC/ACC deep TMS,16,1,1,6.65,0
SYN-00689,38.0,0,2,64.0,17.0,57.0,21.0,16.0,1,0,16.0,1,1,5.2,0,46.0,31.2,8.0,nicotine,0,sham,19,0,0,10.76,0
SYN-00690,40.0,0,2,48.0,11.0,69.0,15.0,10.0,3,1,12.0,0,1,4.3,0,54.0,34.1,10.0,nicotine,0,sham,18,0,1,36.28,0
SYN-00691,50.0,0,2,60.0,12.0,72.0,28.0,13.0,0,1,7.0,0,0,5.5,0,41.0,18.6,10.0,opioid,0,sham,10,0,1,21.36,0
SYN-00692,24.0,0,1,43.0,12.0,55.0,30.0,2.0,2,1,7.0,0,1,5.3,0,49.0,17.0,12.0,alcohol,1,L-DLPFC 10Hz,18,1,0,52.0,1
SYN-00693,31.0,0,3,49.0,9.0,76.0,26.0,10.0,2,1,16.0,1,0,3.4,0,41.0,31.8,18.0,opioid,1,L-DLPFC iTBS,17,1,1,10.02,0
SYN-00694,38.0,0,1,50.0,5.0,43.0,18.0,10.0,1,1,17.0,1,0,6.3,0,53.0,22.3,14.0,cocaine,0,sham,19,0,1,17.59,0
SYN-00695,70.0,1,0,67.0,13.0,71.0,28.0,15.0,2,0,11.0,0,0,5.6,0,50.0,31.2,15.0,alcohol,0,sham,17,0,1,10.54,0
SYN-00696,53.0,0,1,44.0,11.0,47.0,16.0,31.0,2,1,14.0,1,0,3.1,0,49.0,28.0,16.0,methamphetamine,0,sham,13,0,1,11.83,0
SYN-00697,41.0,0,0,66.0,22.0,71.0,27.0,8.0,3,1,15.0,1,0,4.0,1,55.0,22.9,14.0,nicotine,1,L-DLPFC iTBS,2,0,1,0.1,0
SYN-00698,50.0,1,2,37.0,8.0,45.0,17.0,13.0,2,0,9.0,0,0,5.6,1,52.0,20.8,13.0,nicotine,1,L-DLPFC iTBS,14,1,0,20.42,0
SYN-00699,65.0,0,0,51.0,9.0,51.0,8.0,32.0,2,1,15.0,0,0,6.5,0,57.0,33.9,9.0,nicotine,0,sham,19,1,0,20.33,0
SYN-00700,39.0,0,4,63.0,8.0,83.0,12.0,19.0,2,1,9.0,0,1,5.9,0,37.0,29.0,12.0,alcohol,0,sham,16,1,0,52.0,1
SYN-00701,38.0,0,2,61.0,14.0,41.0,21.0,18.0,2,0,14.0,0,1,3.2,1,48.0,22.5,12.0,nicotine,0,sham,9,1,1,3.36,0
SYN-00702,55.0,0,3,42.0,11.0,38.0,16.0,33.0,2,1,13.0,0,1,4.0,0,42.0,31.6,13.0,alcohol,1,mPFC/ACC deep TMS,18,0,0,45.52,0
SYN-00703,47.0,0,3,39.0,11.0,65.0,11.0,14.0,1,0,10.0,1,0,6.1,0,59.0,22.8,15.0,nicotine,1,L-DLPFC 10Hz,19,1,1,14.76,0
SYN-00704,49.0,0,2,63.0,10.0,55.0,15.0,15.0,2,0,10.0,0,0,3.5,1,52.0,31.5,12.0,alcohol,0,sham,3,0,1,0.71,0
SYN-00705,36.0,0,1,39.0,8.0,49.0,25.0,5.0,5,1,16.0,1,1,4.9,0,46.0,23.0,15.0,cocaine,0,sham,14,0,1,0.68,0
SYN-00706,63.0,0,4,59.0,7.0,57.0,1.0,34.0,4,1,9.0,0,1,4.0,0,55.0,29.0,14.0,nicotine,1,L-DLPFC iTBS,12,0,1,10.05,0
SYN-00707,61.0,0,1,47.0,13.0,91.0,14.0,35.0,3,0,8.0,0,0,5.2,0,47.0,33.0,15.0,methamphetamine,0,sham,19,0,0,52.0,1
SYN-00708,48.0,1,1,53.0,8.0,42.0,17.0,8.0,2,0,7.0,1,0,2.8,0,49.0,24.4,12.0,cocaine,1,L-DLPFC iTBS,17,1,1,0.71,0
SYN-00709,50.0,0,4,79.0,8.0,58.0,22.0,15.0,0,0,12.0,0,0,2.6,0,46.0,31.1,18.0,alcohol,0,sham,14,0,1,1.82,0
SYN-00710,22.0,0,1,70.0,21.0,63.0,7.0,3.0,2,0,12.0,0,0,3.1,0,57.0,23.5,14.0,alcohol,1,mPFC/ACC deep TMS,13,0,1,10.77,0
SYN-00711,49.0,0,0,62.0,17.0,45.0,4.0,16.0,1,0,9.0,0,1,6.7,0,48.0,33.2,13.0,nicotine,1,L-DLPFC iTBS,20,1,0,52.0,1
SYN-00712,40.0,1,0,38.0,12.0,55.0,16.0,17.0,3,0,15.0,0,0,7.0,0,58.0,25.1,17.0,nicotine,1,L-DLPFC 10Hz,18,0,1,22.45,0
SYN-00713,47.0,0,2,56.0,15.0,66.0,28.0,15.0,2,1,12.0,0,1,6.6,0,42.0,29.1,16.0,nicotine,1,L-DLPFC 10Hz,19,1,1,18.97,0
SYN-00714,50.0,0,0,54.0,10.0,44.0,12.0,28.0,0,0,14.0,0,0,3.7,0,49.0,23.9,15.0,cocaine,1,L-DLPFC 10Hz,12,1,1,30.4,0
SYN-00715,38.0,0,2,52.0,17.0,76.0,0.0,6.0,2,0,7.0,1,0,3.4,0,41.0,33.9,14.0,methamphetamine,1,mPFC/ACC deep TMS,19,0,0,19.7,0
SYN-00716,23.0,0,3,68.0,12.0,42.0,20.0,4.0,3,0,11.0,0,0,4.8,0,55.0,45.2,13.0,alcohol,1,L-DLPFC iTBS,20,1,1,13.76,0
SYN-00717,46.0,0,2,34.0,17.0,53.0,14.0,24.0,3,0,16.0,0,0,4.3,0,47.0,26.7,14.0,nicotine,1,mPFC/ACC deep TMS,15,0,1,14.86,0
SYN-00718,34.0,0,1,56.0,15.0,64.0,12.0,12.0,3,0,15.0,0,1,3.1,0,40.0,27.5,15.0,alcohol,0,sham,1,1,1,28.82,0
SYN-00719,38.0,0,0,54.0,7.0,100.0,14.0,16.0,2,1,13.0,0,1,5.1,0,54.0,27.2,13.0,alcohol,1,L-DLPFC 10Hz,14,1,1,49.78,0
SYN-00720,35.0,0,0,45.0,15.0,29.0,19.0,8.0,1,0,15.0,0,0,3.3,0,55.0,24.2,16.0,methamphetamine,0,sham,20,0,1,17.62,0
SYN-00721,38.0,0,2,72.0,24.0,66.0,19.0,12.0,5,0,15.0,0,1,5.6,1,48.0,22.3,12.0,alcohol,0,sham,13,0,1,3.89,0
SYN-00722,22.0,0,2,39.0,10.0,97.0,26.0,2.0,1,1,12.0,0,1,4.9,0,43.0,33.6,15.0,alcohol,0,sham,16,1,1,12.11,0
SYN-00723,55.0,0,2,53.0,17.0,49.0,16.0,10.0,2,0,13.0,1,0,4.0,1,50.0,21.0,15.0,nicotine,0,sham,5,0,1,6.47,0
SYN-00724,45.0,0,2,54.0,13.0,76.0,22.0,21.0,2,1,13.0,0,0,2.9,0,61.0,36.4,13.0,cocaine,1,mPFC/ACC deep TMS,5,0,1,30.25,0
SYN-00725,54.0,0,3,33.0,8.0,59.0,22.0,11.0,3,1,9.0,0,0,4.6,0,41.0,24.9,15.0,methamphetamine,0,sham,16,0,1,5.08,0
SYN-00726,64.0,0,1,37.0,1.0,33.0,24.0,18.0,2,1,17.0,1,0,4.6,1,35.0,25.2,15.0,methamphetamine,0,sham,11,0,1,5.39,0
SYN-00727,42.0,0,1,42.0,16.0,63.0,7.0,10.0,3,0,19.0,0,0,5.3,0,48.0,26.1,12.0,methamphetamine,1,L-DLPFC 10Hz,10,0,1,37.79,0
SYN-00728,22.0,0,0,62.0,13.0,45.0,12.0,3.0,3,0,13.0,1,0,4.5,0,37.0,24.1,12.0,opioid,1,L-DLPFC 10Hz,20,0,1,14.67,0
SYN-00729,32.0,1,0,63.0,17.0,61.0,12.0,12.0,1,0,12.0,1,1,4.3,0,35.0,28.5,14.0,nicotine,1,mPFC/ACC deep TMS,20,1,0,24.82,0
SYN-00730,29.0,0,0,60.0,11.0,35.0,24.0,5.0,3,0,20.0,0,0,2.8,1,50.0,26.9,17.0,alcohol,0,sham,8,0,1,1.31,0
SYN-00731,36.0,0,1,56.0,11.0,70.0,15.0,9.0,0,1,13.0,0,0,3.7,0,51.0,21.7,17.0,opioid,1,mPFC/ACC deep TMS,8,0,1,0.1,0
SYN-00732,43.0,0,4,33.0,14.0,17.0,0.0,9.0,4,1,13.0,0,1,4.7,0,54.0,29.1,12.0,cocaine,0,sham,7,0,1,12.87,0
SYN-00733,22.0,0,1,55.0,12.0,56.0,14.0,2.0,0,1,14.0,0,0,5.0,0,51.0,26.6,14.0,cocaine,1,mPFC/ACC deep TMS,16,0,1,0.18,0
SYN-00734,46.0,0,3,47.0,11.0,78.0,13.0,9.0,2,0,12.0,0,0,4.2,1,53.0,35.3,16.0,opioid,1,L-DLPFC 10Hz,19,0,1,2.59,0
SYN-00735,25.0,0,1,66.0,11.0,68.0,11.0,6.0,5,0,11.0,0,0,2.6,0,49.0,34.9,14.0,methamphetamine,0,sham,12,0,1,1.91,0
SYN-00736,45.0,0,3,68.0,17.0,55.0,11.0,13.0,4,0,15.0,1,1,3.0,0,60.0,21.6,16.0,nicotine,0,sham,13,0,1,15.37,0
SYN-00737,41.0,0,1,78.0,21.0,58.0,4.0,9.0,1,1,8.0,0,0,3.6,0,45.0,29.4,13.0,alcohol,1,L-DLPFC 10Hz,15,0,1,5.89,0
SYN-00738,39.0,0,3,61.0,13.0,53.0,0.0,7.0,0,0,16.0,1,0,5.1,0,43.0,30.8,12.0,alcohol,0,sham,20,0,1,46.41,0
SYN-00739,41.0,0,1,62.0,14.0,100.0,30.0,8.0,0,0,18.0,0,1,4.0,0,60.0,26.3,13.0,alcohol,0,sham,18,0,1,22.44,0
SYN-00740,36.0,0,2,41.0,7.0,56.0,14.0,5.0,1,1,10.0,0,0,3.2,0,53.0,25.9,13.0,cocaine,0,sham,16,0,1,5.52,0
SYN-00741,35.0,0,2,54.0,18.0,58.0,7.0,9.0,2,0,11.0,0,0,4.3,0,47.0,29.6,14.0,alcohol,1,L-DLPFC 10Hz,8,0,1,13.98,0
SYN-00742,23.0,0,0,39.0,9.0,44.0,17.0,4.0,0,0,18.0,0,1,4.4,0,49.0,28.8,8.0,alcohol,1,L-DLPFC 10Hz,19,1,0,7.01,0
SYN-00743,42.0,1,0,63.0,15.0,52.0,24.0,20.0,4,1,12.0,1,1,6.0,0,44.0,22.6,11.0,alcohol,1,L-DLPFC iTBS,17,0,1,6.08,0
SYN-00744,62.0,0,1,40.0,17.0,66.0,3.0,18.0,0,1,9.0,0,1,4.5,0,42.0,28.8,13.0,alcohol,1,L-DLPFC iTBS,13,1,0,52.0,1
SYN-00745,64.0,0,2,50.0,12.0,48.0,9.0,15.0,1,0,15.0,0,0,3.8,0,34.0,28.3,13.0,nicotine,1,L-DLPFC 10Hz,11,1,0,39.58,0
SYN-00746,57.0,0,2,44.0,6.0,44.0,14.0,19.0,1,0,7.0,0,0,4.5,0,34.0,31.7,17.0,cocaine,1,mPFC/ACC deep TMS,20,1,0,52.0,1
SYN-00747,50.0,0,1,48.0,9.0,49.0,6.0,8.0,3,0,4.0,0,0,5.1,0,52.0,27.1,14.0,methamphetamine,1,mPFC/ACC deep TMS,12,0,1,25.32,0
SYN-00748,35.0,0,3,58.0,13.0,53.0,18.0,13.0,1,1,12.0,1,0,2.1,0,44.0,21.5,13.0,opioid,1,mPFC/ACC deep TMS,16,1,0,2.05,0
SYN-00749,58.0,0,3,47.0,19.0,60.0,5.0,18.0,0,0,10.0,1,1,4.0,0,42.0,28.0,15.0,alcohol,0,sham,14,1,0,3.94,0
SYN-00750,41.0,0,1,55.0,15.0,51.0,8.0,10.0,4,1,9.0,0,1,3.1,0,44.0,30.8,17.0,alcohol,0,sham,6,0,1,32.01,0
SYN-00751,41.0,0,1,42.0,11.0,53.0,13.0,19.0,0,0,9.0,0,0,3.8,1,53.0,22.9,10.0,methamphetamine,0,sham,8,0,1,4.78,0
SYN-00752,39.0,0,0,68.0,19.0,48.0,16.0,18.0,2,0,11.0,1,1,3.8,0,59.0,29.0,13.0,alcohol,1,L-DLPFC iTBS,19,0,1,15.07,0
SYN-00753,43.0,0,3,46.0,17.0,77.0,19.0,21.0,2,0,10.0,0,0,6.1,0,48.0,30.9,13.0,nicotine,1,L-DLPFC 10Hz,19,1,1,32.29,0
SYN-00754,37.0,0,1,64.0,13.0,61.0,10.0,11.0,1,1,5.0,1,0,5.2,0,40.0,25.8,13.0,opioid,1,L-DLPFC 10Hz,16,1,1,15.33,0
SYN-00755,41.0,0,1,77.0,23.0,57.0,12.0,11.0,0,1,16.0,0,0,4.5,0,43.0,22.1,16.0,nicotine,1,mPFC/ACC deep TMS,19,0,1,0.9,0
SYN-00756,30.0,0,1,33.0,13.0,60.0,0.0,4.0,4,0,9.0,0,1,3.4,1,46.0,31.6,14.0,alcohol,0,sham,3,0,0,52.0,1
SYN-00757,38.0,0,1,42.0,13.0,56.0,30.0,17.0,5,1,10.0,1,0,4.9,0,53.0,39.2,15.0,nicotine,1,L-DLPFC 10Hz,18,1,0,24.0,0
SYN-00758,67.0,0,0,51.0,5.0,33.0,7.0,13.0,1,0,11.0,1,0,5.1,1,49.0,38.2,15.0,nicotine,0,sham,18,0,0,16.03,0
SYN-00759,41.0,0,3,66.0,16.0,57.0,12.0,18.0,1,0,15.0,0,0,2.4,0,54.0,26.3,12.0,nicotine,1,L-DLPFC 10Hz,16,0,1,10.03,0
SYN-00760,39.0,0,3,47.0,17.0,84.0,22.0,17.0,3,1,12.0,0,0,2.5,0,38.0,25.4,11.0,alcohol,1,mPFC/ACC deep TMS,14,1,1,0.5,0
SYN-00761,48.0,0,3,57.0,13.0,67.0,21.0,23.0,5,1,20.0,1,0,5.9,0,51.0,22.8,13.0,methamphetamine,1,L-DLPFC iTBS,20,0,1,2.66,0
SYN-00762,50.0,1,2,45.0,20.0,76.0,21.0,26.0,2,0,4.0,1,0,5.8,0,62.0,29.8,13.0,nicotine,1,L-DLPFC iTBS,20,1,0,52.0,1
SYN-00763,30.0,1,0,59.0,15.0,48.0,8.0,6.0,0,1,15.0,0,0,4.4,0,51.0,27.2,13.0,cocaine,1,L-DLPFC iTBS,19,0,0,32.68,0
SYN-00764,40.0,0,0,39.0,7.0,32.0,0.0,18.0,4,0,14.0,0,0,5.8,0,46.0,26.8,13.0,opioid,1,L-DLPFC 10Hz,13,1,1,9.56,0
SYN-00765,52.0,0,0,62.0,17.0,48.0,12.0,16.0,3,1,2.0,0,0,5.5,0,51.0,33.4,13.0,alcohol,1,L-DLPFC 10Hz,14,0,1,14.68,0
SYN-00766,45.0,0,0,33.0,11.0,77.0,12.0,23.0,4,0,13.0,1,0,7.0,0,56.0,28.0,14.0,alcohol,1,L-DLPFC 10Hz,18,1,0,52.0,1
SYN-00767,43.0,0,3,33.0,13.0,39.0,7.0,7.0,1,0,10.0,1,0,1.3,0,51.0,38.4,14.0,nicotine,1,L-DLPFC iTBS,4,0,1,0.89,0
SYN-00768,59.0,1,2,73.0,16.0,48.0,13.0,33.0,1,0,12.0,1,0,4.6,0,56.0,28.0,16.0,methamphetamine,0,sham,12,0,1,45.67,0
SYN-00769,35.0,0,1,55.0,18.0,76.0,20.0,8.0,2,0,12.0,0,1,5.8,0,36.0,28.1,14.0,opioid,1,L-DLPFC 10Hz,13,0,1,47.1,0
SYN-00770,43.0,0,3,43.0,10.0,53.0,24.0,16.0,2,0,13.0,1,1,4.9,0,50.0,25.5,13.0,opioid,1,mPFC/ACC deep TMS,14,0,0,0.93,0
SYN-00771,36.0,0,1,77.0,18.0,59.0,14.0,5.0,1,0,12.0,1,1,3.4,0,50.0,36.3,13.0,alcohol,0,sham,19,0,1,5.01,0
SYN-00772,58.0,0,3,65.0,11.0,66.0,3.0,10.0,2,1,10.0,0,0,2.7,0,51.0,30.0,14.0,opioid,0,sham,16,0,1,19.26,0
SYN-00773,22.0,0,2,65.0,13.0,61.0,20.0,1.0,3,0,16.0,0,1,5.9,0,48.0,34.6,13.0,alcohol,1,L-DLPFC 10Hz,19,0,1,6.88,0
SYN-00774,35.0,0,1,48.0,13.0,53.0,21.0,7.0,1,0,11.0,1,1,6.9,0,47.0,25.4,14.0,alcohol,0,sham,19,0,0,52.0,1
SYN-00775,36.0,0,3,60.0,12.0,63.0,3.0,8.0,1,0,15.0,0,0,2.0,0,51.0,29.1,15.0,opioid,0,sham,17,0,1,12.06,0
SYN-00776,49.0,0,1,58.0,13.0,47.0,18.0,21.0,1,0,21.0,1,0,3.1,0,38.0,32.6,12.0,alcohol,0,sham,15,0,1,11.65,0
SYN-00777,49.0,0,2,34.0,9.0,55.0,16.0,16.0,1,0,6.0,1,0,5.4,0,44.0,20.7,15.0,opioid,0,sham,19,0,1,31.2,0
SYN-00778,57.0,0,2,59.0,15.0,70.0,13.0,25.0,2,0,9.0,0,0,5.4,0,46.0,31.0,10.0,opioid,0,sham,7,0,1,37.43,0
SYN-00779,25.0,0,2,51.0,16.0,41.0,13.0,3.0,0,1,9.0,0,0,3.8,0,51.0,31.9,15.0,methamphetamine,0,sham,15,0,1,0.51,0
SYN-00780,50.0,0,2,67.0,19.0,57.0,18.0,10.0,2,0,12.0,0,1,2.6,0,48.0,23.2,16.0,opioid,1,L-DLPFC 10Hz,9,0,1,8.4,0
SYN-00781,39.0,1,4,67.0,20.0,42.0,16.0,16.0,1,0,18.0,1,0,5.6,0,42.0,31.7,12.0,cocaine,0,sham,19,0,1,12.1,0
SYN-00782,35.0,0,1,46.0,13.0,69.0,26.0,11.0,2,0,13.0,0,1,6.1,1,55.0,25.0,16.0,alcohol,1,mPFC/ACC deep TMS,16,1,0,52.0,1
SYN-00783,48.0,1,1,46.0,10.0,67.0,17.0,25.0,0,0,15.0,0,0,2.3,0,50.0,26.5,14.0,alcohol,0,sham,7,0,1,24.6,0
SYN-00784,32.0,0,1,55.0,8.0,74.0,18.0,12.0,1,1,18.0,0,1,4.5,0,49.0,26.6,14.0,alcohol,1,mPFC/ACC deep TMS,20,1,0,27.19,0
SYN-00785,22.0,0,1,60.0,13.0,76.0,30.0,2.0,4,1,5.0,1,0,4.9,1,52.0,33.6,14.0,alcohol,0,sham,11,0,1,8.13,0
SYN-00786,38.0,0,2,48.0,10.0,74.0,10.0,8.0,4,0,10.0,0,0,4.4,0,49.0,25.5,15.0,alcohol,1,L-DLPFC 10Hz,18,1,0,52.0,1
SYN-00787,26.0,0,1,51.0,7.0,69.0,15.0,3.0,4,0,9.0,0,1,6.1,0,58.0,27.2,11.0,methamphetamine,1,mPFC/ACC deep TMS,20,1,0,36.5,0
SYN-00788,35.0,0,5,60.0,21.0,47.0,10.0,9.0,1,0,14.0,1,0,4.7,0,47.0,30.4,14.0,opioid,0,sham,18,0,1,7.81,0
SYN-00789,46.0,0,1,58.0,8.0,74.0,24.0,12.0,0,0,8.0,0,1,5.0,0,40.0,26.0,11.0,alcohol,1,L-DLPFC iTBS,19,1,0,52.0,1
SYN-00790,45.0,0,5,66.0,17.0,45.0,21.0,19.0,0,1,18.0,0,0,4.6,0,51.0,33.1,12.0,nicotine,0,sham,13,0,1,0.72,0
SYN-00791,59.0,0,4,55.0,16.0,96.0,12.0,23.0,2,1,10.0,0,1,2.7,0,52.0,25.6,15.0,opioid,1,mPFC/ACC deep TMS,6,0,1,7.26,0
SYN-00792,40.0,0,3,43.0,11.0,61.0,25.0,14.0,2,1,8.0,0,0,7.0,0,54.0,27.6,10.0,alcohol,1,L-DLPFC 10Hz,16,1,0,52.0,1
SYN-00793,25.0,0,7,33.0,19.0,65.0,7.0,3.0,2,0,7.0,1,1,4.0,0,53.0,29.2,15.0,nicotine,1,L-DLPFC 10Hz,0,1,0,32.41,0
SYN-00794,34.0,0,1,62.0,15.0,40.0,30.0,12.0,1,0,8.0,1,1,4.3,0,47.0,30.0,15.0,opioid,0,sham,16,0,1,22.01,0
SYN-00795,32.0,1,4,49.0,10.0,75.0,13.0,8.0,1,0,11.0,1,0,6.0,0,60.0,30.1,12.0,methamphetamine,1,L-DLPFC 10Hz,19,1,0,52.0,1
SYN-00796,29.0,1,3,49.0,19.0,76.0,27.0,9.0,3,0,9.0,0,0,5.3,0,43.0,37.2,12.0,alcohol,1,L-DLPFC iTBS,18,0,1,17.22,0
SYN-00797,47.0,0,2,50.0,10.0,33.0,8.0,16.0,2,0,13.0,1,1,4.3,0,43.0,24.8,12.0,opioid,1,mPFC/ACC deep TMS,13,1,1,41.45,0
SYN-00798,35.0,0,1,35.0,5.0,47.0,18.0,14.0,1,1,9.0,0,0,2.0,0,53.0,33.7,13.0,nicotine,0,sham,4,0,0,52.0,1
SYN-00799,22.0,0,1,48.0,9.0,50.0,7.0,3.0,3,0,13.0,1,0,4.5,1,43.0,41.3,16.0,alcohol,1,L-DLPFC 10Hz,18,0,1,0.28,0
SYN-00800,50.0,0,1,33.0,8.0,45.0,13.0,14.0,7,0,11.0,1,1,6.0,0,57.0,31.5,17.0,alcohol,0,sham,19,1,0,52.0,1
SYN-00801,41.0,0,3,48.0,13.0,80.0,20.0,10.0,4,0,15.0,0,1,4.3,0,41.0,30.1,13.0,opioid,1,L-DLPFC 10Hz,11,1,1,16.34,0
SYN-00802,46.0,0,0,43.0,13.0,91.0,22.0,25.0,2,0,14.0,0,0,2.8,0,50.0,28.4,12.0,alcohol,0,sham,10,0,1,41.92,0
SYN-00803,43.0,0,2,73.0,12.0,44.0,19.0,13.0,1,0,11.0,1,0,5.7,1,49.0,30.0,12.0,alcohol,0,sham,19,0,1,2.55,0
SYN-00804,49.0,0,2,58.0,16.0,76.0,15.0,20.0,5,0,16.0,0,0,7.0,0,44.0,32.6,14.0,methamphetamine,0,sham,20,0,1,40.91,0
SYN-00805,42.0,0,2,50.0,21.0,53.0,11.0,20.0,1,1,9.0,0,1,5.7,0,34.0,32.4,13.0,nicotine,1,L-DLPFC iTBS,13,1,0,52.0,1
SYN-00806,56.0,0,0,55.0,11.0,80.0,9.0,23.0,3,0,9.0,1,0,5.7,0,50.0,25.7,15.0,methamphetamine,0,sham,20,1,0,52.0,1
SYN-00807,47.0,0,1,61.0,14.0,20.0,6.0,9.0,1,0,15.0,0,1,2.3,0,50.0,33.7,17.0,alcohol,0,sham,14,0,1,13.61,0
SYN-00808,46.0,1,4,44.0,14.0,50.0,9.0,14.0,3,0,7.0,1,0,3.9,0,48.0,29.2,11.0,alcohol,0,sham,10,0,0,52.0,1
SYN-00809,47.0,1,1,50.0,17.0,77.0,26.0,17.0,1,0,9.0,0,0,1.7,0,44.0,22.2,14.0,methamphetamine,1,L-DLPFC 10Hz,20,1,1,12.45,0
SYN-00810,26.0,1,2,49.0,10.0,45.0,18.0,7.0,1,0,6.0,0,0,5.7,0,38.0,20.0,9.0,alcohol,1,L-DLPFC 10Hz,20,0,1,2.67,0
SYN-00811,40.0,0,1,80.0,15.0,81.0,14.0,19.0,1,0,8.0,0,0,4.9,0,43.0,32.5,12.0,methamphetamine,0,sham,16,0,1,1.07,0
SYN-00812,39.0,0,1,54.0,10.0,50.0,17.0,9.0,1,0,13.0,1,0,1.4,0,34.0,28.6,12.0,cocaine,0,sham,6,0,1,3.52,0
SYN-00813,44.0,0,3,33.0,14.0,73.0,28.0,8.0,4,0,7.0,0,1,5.4,1,61.0,32.0,11.0,opioid,1,mPFC/ACC deep TMS,16,1,1,1.66,0
SYN-00814,27.0,0,1,62.0,18.0,69.0,15.0,5.0,1,0,18.0,0,1,5.6,0,45.0,22.3,15.0,alcohol,1,L-DLPFC 10Hz,16,0,1,6.83,0
SYN-00815,60.0,0,1,80.0,11.0,55.0,5.0,22.0,8,1,18.0,0,1,3.2,0,58.0,34.9,12.0,cocaine,0,sham,17,0,1,0.53,0
SYN-00816,43.0,0,3,42.0,4.0,44.0,30.0,19.0,2,0,12.0,0,1,4.3,0,47.0,26.9,13.0,opioid,1,L-DLPFC 10Hz,20,1,1,15.59,0
SYN-00817,29.0,0,1,80.0,14.0,59.0,20.0,6.0,3,0,11.0,1,0,6.0,0,60.0,21.3,13.0,cocaine,0,sham,9,0,1,9.15,0
SYN-00818,23.0,0,1,52.0,8.0,77.0,24.0,2.0,2,0,11.0,1,0,2.8,0,43.0,24.6,14.0,methamphetamine,1,L-DLPFC iTBS,16,0,1,24.26,0
SYN-00819,39.0,0,0,64.0,17.0,60.0,30.0,11.0,7,0,11.0,0,0,4.9,0,43.0,34.3,12.0,methamphetamine,0,sham,16,0,1,2.6,0
SYN-00820,41.0,0,1,46.0,13.0,46.0,6.0,9.0,2,1,15.0,0,0,5.8,1,42.0,37.3,10.0,nicotine,0,sham,10,1,0,52.0,1
SYN-00821,34.0,0,3,50.0,20.0,100.0,26.0,12.0,1,1,5.0,0,0,4.8,0,49.0,30.0,16.0,methamphetamine,1,L-DLPFC 10Hz,20,1,0,52.0,1
SYN-00822,43.0,0,2,39.0,14.0,31.0,0.0,15.0,4,0,10.0,0,0,4.2,0,41.0,26.4,13.0,cocaine,1,mPFC/ACC deep TMS,15,0,1,36.73,0
SYN-00823,35.0,0,2,41.0,12.0,53.0,18.0,13.0,3,1,11.0,0,0,4.8,0,37.0,36.3,12.0,methamphetamine,1,mPFC/ACC deep TMS,19,1,0,44.21,0
SYN-00824,48.0,0,1,33.0,14.0,64.0,19.0,10.0,2,0,12.0,0,1,5.3,0,60.0,35.3,16.0,alcohol,1,mPFC/ACC deep TMS,17,1,0,52.0,1
SYN-00825,34.0,0,2,66.0,13.0,43.0,6.0,14.0,2,0,15.0,0,0,5.3,0,58.0,17.0,10.0,alcohol,1,L-DLPFC 10Hz,12,1,1,16.87,0
SYN-00826,42.0,0,1,40.0,6.0,56.0,8.0,13.0,0,0,9.0,1,1,6.6,0,43.0,29.5,14.0,alcohol,0,sham,19,0,0,52.0,1
SYN-00827,53.0,0,0,57.0,14.0,52.0,12.0,23.0,2,0,14.0,0,0,2.7,0,55.0,31.8,10.0,alcohol,0,sham,9,0,1,30.72,0
SYN-00828,70.0,0,2,56.0,17.0,35.0,9.0,40.0,1,1,8.0,1,1,4.4,0,30.0,28.4,14.0,cocaine,0,sham,17,0,0,18.8,0
SYN-00829,31.0,0,1,45.0,6.0,64.0,29.0,9.0,2,0,15.0,0,0,4.4,1,50.0,38.7,14.0,methamphetamine,0,sham,14,1,1,2.28,0
SYN-00830,37.0,0,1,53.0,17.0,40.0,9.0,16.0,3,0,13.0,1,1,6.4,0,64.0,26.2,11.0,nicotine,1,L-DLPFC 10Hz,20,0,0,52.0,1
SYN-00831,33.0,0,0,52.0,16.0,46.0,11.0,5.0,1,0,11.0,0,0,3.1,0,64.0,33.5,11.0,methamphetamine,0,sham,14,0,1,5.68,0
SYN-00832,51.0,0,2,47.0,11.0,77.0,17.0,24.0,5,0,15.0,0,0,6.6,0,54.0,27.8,13.0,opioid,0,sham,15,0,1,9.12,0
SYN-00833,29.0,0,2,53.0,14.0,40.0,0.0,10.0,2,0,9.0,0,1,3.5,0,57.0,29.9,14.0,nicotine,1,mPFC/ACC deep TMS,14,0,1,48.9,0
SYN-00834,37.0,0,0,53.0,12.0,68.0,13.0,14.0,1,0,6.0,0,1,3.5,0,50.0,31.3,14.0,alcohol,0,sham,11,1,1,6.6,0
SYN-00835,42.0,0,3,41.0,12.0,75.0,8.0,19.0,3,0,13.0,0,1,2.9,0,60.0,33.4,13.0,alcohol,1,L-DLPFC iTBS,3,1,1,30.64,0
SYN-00836,31.0,0,0,38.0,14.0,72.0,19.0,4.0,2,0,11.0,0,0,4.4,0,45.0,25.1,13.0,methamphetamine,0,sham,14,0,1,44.53,0
SYN-00837,31.0,0,2,43.0,9.0,64.0,0.0,5.0,2,0,10.0,0,0,4.0,0,30.0,35.2,14.0,methamphetamine,0,sham,18,0,1,22.75,0
SYN-00838,37.0,0,1,54.0,17.0,54.0,5.0,17.0,0,1,9.0,0,1,4.6,0,57.0,31.7,15.0,opioid,0,sham,7,0,1,10.33,0
SYN-00839,22.0,0,3,68.0,19.0,38.0,13.0,2.0,2,1,14.0,0,0,4.1,0,49.0,37.6,18.0,alcohol,1,L-DLPFC 10Hz,18,0,1,1.0,0
SYN-00840,26.0,0,4,69.0,20.0,63.0,0.0,5.0,3,0,16.0,0,0,5.1,0,49.0,22.3,13.0,cocaine,1,L-DLPFC iTBS,6,0,1,27.33,0
SYN-00841,37.0,0,4,56.0,7.0,66.0,4.0,12.0,4,1,9.0,0,0,4.9,0,53.0,25.7,15.0,nicotine,0,sham,19,0,0,12.77,0
SYN-00842,44.0,0,2,63.0,9.0,51.0,22.0,23.0,2,1,7.0,0,1,1.4,1,54.0,31.5,13.0,opioid,1,L-DLPFC iTBS,10,1,1,1.53,0
SYN-00843,40.0,0,1,54.0,16.0,42.0,1.0,10.0,4,0,14.0,1,0,5.9,0,38.0,28.4,13.0,nicotine,1,L-DLPFC 10Hz,15,1,0,36.46,0
SYN-00844,22.0,0,2,65.0,14.0,74.0,18.0,2.0,4,0,9.0,0,0,4.4,0,49.0,19.0,17.0,alcohol,1,mPFC/ACC deep TMS,11,0,0,2.28,0
SYN-00845,37.0,0,2,54.0,11.0,41.0,14.0,11.0,3,1,16.0,0,0,4.4,0,43.0,21.8,13.0,alcohol,0,sham,12,0,1,13.95,0
SYN-00846,51.0,0,0,57.0,11.0,66.0,8.0,26.0,1,1,17.0,1,1,3.8,0,46.0,18.9,17.0,alcohol,0,sham,10,0,1,2.12,0
SYN-00847,48.0,0,1,49.0,8.0,50.0,0.0,12.0,1,1,9.0,0,1,5.6,0,57.0,28.2,15.0,alcohol,0,sham,20,0,1,35.29,0
SYN-00848,41.0,0,3,53.0,12.0,31.0,22.0,7.0,1,1,20.0,0,0,4.0,0,48.0,30.8,16.0,alcohol,0,sham,20,0,1,15.9,0
SYN-00849,32.0,0,1,74.0,15.0,87.0,16.0,5.0,2,0,12.0,1,0,5.6,0,44.0,17.0,11.0,alcohol,1,L-DLPFC 10Hz,9,0,1,17.03,0
SYN-00850,49.0,0,4,39.0,9.0,66.0,21.0,22.0,2,0,10.0,0,0,3.2,0,49.0,29.2,11.0,nicotine,1,L-DLPFC 10Hz,14,0,1,14.84,0
SYN-00851,36.0,1,1,53.0,15.0,67.0,11.0,6.0,0,0,11.0,0,0,6.4,0,47.0,33.3,17.0,methamphetamine,1,L-DLPFC 10Hz,12,1,0,52.0,1
SYN-00852,29.0,0,2,46.0,8.0,34.0,13.0,7.0,0,1,13.0,0,1,6.1,0,49.0,25.8,13.0,nicotine,0,sham,14,0,0,52.0,1
SYN-00853,33.0,0,2,64.0,19.0,58.0,4.0,13.0,3,1,15.0,1,0,2.9,0,55.0,25.9,13.0,alcohol,0,sham,17,0,1,8.86,0
SYN-00854,58.0,0,2,73.0,9.0,65.0,5.0,33.0,0,0,14.0,0,0,5.2,0,48.0,34.5,13.0,methamphetamine,0,sham,20,0,1,2.42,0
SYN-00855,44.0,0,2,49.0,22.0,45.0,4.0,11.0,3,0,9.0,0,0,3.9,0,45.0,17.3,14.0,opioid,1,L-DLPFC 10Hz,16,0,1,1.57,0
SYN-00856,55.0,0,2,33.0,5.0,81.0,14.0,10.0,1,1,9.0,1,1,3.2,0,47.0,30.6,10.0,opioid,1,mPFC/ACC deep TMS,6,1,0,52.0,1
SYN-00857,37.0,1,2,60.0,17.0,27.0,4.0,5.0,2,1,7.0,0,0,3.8,0,40.0,33.3,16.0,alcohol,1,mPFC/ACC deep TMS,9,0,1,44.55,0
SYN-00858,52.0,0,2,60.0,18.0,70.0,15.0,26.0,2,0,8.0,0,0,4.5,0,59.0,29.1,13.0,cocaine,1,L-DLPFC 10Hz,8,0,1,20.61,0
SYN-00859,35.0,0,0,33.0,10.0,25.0,12.0,13.0,1,0,11.0,1,0,3.9,1,53.0,32.6,15.0,alcohol,0,sham,20,1,0,52.0,1
SYN-00860,40.0,0,3,50.0,16.0,32.0,5.0,7.0,2,0,11.0,0,0,5.1,0,34.0,36.2,17.0,opioid,1,L-DLPFC 10Hz,17,1,1,37.27,0
SYN-00861,69.0,0,0,52.0,13.0,37.0,18.0,34.0,2,1,10.0,1,1,5.9,0,47.0,27.6,15.0,alcohol,1,L-DLPFC 10Hz,19,0,0,23.74,0
SYN-00862,50.0,0,0,33.0,4.0,64.0,11.0,12.0,7,0,11.0,0,1,2.9,1,58.0,32.3,12.0,alcohol,1,mPFC/ACC deep TMS,18,1,1,0.61,0
SYN-00863,36.0,1,0,60.0,16.0,47.0,18.0,8.0,2,1,9.0,0,0,2.0,0,36.0,30.1,15.0,methamphetamine,0,sham,15,0,0,22.94,0
SYN-00864,41.0,0,2,58.0,18.0,48.0,23.0,14.0,1,0,12.0,1,1,4.3,0,45.0,29.8,13.0,opioid,0,sham,12,0,1,18.33,0
SYN-00865,46.0,0,1,55.0,12.0,43.0,26.0,25.0,2,0,12.0,1,0,4.6,0,62.0,33.7,14.0,cocaine,0,sham,19,0,0,13.61,0
SYN-00866,55.0,0,3,41.0,5.0,32.0,0.0,11.0,3,0,14.0,1,0,4.7,0,51.0,38.9,14.0,nicotine,0,sham,20,0,0,52.0,1
SYN-00867,37.0,0,1,45.0,10.0,42.0,26.0,14.0,3,0,15.0,1,0,5.4,0,54.0,25.9,14.0,nicotine,0,sham,19,0,1,12.96,0
SYN-00868,23.0,0,1,45.0,13.0,41.0,0.0,4.0,2,0,8.0,1,0,5.2,0,41.0,35.0,11.0,cocaine,1,mPFC/ACC deep TMS,17,1,1,33.7,0
SYN-00869,39.0,0,0,58.0,15.0,53.0,25.0,12.0,1,0,11.0,1,0,2.1,0,61.0,22.9,10.0,nicotine,0,sham,8,0,1,0.75,0
SYN-00870,42.0,0,1,41.0,15.0,50.0,13.0,20.0,3,1,5.0,0,0,4.5,0,53.0,32.9,15.0,alcohol,0,sham,18,0,1,11.35,0
SYN-00871,43.0,0,1,69.0,18.0,21.0,10.0,12.0,1,1,19.0,0,1,3.2,0,59.0,35.1,12.0,alcohol,0,sham,12,0,1,7.55,0
SYN-00872,56.0,0,1,57.0,16.0,48.0,5.0,10.0,4,0,4.0,1,1,4.2,0,41.0,25.9,14.0,nicotine,1,L-DLPFC 10Hz,18,1,1,22.46,0
SYN-00873,45.0,0,1,33.0,3.0,74.0,26.0,14.0,3,0,10.0,0,1,2.9,0,44.0,19.5,12.0,alcohol,1,L-DLPFC iTBS,11,0,1,5.58,0
SYN-00874,51.0,0,2,72.0,25.0,53.0,19.0,19.0,1,0,7.0,1,1,4.8,0,41.0,29.9,13.0,alcohol,1,L-DLPFC 10Hz,2,0,1,1.28,0
SYN-00875,30.0,0,2,54.0,14.0,56.0,10.0,8.0,2,0,12.0,0,1,4.3,0,51.0,25.0,16.0,alcohol,0,sham,19,0,0,52.0,1
SYN-00876,52.0,0,0,46.0,15.0,45.0,7.0,10.0,2,1,12.0,0,0,3.7,0,41.0,35.1,10.0,methamphetamine,1,L-DLPFC 10Hz,18,0,1,38.15,0
SYN-00877,65.0,0,1,54.0,12.0,46.0,19.0,13.0,2,0,14.0,0,0,2.7,0,49.0,37.5,12.0,nicotine,0,sham,17,0,1,5.25,0
SYN-00878,51.0,0,2,33.0,9.0,53.0,22.0,11.0,0,0,8.0,0,1,6.6,1,60.0,33.5,14.0,alcohol,0,sham,4,1,1,29.82,0
SYN-00879,45.0,0,1,55.0,14.0,36.0,17.0,9.0,6,0,14.0,1,0,5.5,0,55.0,32.4,14.0,alcohol,0,sham,13,0,1,4.85,0
SYN-00880,44.0,0,1,33.0,15.0,51.0,10.0,10.0,4,1,8.0,0,0,5.4,0,43.0,24.5,12.0,opioid,1,L-DLPFC 10Hz,19,0,1,4.5,0
SYN-00881,62.0,0,1,41.0,17.0,29.0,9.0,29.0,2,1,8.0,1,0,3.7,0,52.0,26.7,13.0,methamphetamine,1,mPFC/ACC deep TMS,6,0,1,12.86,0
SYN-00882,32.0,1,3,68.0,18.0,65.0,24.0,7.0,3,0,10.0,1,1,3.2,0,41.0,31.3,10.0,alcohol,0,sham,20,1,1,22.13,0
SYN-00883,41.0,0,1,67.0,23.0,34.0,17.0,19.0,2,0,10.0,1,1,6.1,0,55.0,24.2,17.0,nicotine,1,L-DLPFC iTBS,10,1,1,8.23,0
SYN-00884,47.0,1,3,49.0,11.0,67.0,26.0,24.0,6,0,17.0,1,1,3.9,0,39.0,34.3,12.0,nicotine,0,sham,17,1,1,18.82,0
SYN-00885,50.0,0,2,42.0,13.0,71.0,19.0,27.0,2,1,14.0,1,0,5.6,0,54.0,23.7,15.0,nicotine,0,sham,20,0,1,5.88,0
SYN-00886,37.0,0,3,63.0,14.0,32.0,4.0,15.0,1,1,14.0,0,0,6.7,0,56.0,30.4,11.0,cocaine,0,sham,20,1,1,22.28,0
SYN-00887,45.0,0,3,52.0,18.0,68.0,19.0,24.0,2,1,4.0,1,1,2.4,1,38.0,27.9,12.0,opioid,1,L-DLPFC iTBS,16,1,1,11.23,0
SYN-00888,39.0,0,1,55.0,14.0,51.0,17.0,13.0,3,0,11.0,0,1,2.8,0,56.0,30.9,12.0,opioid,0,sham,20,0,0,52.0,1
SYN-00889,43.0,0,1,60.0,18.0,76.0,14.0,13.0,2,0,14.0,1,0,4.9,0,59.0,18.3,12.0,alcohol,1,L-DLPFC iTBS,17,1,1,9.28,0
SYN-00890,41.0,0,2,40.0,17.0,46.0,16.0,12.0,1,0,5.0,1,0,2.6,0,61.0,30.2,12.0,nicotine,1,L-DLPFC 10Hz,18,0,1,21.6,0
SYN-00891,29.0,0,2,62.0,8.0,54.0,7.0,4.0,0,0,15.0,1,1,3.9,0,60.0,25.4,15.0,alcohol,1,L-DLPFC iTBS,18,0,1,2.33,0
SYN-00892,42.0,0,4,33.0,18.0,49.0,15.0,9.0,0,0,7.0,1,1,4.0,1,54.0,22.5,13.0,alcohol,1,L-DLPFC 10Hz,10,1,1,2.43,0
SYN-00893,52.0,0,0,69.0,17.0,79.0,14.0,30.0,1,0,12.0,0,1,5.3,0,54.0,26.8,11.0,alcohol,0,sham,17,0,1,28.12,0
SYN-00894,31.0,0,1,35.0,9.0,23.0,25.0,9.0,0,0,11.0,0,0,3.0,1,44.0,23.3,16.0,nicotine,1,L-DLPFC 10Hz,16,1,1,18.08,0
SYN-00895,39.0,0,1,45.0,5.0,68.0,26.0,17.0,0,1,11.0,1,1,4.7,0,64.0,32.2,15.0,nicotine,1,L-DLPFC 10Hz,19,1,1,14.91,0
SYN-00896,49.0,0,3,45.0,11.0,57.0,17.0,26.0,2,0,11.0,1,1,5.3,1,50.0,17.8,14.0,alcohol,0,sham,15,0,1,20.33,0
SYN-00897,30.0,0,2,61.0,7.0,50.0,3.0,9.0,3,0,14.0,1,1,3.0,0,57.0,32.2,14.0,nicotine,1,mPFC/ACC deep TMS,16,1,0,2.15,0
SYN-00898,44.0,0,0,61.0,15.0,54.0,4.0,13.0,1,1,16.0,0,0,3.1,0,54.0,36.6,14.0,alcohol,0,sham,16,0,1,0.1,0
SYN-00899,30.0,1,2,57.0,14.0,72.0,23.0,3.0,1,1,17.0,0,0,5.6,0,49.0,27.5,12.0,alcohol,1,L-DLPFC iTBS,14,0,1,22.73,0
SYN-00900,54.0,0,1,59.0,21.0,71.0,16.0,19.0,1,0,17.0,0,0,5.4,0,40.0,28.3,15.0,opioid,0,sham,13,0,1,1.11,0
SYN-00901,67.0,0,2,58.0,13.0,84.0,23.0,43.0,0,0,12.0,1,0,2.5,0,54.0,27.6,14.0,cocaine,0,sham,12,1,1,4.39,0
SYN-00902,64.0,0,1,52.0,17.0,46.0,0.0,15.0,1,0,4.0,0,1,2.7,0,50.0,31.0,14.0,alcohol,0,sham,6,0,1,6.86,0
SYN-00903,40.0,0,2,33.0,14.0,23.0,0.0,13.0,4,1,6.0,0,1,6.7,0,42.0,29.7,15.0,opioid,1,L-DLPFC iTBS,17,0,0,52.0,1
SYN-00904,50.0,0,3,33.0,17.0,45.0,13.0,11.0,3,0,9.0,0,0,4.8,0,61.0,24.5,14.0,methamphetamine,0,sham,18,0,0,21.29,0
SYN-00905,43.0,0,2,33.0,9.0,50.0,12.0,19.0,0,1,13.0,0,1,3.9,0,52.0,31.4,12.0,opioid,0,sham,17,0,0,44.66,0
SYN-00906,43.0,0,2,52.0,16.0,49.0,2.0,20.0,0,0,16.0,0,0,4.6,0,46.0,29.0,15.0,alcohol,0,sham,11,1,0,52.0,1
SYN-00907,59.0,0,2,50.0,8.0,76.0,12.0,13.0,5,0,10.0,0,0,4.4,0,45.0,24.5,12.0,cocaine,1,L-DLPFC 10Hz,11,1,1,2.68,0
SYN-00908,27.0,0,1,51.0,9.0,93.0,28.0,6.0,2,0,9.0,1,1,5.0,0,59.0,30.3,11.0,alcohol,1,mPFC/ACC deep TMS,11,1,1,11.02,0
SYN-00909,54.0,0,1,55.0,13.0,63.0,12.0,32.0,2,0,12.0,1,0,6.3,0,46.0,31.0,16.0,nicotine,0,sham,14,0,0,6.76,0
SYN-00910,41.0,0,1,50.0,13.0,28.0,14.0,11.0,6,0,12.0,0,1,6.2,1,46.0,26.6,12.0,alcohol,1,L-DLPFC 10Hz,19,1,1,5.5,0
SYN-00911,57.0,1,2,41.0,7.0,71.0,30.0,22.0,1,1,13.0,0,1,3.8,0,34.0,35.3,13.0,alcohol,1,L-DLPFC iTBS,19,1,1,9.89,0
SYN-00912,44.0,0,3,35.0,9.0,43.0,15.0,14.0,3,0,13.0,0,0,4.0,0,47.0,24.0,16.0,methamphetamine,1,L-DLPFC 10Hz,20,1,1,11.14,0
SYN-00913,35.0,0,1,33.0,12.0,54.0,15.0,8.0,3,0,10.0,0,0,4.2,0,44.0,22.2,14.0,nicotine,1,L-DLPFC 10Hz,17,1,0,52.0,1
SYN-00914,45.0,0,4,66.0,14.0,72.0,13.0,16.0,4,1,4.0,1,1,6.3,1,56.0,39.4,14.0,alcohol,0,sham,5,1,1,31.73,0
SYN-00915,50.0,0,0,63.0,15.0,64.0,26.0,12.0,3,0,11.0,0,1,5.7,0,60.0,18.4,12.0,nicotine,0,sham,14,0,1,12.1,0
SYN-00916,42.0,0,3,37.0,7.0,53.0,2.0,14.0,2,0,0.0,0,0,2.3,1,58.0,17.3,11.0,nicotine,0,sham,4,1,1,30.96,0
SYN-00917,47.0,0,0,49.0,18.0,60.0,7.0,16.0,3,0,11.0,0,1,4.0,0,37.0,31.1,11.0,alcohol,0,sham,15,1,1,7.79,0
SYN-00918,36.0,1,1,57.0,21.0,69.0,17.0,16.0,1,0,21.0,0,0,3.8,0,52.0,27.3,14.0,cocaine,0,sham,10,0,1,10.1,0
SYN-00919,22.0,0,4,71.0,17.0,69.0,5.0,2.0,2,0,17.0,0,1,5.7,0,60.0,28.5,12.0,nicotine,0,sham,19,0,1,7.15,0
SYN-00920,52.0,1,0,45.0,12.0,88.0,29.0,29.0,1,0,12.0,1,0,6.0,0,47.0,20.6,12.0,cocaine,1,L-DLPFC 10Hz,15,1,0,19.02,0
SYN-00921,50.0,0,1,54.0,20.0,9.0,0.0,23.0,1,1,19.0,1,0,3.8,0,48.0,22.1,14.0,opioid,0,sham,14,0,1,23.88,0
SYN-00922,44.0,0,1,66.0,18.0,46.0,17.0,22.0,4,1,9.0,1,1,3.1,0,49.0,21.2,11.0,opioid,1,mPFC/ACC deep TMS,1,0,1,6.61,0
SYN-00923,43.0,0,0,33.0,8.0,44.0,10.0,22.0,2,1,12.0,1,0,4.8,0,38.0,25.7,14.0,methamphetamine,1,L-DLPFC 10Hz,14,1,1,10.43,0
SYN-00924,53.0,0,4,44.0,7.0,68.0,15.0,29.0,3,1,13.0,0,1,5.2,0,46.0,25.3,15.0,cocaine,0,sham,17,0,1,36.17,0
SYN-00925,37.0,1,5,52.0,11.0,60.0,15.0,11.0,1,1,9.0,0,0,4.8,0,48.0,32.6,15.0,methamphetamine,0,sham,19,0,0,52.0,1
SYN-00926,34.0,0,0,44.0,20.0,69.0,1.0,11.0,1,1,9.0,0,0,3.2,0,51.0,28.3,16.0,methamphetamine,0,sham,8,0,0,29.03,0
SYN-00927,40.0,0,2,77.0,16.0,37.0,2.0,8.0,2,1,15.0,0,0,3.9,0,50.0,32.6,13.0,alcohol,0,sham,17,0,1,3.71,0
SYN-00928,55.0,0,1,62.0,26.0,54.0,10.0,32.0,2,0,13.0,1,0,5.1,1,49.0,28.6,12.0,alcohol,1,L-DLPFC iTBS,12,0,1,4.83,0
SYN-00929,27.0,0,1,55.0,14.0,67.0,30.0,7.0,2,0,10.0,0,0,4.9,0,46.0,19.6,13.0,nicotine,1,L-DLPFC iTBS,16,1,1,19.66,0
SYN-00930,55.0,0,2,41.0,11.0,54.0,21.0,21.0,1,1,10.0,0,0,5.3,0,64.0,30.7,12.0,nicotine,1,L-DLPFC 10Hz,20,1,0,52.0,1
SYN-00931,35.0,0,2,62.0,20.0,51.0,19.0,13.0,1,1,14.0,0,0,3.3,0,59.0,19.2,11.0,alcohol,0,sham,16,0,1,1.89,0
SYN-00932,30.0,0,2,60.0,14.0,62.0,7.0,8.0,2,0,11.0,0,1,3.9,0,55.0,31.8,15.0,alcohol,1,L-DLPFC 10Hz,20,1,1,5.38,0
SYN-00933,56.0,1,1,46.0,14.0,82.0,27.0,11.0,1,0,9.0,0,0,4.7,0,51.0,33.5,13.0,opioid,0,sham,19,0,0,52.0,1
SYN-00934,41.0,0,4,47.0,9.0,22.0,18.0,10.0,1,0,13.0,1,0,1.0,0,61.0,24.7,15.0,nicotine,0,sham,20,0,1,15.17,0
SYN-00935,28.0,0,0,36.0,6.0,79.0,25.0,3.0,1,0,10.0,1,0,4.3,0,43.0,36.0,16.0,cocaine,1,L-DLPFC 10Hz,19,1,0,52.0,1
SYN-00936,38.0,0,2,51.0,11.0,61.0,30.0,13.0,1,0,12.0,1,1,5.1,1,56.0,32.3,8.0,cocaine,0,sham,13,0,1,1.98,0
SYN-00937,52.0,0,0,62.0,16.0,44.0,1.0,27.0,0,0,8.0,1,1,4.9,1,55.0,28.5,11.0,nicotine,0,sham,17,1,1,1.47,0
SYN-00938,55.0,0,4,64.0,13.0,69.0,9.0,13.0,1,0,12.0,1,1,3.8,0,48.0,29.2,12.0,alcohol,0,sham,20,1,0,52.0,1
SYN-00939,37.0,1,4,59.0,8.0,58.0,13.0,6.0,1,0,11.0,1,0,4.2,0,36.0,27.6,14.0,alcohol,0,sham,16,0,1,0.55,0
SYN-00940,46.0,0,0,62.0,17.0,77.0,11.0,8.0,2,0,7.0,0,0,5.2,0,37.0,35.3,12.0,cocaine,1,L-DLPFC 10Hz,15,1,1,45.31,0
SYN-00941,50.0,0,1,46.0,12.0,42.0,12.0,19.0,2,1,17.0,0,0,4.4,0,59.0,29.0,14.0,alcohol,0,sham,20,0,1,10.7,0
SYN-00942,35.0,0,2,47.0,11.0,71.0,22.0,15.0,1,0,12.0,0,0,2.7,0,41.0,34.8,14.0,methamphetamine,1,L-DLPFC 10Hz,18,0,1,1.07,0
SYN-00943,46.0,0,2,66.0,14.0,44.0,12.0,24.0,2,0,13.0,0,0,4.9,0,55.0,33.6,13.0,methamphetamine,1,L-DLPFC iTBS,10,1,0,10.58,0
SYN-00944,42.0,0,2,58.0,6.0,62.0,17.0,16.0,1,0,15.0,0,1,2.4,1,48.0,26.0,13.0,nicotine,1,L-DLPFC iTBS,10,0,1,5.06,0
SYN-00945,36.0,1,3,43.0,17.0,66.0,20.0,8.0,0,0,16.0,1,0,3.5,0,46.0,30.8,11.0,methamphetamine,0,sham,19,0,1,6.73,0
SYN-00946,37.0,0,2,58.0,13.0,56.0,21.0,16.0,2,1,15.0,1,0,6.9,0,52.0,28.6,11.0,alcohol,0,sham,20,0,1,18.19,0
SYN-00947,43.0,0,2,62.0,17.0,68.0,12.0,7.0,2,0,10.0,0,1,4.8,0,60.0,37.8,14.0,nicotine,1,mPFC/ACC deep TMS,17,1,0,11.0,0
SYN-00948,42.0,0,2,60.0,20.0,48.0,8.0,14.0,1,0,13.0,1,1,5.4,0,55.0,26.5,11.0,methamphetamine,0,sham,16,0,1,1.04,0
SYN-00949,36.0,0,1,54.0,18.0,74.0,28.0,11.0,1,0,10.0,0,0,5.2,1,59.0,28.2,14.0,alcohol,0,sham,9,1,0,52.0,1
SYN-00950,37.0,0,0,46.0,13.0,47.0,10.0,17.0,1,0,10.0,0,1,5.5,0,41.0,29.0,14.0,nicotine,0,sham,11,0,0,20.34,0
SYN-00951,54.0,0,2,57.0,14.0,46.0,6.0,17.0,1,0,13.0,1,0,4.6,1,45.0,21.8,12.0,alcohol,0,sham,19,0,1,20.76,0
SYN-00952,44.0,0,3,72.0,18.0,57.0,17.0,23.0,4,0,17.0,1,1,5.2,0,59.0,26.8,11.0,alcohol,0,sham,19,0,1,8.57,0
SYN-00953,52.0,0,3,54.0,17.0,56.0,12.0,17.0,0,1,8.0,0,1,4.6,0,49.0,29.5,15.0,nicotine,0,sham,12,1,0,11.31,0
SYN-00954,55.0,0,2,45.0,14.0,42.0,13.0,32.0,1,1,14.0,0,0,3.5,1,47.0,19.7,16.0,nicotine,0,sham,5,0,1,2.16,0
SYN-00955,48.0,0,3,56.0,12.0,70.0,17.0,19.0,3,1,13.0,0,0,4.9,1,38.0,33.7,18.0,methamphetamine,0,sham,9,0,1,9.58,0
SYN-00956,67.0,0,1,38.0,12.0,52.0,19.0,23.0,1,0,7.0,0,1,4.8,0,46.0,23.4,14.0,alcohol,1,mPFC/ACC deep TMS,19,1,0,2.39,0
SYN-00957,33.0,0,0,55.0,15.0,66.0,24.0,9.0,5,0,21.0,1,1,5.6,0,45.0,37.6,15.0,alcohol,0,sham,19,0,0,20.18,0
SYN-00958,51.0,0,2,49.0,15.0,32.0,3.0,21.0,2,1,11.0,1,0,5.9,0,53.0,32.9,11.0,cocaine,0,sham,18,0,1,9.59,0
SYN-00959,39.0,0,1,63.0,16.0,37.0,1.0,11.0,2,0,16.0,1,0,6.1,0,48.0,29.0,12.0,nicotine,0,sham,19,0,1,50.33,0
SYN-00960,62.0,0,1,53.0,18.0,52.0,26.0,15.0,1,0,11.0,0,0,3.4,0,35.0,30.1,14.0,cocaine,0,sham,15,0,1,3.68,0
SYN-00961,61.0,1,2,64.0,16.0,42.0,6.0,11.0,2,0,14.0,1,1,4.8,0,34.0,20.6,12.0,opioid,0,sham,17,0,1,2.54,0
SYN-00962,22.0,0,3,79.0,21.0,58.0,3.0,2.0,1,0,16.0,0,0,6.3,0,58.0,20.4,14.0,opioid,1,mPFC/ACC deep TMS,16,1,1,25.12,0
SYN-00963,31.0,0,3,50.0,13.0,65.0,1.0,11.0,0,0,12.0,1,0,3.9,0,38.0,36.1,16.0,alcohol,1,L-DLPFC 10Hz,6,0,1,37.83,0
SYN-00964,49.0,0,2,43.0,10.0,73.0,18.0,10.0,3,0,11.0,0,1,3.8,0,37.0,31.1,13.0,alcohol,1,L-DLPFC iTBS,18,1,0,15.94,0
SYN-00965,51.0,1,2,58.0,11.0,81.0,14.0,14.0,1,0,16.0,0,0,3.9,0,39.0,26.3,13.0,nicotine,1,L-DLPFC iTBS,19,0,1,16.31,0
SYN-00966,50.0,1,2,51.0,13.0,69.0,2.0,20.0,4,1,15.0,0,0,3.8,0,44.0,27.3,13.0,alcohol,1,L-DLPFC 10Hz,18,1,1,18.27,0
SYN-00967,41.0,0,1,54.0,16.0,45.0,5.0,9.0,3,1,20.0,1,0,3.5,1,51.0,35.2,14.0,nicotine,1,mPFC/ACC deep TMS,15,0,1,2.4,0
SYN-00968,47.0,1,3,45.0,17.0,64.0,8.0,16.0,4,0,12.0,0,1,6.5,0,49.0,33.0,15.0,nicotine,0,sham,20,1,0,10.84,0
SYN-00969,49.0,0,0,59.0,14.0,49.0,21.0,25.0,0,1,6.0,1,1,3.8,0,44.0,26.6,14.0,nicotine,1,L-DLPFC 10Hz,12,0,1,11.65,0
SYN-00970,41.0,0,6,53.0,12.0,65.0,18.0,12.0,1,0,7.0,0,0,4.6,0,45.0,24.7,12.0,opioid,1,mPFC/ACC deep TMS,16,0,0,22.85,0
SYN-00971,53.0,1,1,33.0,8.0,37.0,11.0,27.0,6,1,12.0,1,0,3.5,0,42.0,32.2,11.0,alcohol,0,sham,19,0,1,3.36,0
SYN-00972,22.0,0,3,50.0,18.0,78.0,9.0,3.0,5,0,8.0,1,1,7.0,1,47.0,29.1,15.0,alcohol,1,L-DLPFC 10Hz,19,0,1,28.03,0
SYN-00973,49.0,0,4,56.0,14.0,64.0,15.0,26.0,2,1,7.0,0,0,3.2,0,43.0,30.4,18.0,methamphetamine,1,L-DLPFC 10Hz,14,0,1,0.91,0
SYN-00974,31.0,0,1,66.0,14.0,54.0,19.0,6.0,2,1,16.0,1,1,2.8,1,49.0,28.7,16.0,opioid,1,mPFC/ACC deep TMS,2,0,1,6.48,0
SYN-00975,53.0,0,3,46.0,15.0,34.0,11.0,25.0,1,1,6.0,0,0,5.7,1,40.0,27.3,18.0,alcohol,0,sham,3,0,1,23.71,0
SYN-00976,39.0,0,2,43.0,7.0,59.0,24.0,10.0,4,1,5.0,0,0,3.8,0,45.0,37.5,12.0,cocaine,0,sham,19,0,1,3.05,0
SYN-00977,32.0,0,2,65.0,16.0,50.0,14.0,11.0,0,1,13.0,0,0,4.5,0,51.0,32.7,14.0,nicotine,1,L-DLPFC 10Hz,17,0,1,13.28,0
SYN-00978,46.0,0,3,45.0,12.0,59.0,21.0,19.0,3,1,15.0,0,1,6.5,1,41.0,26.7,10.0,alcohol,0,sham,15,0,1,6.1,0
SYN-00979,32.0,1,1,53.0,13.0,45.0,16.0,10.0,4,0,14.0,0,0,3.0,0,45.0,32.8,16.0,alcohol,0,sham,20,0,1,3.52,0
SYN-00980,32.0,0,1,58.0,10.0,49.0,9.0,6.0,1,1,8.0,0,1,6.5,0,53.0,31.6,14.0,nicotine,1,mPFC/ACC deep TMS,20,1,0,52.0,1
SYN-00981,25.0,0,4,61.0,19.0,68.0,28.0,3.0,1,0,15.0,1,0,3.8,0,47.0,19.3,12.0,nicotine,1,L-DLPFC iTBS,20,0,1,7.45,0
SYN-00982,42.0,0,1,52.0,19.0,80.0,22.0,20.0,0,0,8.0,0,0,1.2,0,46.0,27.9,11.0,alcohol,0,sham,19,1,1,0.79,0
SYN-00983,47.0,0,1,40.0,6.0,34.0,17.0,22.0,5,1,12.0,0,1,4.8,0,47.0,31.1,12.0,alcohol,0,sham,20,1,1,23.99,0
SYN-00984,53.0,0,1,64.0,16.0,55.0,6.0,16.0,3,0,1.0,0,1,3.8,1,49.0,33.2,14.0,alcohol,1,L-DLPFC iTBS,10,0,1,7.99,0
SYN-00985,40.0,0,2,47.0,15.0,62.0,7.0,16.0,3,0,7.0,0,0,2.9,0,30.0,28.3,13.0,alcohol,0,sham,15,0,1,13.27,0
SYN-00986,54.0,1,3,46.0,20.0,53.0,12.0,11.0,3,0,12.0,1,1,7.0,0,51.0,32.4,13.0,alcohol,1,L-DLPFC 10Hz,14,1,0,52.0,1
SYN-00987,42.0,0,2,75.0,16.0,53.0,7.0,11.0,2,0,12.0,1,0,3.7,0,47.0,22.6,12.0,alcohol,0,sham,20,0,1,4.19,0
SYN-00988,41.0,0,3,62.0,12.0,92.0,27.0,12.0,1,0,14.0,0,0,2.2,1,63.0,34.5,14.0,alcohol,1,L-DLPFC iTBS,15,0,1,0.18,0
SYN-00989,48.0,0,2,40.0,11.0,41.0,15.0,18.0,0,0,0.0,0,1,4.5,0,36.0,37.6,14.0,alcohol,0,sham,19,1,0,52.0,1
SYN-00990,54.0,0,2,47.0,20.0,61.0,25.0,25.0,3,0,16.0,0,0,5.8,0,58.0,25.9,13.0,alcohol,0,sham,8,0,1,0.1,0
SYN-00991,38.0,0,3,49.0,13.0,48.0,18.0,6.0,1,1,14.0,0,0,5.5,0,47.0,28.5,10.0,alcohol,0,sham,11,0,1,28.57,0
SYN-00992,39.0,0,1,44.0,13.0,54.0,5.0,11.0,4,0,18.0,1,1,4.3,0,46.0,40.6,16.0,alcohol,1,L-DLPFC 10Hz,18,1,0,52.0,1
SYN-00993,40.0,0,3,33.0,16.0,17.0,14.0,8.0,0,1,8.0,1,0,4.2,0,49.0,26.2,11.0,alcohol,1,mPFC/ACC deep TMS,20,1,0,52.0,1
SYN-00994,43.0,0,0,61.0,7.0,72.0,12.0,22.0,4,0,15.0,0,1,4.0,0,48.0,27.3,14.0,opioid,1,L-DLPFC 10Hz,19,0,1,17.09,0
SYN-00995,32.0,0,2,61.0,7.0,54.0,8.0,4.0,0,1,14.0,1,1,2.9,0,38.0,34.4,14.0,opioid,1,L-DLPFC iTBS,20,1,0,52.0,1
SYN-00996,53.0,0,4,55.0,17.0,41.0,12.0,16.0,4,0,11.0,0,0,5.0,0,51.0,18.4,13.0,alcohol,1,L-DLPFC 10Hz,19,0,1,3.57,0
SYN-00997,38.0,0,2,48.0,15.0,82.0,20.0,8.0,1,0,13.0,1,0,4.9,0,52.0,17.0,13.0,alcohol,1,L-DLPFC 10Hz,15,1,1,20.16,0
SYN-00998,47.0,0,1,55.0,9.0,52.0,22.0,10.0,5,0,12.0,0,1,6.1,0,40.0,22.5,15.0,nicotine,0,sham,19,1,0,52.0,1
SYN-00999,33.0,0,1,60.0,17.0,48.0,30.0,6.0,1,1,14.0,0,0,3.2,0,54.0,41.4,11.0,alcohol,1,L-DLPFC 10Hz,19,1,0,0.85,0
SYN-01000,46.0,0,1,40.0,11.0,41.0,15.0,11.0,0,1,10.0,0,0,6.6,0,49.0,20.5,16.0,opioid,1,L-DLPFC 10Hz,20,1,0,52.0,1
SYN-01001,46.0,0,1,48.0,13.0,73.0,30.0,18.0,1,1,12.0,0,0,5.9,0,53.0,25.7,10.0,alcohol,1,L-DLPFC 10Hz,19,0,1,18.67,0
SYN-01002,37.0,0,2,46.0,9.0,56.0,13.0,12.0,1,0,9.0,0,0,5.7,0,52.0,30.7,12.0,methamphetamine,1,L-DLPFC 10Hz,20,0,1,2.84,0
SYN-01003,64.0,0,1,60.0,13.0,53.0,17.0,32.0,1,0,11.0,1,0,4.2,0,49.0,20.5,14.0,alcohol,0,sham,20,0,1,2.81,0
SYN-01004,46.0,0,1,55.0,11.0,36.0,6.0,25.0,2,0,12.0,1,1,5.3,0,62.0,24.4,16.0,nicotine,0,sham,17,1,1,0.84,0
SYN-01005,62.0,0,2,37.0,11.0,40.0,8.0,22.0,3,0,12.0,0,0,4.3,0,48.0,27.8,19.0,alcohol,1,L-DLPFC 10Hz,18,0,1,44.45,0
SYN-01006,53.0,0,2,45.0,11.0,61.0,26.0,28.0,4,0,13.0,1,1,5.8,0,37.0,36.1,10.0,alcohol,0,sham,16,1,1,16.03,0
SYN-01007,35.0,0,2,72.0,23.0,59.0,19.0,12.0,1,0,16.0,1,1,4.3,0,54.0,25.7,12.0,alcohol,1,L-DLPFC iTBS,14,1,1,3.88,0
SYN-01008,38.0,0,3,41.0,14.0,23.0,11.0,15.0,1,1,8.0,0,0,3.7,0,35.0,35.1,14.0,methamphetamine,0,sham,19,0,1,4.24,0
SYN-01009,47.0,0,3,54.0,8.0,43.0,5.0,20.0,1,1,9.0,1,0,4.2,0,48.0,26.4,16.0,methamphetamine,1,L-DLPFC iTBS,13,1,1,31.06,0
SYN-01010,43.0,0,3,45.0,14.0,59.0,29.0,7.0,1,0,5.0,0,0,3.4,0,46.0,30.7,14.0,nicotine,0,sham,15,0,1,42.4,0
SYN-01011,43.0,0,2,66.0,21.0,100.0,22.0,21.0,2,0,17.0,1,1,5.2,0,31.0,32.8,17.0,nicotine,1,L-DLPFC 10Hz,14,0,0,8.19,0
SYN-01012,39.0,1,3,51.0,14.0,44.0,7.0,14.0,1,1,18.0,1,0,4.2,0,35.0,23.4,14.0,opioid,1,L-DLPFC iTBS,17,1,1,13.24,0
SYN-01013,22.0,0,2,47.0,16.0,20.0,7.0,4.0,4,0,13.0,1,0,3.5,0,65.0,31.2,12.0,nicotine,0,sham,19,0,0,13.4,0
SYN-01014,40.0,0,4,39.0,11.0,67.0,22.0,19.0,0,0,13.0,0,0,7.0,0,42.0,33.0,11.0,methamphetamine,0,sham,16,0,0,52.0,1
SYN-01015,22.0,0,1,49.0,15.0,48.0,19.0,1.0,1,0,9.0,0,1,4.6,0,30.0,37.1,12.0,alcohol,1,L-DLPFC iTBS,19,0,0,52.0,1
SYN-01016,46.0,0,2,62.0,12.0,37.0,22.0,12.0,2,0,13.0,1,0,5.9,1,40.0,29.9,14.0,methamphetamine,1,L-DLPFC iTBS,13,0,1,20.2,0
SYN-01017,34.0,0,2,60.0,18.0,67.0,8.0,9.0,3,1,17.0,1,0,3.7,0,44.0,35.7,14.0,alcohol,0,sham,9,0,1,3.22,0
SYN-01018,34.0,0,2,37.0,6.0,50.0,10.0,13.0,3,0,12.0,0,1,5.2,0,54.0,33.8,8.0,nicotine,0,sham,16,1,1,36.75,0
SYN-01019,40.0,0,0,70.0,21.0,44.0,25.0,8.0,1,1,8.0,1,0,3.7,0,35.0,27.3,13.0,nicotine,0,sham,12,0,1,12.39,0
SYN-01020,45.0,1,3,49.0,7.0,35.0,28.0,17.0,1,0,12.0,1,0,5.4,0,47.0,32.7,13.0,cocaine,0,sham,15,1,0,18.6,0
SYN-01021,26.0,0,4,40.0,4.0,53.0,9.0,3.0,3,0,11.0,1,0,5.1,0,47.0,28.8,13.0,alcohol,0,sham,15,0,1,3.02,0
SYN-01022,23.0,0,4,54.0,16.0,58.0,14.0,3.0,1,0,15.0,1,1,7.0,0,45.0,36.9,13.0,alcohol,0,sham,12,1,0,15.59,0
SYN-01023,30.0,1,2,45.0,11.0,27.0,0.0,5.0,1,0,17.0,0,0,1.9,1,56.0,22.7,10.0,methamphetamine,0,sham,3,0,1,3.57,0
SYN-01024,22.0,0,3,46.0,13.0,71.0,11.0,1.0,2,0,11.0,0,0,4.7,0,46.0,35.5,14.0,alcohol,0,sham,9,0,1,15.92,0
SYN-01025,31.0,0,1,45.0,14.0,35.0,3.0,11.0,0,0,13.0,0,0,6.5,1,31.0,27.8,9.0,alcohol,1,L-DLPFC iTBS,13,1,1,5.96,0
SYN-01026,59.0,0,0,51.0,13.0,79.0,18.0,28.0,2,0,15.0,1,0,2.3,0,46.0,32.3,12.0,nicotine,0,sham,7,0,1,4.97,0
SYN-01027,30.0,0,2,46.0,9.0,61.0,6.0,10.0,2,1,8.0,1,0,5.6,0,41.0,31.9,17.0,methamphetamine,0,sham,14,0,1,35.47,0
SYN-01028,49.0,0,0,33.0,11.0,51.0,21.0,11.0,4,1,10.0,1,1,4.8,0,45.0,20.3,12.0,alcohol,0,sham,19,0,1,30.84,0
SYN-01029,27.0,0,1,58.0,16.0,63.0,15.0,6.0,1,0,6.0,0,0,4.9,0,51.0,24.9,11.0,alcohol,1,L-DLPFC 10Hz,8,1,1,30.15,0
SYN-01030,45.0,0,2,46.0,14.0,46.0,10.0,17.0,2,0,12.0,1,0,3.8,0,30.0,25.8,14.0,alcohol,0,sham,18,1,0,47.83,0
SYN-01031,38.0,1,3,66.0,23.0,57.0,22.0,17.0,1,0,15.0,1,0,3.8,0,47.0,37.4,14.0,methamphetamine,0,sham,20,0,1,3.21,0
SYN-01032,41.0,0,1,58.0,12.0,84.0,18.0,9.0,3,0,13.0,1,1,2.2,1,49.0,25.1,18.0,alcohol,0,sham,18,0,1,1.49,0
SYN-01033,48.0,1,0,59.0,15.0,48.0,3.0,12.0,0,0,14.0,1,0,3.9,0,38.0,32.5,12.0,cocaine,0,sham,19,0,1,24.71,0
SYN-01034,61.0,0,0,54.0,16.0,70.0,18.0,22.0,1,0,9.0,0,0,4.1,0,32.0,35.3,14.0,alcohol,0,sham,14,0,0,23.91,0
SYN-01035,44.0,0,3,67.0,14.0,44.0,29.0,23.0,1,1,10.0,1,0,3.4,0,57.0,31.5,11.0,nicotine,0,sham,20,0,1,1.66,0
SYN-01036,43.0,0,2,48.0,8.0,55.0,15.0,10.0,1,0,16.0,1,1,6.4,1,54.0,20.8,14.0,nicotine,0,sham,10,0,1,13.9,0
SYN-01037,31.0,0,2,41.0,9.0,70.0,21.0,8.0,4,0,13.0,1,0,4.7,0,35.0,24.0,14.0,cocaine,1,L-DLPFC 10Hz,19,1,1,26.04,0
SYN-01038,48.0,0,1,56.0,18.0,38.0,9.0,13.0,0,0,11.0,0,0,5.9,0,42.0,30.1,12.0,nicotine,0,sham,10,0,1,1.22,0
SYN-01039,39.0,0,2,33.0,9.0,59.0,13.0,6.0,2,0,13.0,0,1,5.1,1,41.0,28.5,16.0,nicotine,0,sham,19,0,0,52.0,1
SYN-01040,51.0,0,5,48.0,15.0,21.0,12.0,26.0,0,0,9.0,1,0,3.3,0,45.0,25.2,14.0,alcohol,1,mPFC/ACC deep TMS,15,1,1,15.87,0
SYN-01041,42.0,0,1,55.0,11.0,38.0,0.0,13.0,2,1,8.0,1,1,4.3,0,38.0,31.6,15.0,alcohol,0,sham,10,0,0,52.0,1
SYN-01042,61.0,0,2,47.0,14.0,49.0,3.0,21.0,1,0,13.0,0,1,4.3,0,52.0,28.9,14.0,nicotine,0,sham,19,0,0,14.9,0
SYN-01043,22.0,0,1,66.0,13.0,73.0,13.0,3.0,2,0,12.0,1,0,3.8,0,48.0,30.9,14.0,alcohol,1,L-DLPFC 10Hz,18,1,0,52.0,1
SYN-01044,39.0,1,2,60.0,12.0,69.0,15.0,14.0,0,0,13.0,0,0,5.5,0,55.0,36.4,13.0,alcohol,1,L-DLPFC iTBS,18,1,0,52.0,1
SYN-01045,52.0,0,2,53.0,14.0,42.0,23.0,30.0,3,0,20.0,0,1,5.3,0,47.0,26.4,14.0,opioid,1,mPFC/ACC deep TMS,10,1,0,24.63,0
SYN-01046,38.0,0,4,48.0,13.0,54.0,30.0,7.0,3,0,13.0,0,0,4.2,0,60.0,29.8,16.0,alcohol,1,L-DLPFC 10Hz,14,1,0,52.0,1
SYN-01047,33.0,1,0,65.0,21.0,61.0,21.0,11.0,0,0,13.0,0,1,5.0,0,39.0,21.6,11.0,alcohol,1,L-DLPFC 10Hz,19,1,1,14.63,0
SYN-01048,39.0,0,0,44.0,6.0,30.0,12.0,7.0,1,1,18.0,0,0,3.5,0,53.0,26.7,14.0,nicotine,1,L-DLPFC iTBS,19,0,1,4.63,0
SYN-01049,27.0,0,1,47.0,14.0,62.0,21.0,7.0,1,0,9.0,1,1,4.0,1,53.0,30.7,14.0,alcohol,0,sham,4,0,1,5.51,0
SYN-01050,43.0,0,2,61.0,21.0,79.0,30.0,14.0,1,0,12.0,1,0,6.0,0,47.0,41.3,12.0,opioid,0,sham,18,0,1,8.42,0
SYN-01051,69.0,0,1,59.0,20.0,77.0,11.0,42.0,1,0,10.0,0,1,5.8,1,51.0,29.1,12.0,alcohol,0,sham,4,0,0,11.44,0
SYN-01052,55.0,0,4,75.0,16.0,50.0,9.0,18.0,0,0,13.0,1,0,5.4,0,45.0,31.3,18.0,opioid,1,L-DLPFC 10Hz,19,0,1,19.01,0
SYN-01053,30.0,0,1,50.0,11.0,50.0,15.0,9.0,4,0,20.0,1,1,6.5,1,37.0,25.7,14.0,alcohol,1,L-DLPFC 10Hz,19,1,0,52.0,1
SYN-01054,32.0,0,0,33.0,8.0,39.0,13.0,7.0,2,0,4.0,0,1,4.8,1,46.0,26.9,13.0,alcohol,0,sham,20,0,1,18.24,0
SYN-01055,38.0,0,1,60.0,16.0,50.0,0.0,6.0,3,0,17.0,0,0,4.1,0,55.0,28.4,14.0,nicotine,0,sham,14,1,1,40.84,0
SYN-01056,53.0,0,1,66.0,17.0,54.0,18.0,23.0,2,0,8.0,1,1,4.7,0,30.0,29.2,16.0,nicotine,0,sham,14,0,1,12.2,0
SYN-01057,33.0,1,2,50.0,14.0,67.0,4.0,6.0,4,0,6.0,1,0,5.8,0,61.0,27.4,9.0,nicotine,0,sham,17,0,1,14.84,0
SYN-01058,34.0,0,2,70.0,19.0,60.0,21.0,12.0,4,0,12.0,1,0,6.1,0,37.0,34.5,11.0,methamphetamine,0,sham,16,0,1,3.83,0
SYN-01059,52.0,0,3,72.0,13.0,45.0,19.0,26.0,2,1,13.0,0,1,4.4,0,53.0,28.7,13.0,cocaine,1,L-DLPFC iTBS,9,0,1,0.17,0
SYN-01060,52.0,0,2,45.0,8.0,68.0,0.0,17.0,3,1,10.0,1,0,4.5,1,38.0,25.4,15.0,opioid,0,sham,20,0,1,17.47,0
SYN-01061,38.0,1,4,47.0,8.0,70.0,21.0,7.0,1,1,7.0,1,1,6.0,0,53.0,38.4,14.0,opioid,1,L-DLPFC 10Hz,17,1,0,52.0,1
SYN-01062,30.0,0,4,38.0,6.0,45.0,14.0,9.0,4,0,13.0,0,0,5.4,0,42.0,21.7,13.0,opioid,1,L-DLPFC iTBS,17,1,1,31.1,0
SYN-01063,25.0,0,4,58.0,14.0,53.0,9.0,6.0,3,0,7.0,0,0,4.7,0,49.0,33.7,12.0,opioid,0,sham,16,0,0,36.03,0
SYN-01064,34.0,0,3,60.0,16.0,56.0,22.0,14.0,3,0,14.0,1,0,3.6,0,48.0,31.3,12.0,opioid,0,sham,14,0,1,4.9,0
SYN-01065,22.0,1,2,59.0,24.0,31.0,25.0,3.0,2,0,21.0,0,0,4.3,0,48.0,28.6,15.0,cocaine,0,sham,11,0,1,1.46,0
SYN-01066,50.0,0,0,38.0,13.0,56.0,18.0,12.0,2,0,6.0,1,0,4.8,0,51.0,27.0,11.0,alcohol,1,L-DLPFC iTBS,13,1,0,52.0,1
SYN-01067,35.0,0,6,43.0,12.0,66.0,8.0,14.0,3,0,12.0,1,1,4.9,0,47.0,25.6,9.0,nicotine,1,L-DLPFC iTBS,18,1,0,31.8,0
SYN-01068,47.0,0,2,36.0,16.0,85.0,9.0,15.0,3,1,11.0,0,0,4.7,0,45.0,22.0,11.0,cocaine,1,mPFC/ACC deep TMS,20,1,0,29.21,0
SYN-01069,63.0,0,3,34.0,7.0,57.0,5.0,26.0,5,0,5.0,0,0,6.0,0,58.0,33.1,14.0,nicotine,0,sham,20,1,0,7.63,0
SYN-01070,55.0,0,1,37.0,12.0,50.0,5.0,15.0,0,0,11.0,0,0,4.8,0,44.0,38.1,16.0,nicotine,1,L-DLPFC iTBS,5,1,1,0.65,0
SYN-01071,29.0,0,0,34.0,14.0,51.0,22.0,8.0,1,0,14.0,1,1,4.4,0,47.0,22.3,12.0,alcohol,1,L-DLPFC iTBS,9,1,1,13.33,0
SYN-01072,52.0,0,0,50.0,16.0,66.0,19.0,30.0,1,0,15.0,1,1,4.2,0,52.0,24.4,13.0,alcohol,1,L-DLPFC iTBS,19,0,1,13.35,0
SYN-01073,55.0,0,2,57.0,16.0,70.0,17.0,18.0,0,0,14.0,0,0,4.9,0,41.0,28.4,11.0,methamphetamine,0,sham,18,0,0,18.09,0
SYN-01074,34.0,0,0,59.0,13.0,44.0,19.0,6.0,1,0,10.0,0,0,5.1,0,45.0,29.2,14.0,alcohol,0,sham,15,0,1,4.16,0
SYN-01075,32.0,0,2,52.0,9.0,60.0,15.0,8.0,2,0,11.0,1,0,5.2,0,48.0,33.0,13.0,alcohol,0,sham,19,0,1,13.36,0
SYN-01076,41.0,0,1,44.0,11.0,66.0,17.0,9.0,1,0,8.0,1,0,5.3,0,48.0,25.5,15.0,alcohol,1,L-DLPFC iTBS,17,1,0,52.0,1
SYN-01077,24.0,0,4,52.0,11.0,24.0,1.0,2.0,1,0,16.0,1,0,3.9,0,47.0,20.3,12.0,methamphetamine,0,sham,9,0,1,5.83,0
SYN-01078,58.0,0,0,59.0,17.0,79.0,14.0,22.0,1,1,10.0,1,0,6.0,0,44.0,29.2,12.0,alcohol,0,sham,16,0,1,14.34,0
SYN-01079,22.0,0,0,49.0,12.0,53.0,14.0,2.0,2,1,8.0,0,0,3.3,0,50.0,26.2,14.0,methamphetamine,1,L-DLPFC 10Hz,17,0,0,30.39,0
SYN-01080,30.0,0,2,53.0,16.0,71.0,8.0,3.0,2,0,10.0,0,1,2.0,0,53.0,28.8,12.0,alcohol,0,sham,11,0,1,4.21,0
SYN-01081,39.0,0,0,49.0,7.0,55.0,28.0,18.0,4,0,18.0,0,0,5.4,0,37.0,23.1,12.0,alcohol,0,sham,19,0,1,10.51,0
SYN-01082,40.0,0,1,46.0,16.0,52.0,15.0,20.0,2,0,6.0,1,0,5.4,0,41.0,29.1,16.0,methamphetamine,1,L-DLPFC iTBS,8,0,0,52.0,1
SYN-01083,44.0,0,1,52.0,10.0,55.0,10.0,20.0,2,0,15.0,0,1,3.6,0,47.0,34.9,12.0,alcohol,0,sham,16,0,0,52.0,1
SYN-01084,45.0,0,3,39.0,5.0,59.0,23.0,12.0,1,1,14.0,1,0,4.1,0,49.0,28.9,15.0,methamphetamine,0,sham,17,0,1,12.46,0
SYN-01085,40.0,0,2,64.0,11.0,72.0,9.0,15.0,5,0,11.0,0,1,5.5,0,54.0,33.9,11.0,alcohol,1,L-DLPFC iTBS,20,1,1,9.58,0
SYN-01086,55.0,0,1,34.0,8.0,50.0,22.0,31.0,2,0,11.0,0,0,5.8,0,51.0,22.0,14.0,alcohol,0,sham,19,0,0,52.0,1
SYN-01087,22.0,1,3,57.0,18.0,39.0,12.0,3.0,1,0,7.0,0,0,3.8,0,44.0,33.9,15.0,methamphetamine,1,L-DLPFC 10Hz,17,0,1,12.04,0
SYN-01088,42.0,0,0,37.0,13.0,43.0,27.0,21.0,2,0,12.0,1,0,3.9,0,40.0,26.1,11.0,alcohol,0,sham,13,1,0,51.34,0
SYN-01089,34.0,0,0,69.0,12.0,43.0,7.0,12.0,2,0,14.0,0,1,5.0,0,50.0,30.0,13.0,opioid,1,mPFC/ACC deep TMS,11,0,1,0.27,0
SYN-01090,43.0,1,0,62.0,15.0,70.0,14.0,12.0,0,0,10.0,0,1,6.0,1,42.0,21.2,9.0,opioid,0,sham,18,0,0,12.45,0
SYN-01091,44.0,0,1,43.0,11.0,40.0,5.0,11.0,3,0,12.0,1,0,7.0,0,40.0,33.1,17.0,alcohol,1,L-DLPFC 10Hz,14,1,0,2.79,0
SYN-01092,32.0,0,1,47.0,7.0,80.0,9.0,6.0,0,1,12.0,0,0,4.7,1,54.0,27.5,13.0,alcohol,0,sham,17,0,1,12.4,0
SYN-01093,35.0,1,0,39.0,7.0,57.0,17.0,15.0,0,0,13.0,1,0,5.2,0,42.0,33.1,12.0,opioid,0,sham,19,0,0,52.0,1
SYN-01094,51.0,0,0,51.0,6.0,55.0,6.0,17.0,2,0,14.0,1,1,3.5,0,44.0,30.0,11.0,alcohol,1,mPFC/ACC deep TMS,5,1,1,3.43,0
SYN-01095,46.0,0,0,57.0,11.0,78.0,21.0,18.0,3,0,16.0,0,1,4.2,0,49.0,24.0,17.0,alcohol,1,L-DLPFC 10Hz,19,0,1,25.11,0
SYN-01096,35.0,0,1,80.0,9.0,55.0,9.0,13.0,1,0,13.0,0,1,1.3,0,30.0,34.4,14.0,alcohol,0,sham,16,0,1,0.39,0
SYN-01097,64.0,0,0,37.0,8.0,50.0,22.0,13.0,1,0,13.0,0,0,2.4,0,68.0,35.3,15.0,opioid,1,L-DLPFC iTBS,10,1,1,8.83,0
SYN-01098,67.0,0,3,66.0,13.0,71.0,0.0,21.0,6,0,16.0,1,0,5.8,0,59.0,29.6,14.0,alcohol,1,L-DLPFC 10Hz,13,0,1,4.11,0
SYN-01099,26.0,0,0,45.0,9.0,67.0,20.0,7.0,0,1,17.0,0,0,5.0,0,63.0,27.1,13.0,nicotine,0,sham,20,0,0,16.14,0
SYN-01100,45.0,0,5,55.0,11.0,41.0,12.0,15.0,3,0,12.0,1,0,3.6,0,47.0,32.0,14.0,cocaine,1,L-DLPFC iTBS,14,1,0,52.0,1
SYN-01101,70.0,0,2,62.0,19.0,97.0,23.0,23.0,1,0,11.0,0,0,5.7,0,49.0,30.4,13.0,alcohol,0,sham,18,1,1,45.63,0
SYN-01102,51.0,0,3,58.0,13.0,67.0,12.0,22.0,1,0,10.0,0,0,4.2,0,55.0,24.8,14.0,nicotine,1,L-DLPFC 10Hz,10,0,1,3.92,0
SYN-01103,44.0,0,1,57.0,15.0,37.0,25.0,10.0,1,0,12.0,1,0,3.8,1,49.0,22.6,10.0,cocaine,1,L-DLPFC iTBS,5,0,1,0.89,0
SYN-01104,40.0,0,1,50.0,16.0,53.0,11.0,16.0,1,0,6.0,0,1,3.6,0,50.0,32.8,14.0,methamphetamine,0,sham,16,0,0,52.0,1
SYN-01105,36.0,0,2,52.0,17.0,71.0,21.0,12.0,1,0,8.0,1,1,4.3,0,44.0,25.1,15.0,nicotine,1,L-DLPFC 10Hz,14,1,0,41.51,0
SYN-01106,40.0,0,1,54.0,16.0,60.0,13.0,18.0,4,0,14.0,0,1,6.4,0,41.0,24.3,13.0,alcohol,1,L-DLPFC 10Hz,20,1,1,3.01,0
SYN-01107,36.0,0,1,66.0,14.0,72.0,15.0,7.0,6,0,20.0,1,1,3.8,0,58.0,29.4,14.0,alcohol,0,sham,10,0,1,4.78,0
SYN-01108,50.0,0,1,35.0,6.0,92.0,22.0,11.0,1,0,16.0,1,0,7.0,0,52.0,29.1,14.0,nicotine,0,sham,13,0,1,14.25,0
SYN-01109,38.0,1,1,46.0,9.0,71.0,23.0,14.0,1,0,9.0,0,0,5.3,0,49.0,24.1,11.0,alcohol,0,sham,9,0,1,2.03,0
SYN-01110,37.0,0,0,38.0,9.0,87.0,12.0,12.0,3,0,15.0,1,0,6.0,0,43.0,25.7,13.0,alcohol,0,sham,15,1,0,52.0,1
SYN-01111,29.0,0,1,41.0,11.0,66.0,13.0,9.0,2,1,12.0,1,0,4.6,0,65.0,29.1,15.0,nicotine,1,L-DLPFC iTBS,18,0,1,46.82,0
SYN-01112,41.0,0,2,43.0,11.0,45.0,1.0,20.0,2,0,9.0,1,0,3.1,0,45.0,17.0,8.0,cocaine,0,sham,19,0,1,51.29,0
SYN-01113,32.0,0,0,64.0,19.0,83.0,23.0,12.0,2,0,17.0,1,0,5.6,1,32.0,25.5,15.0,cocaine,1,L-DLPFC 10Hz,16,1,0,4.08,0
SYN-01114,40.0,0,2,76.0,17.0,49.0,6.0,6.0,2,0,17.0,0,0,3.0,0,51.0,22.3,16.0,cocaine,1,L-DLPFC iTBS,16,0,0,2.27,0
SYN-01115,53.0,0,1,67.0,22.0,74.0,12.0,25.0,0,1,16.0,0,1,5.7,0,30.0,32.4,14.0,alcohol,1,L-DLPFC 10Hz,10,0,1,1.75,0
SYN-01116,46.0,0,2,39.0,15.0,65.0,21.0,22.0,2,0,13.0,0,0,5.7,0,58.0,27.4,17.0,cocaine,1,L-DLPFC 10Hz,19,1,0,52.0,1
SYN-01117,48.0,0,2,53.0,12.0,43.0,12.0,21.0,1,0,15.0,1,1,4.4,0,43.0,31.4,14.0,alcohol,0,sham,17,1,1,50.36,0
SYN-01118,46.0,0,2,39.0,14.0,44.0,15.0,11.0,0,0,10.0,0,0,3.6,0,48.0,31.5,15.0,opioid,0,sham,17,0,1,34.83,0
SYN-01119,43.0,0,1,57.0,4.0,55.0,13.0,13.0,0,0,11.0,0,1,3.6,0,48.0,24.0,16.0,opioid,0,sham,16,0,0,8.51,0
SYN-01120,41.0,0,3,66.0,21.0,65.0,20.0,13.0,1,0,11.0,0,1,5.1,0,45.0,34.1,13.0,alcohol,0,sham,13,0,1,7.35,0
SYN-01121,39.0,0,2,59.0,16.0,79.0,20.0,7.0,3,1,15.0,0,0,3.4,0,37.0,28.2,10.0,methamphetamine,0,sham,20,0,1,3.06,0
SYN-01122,50.0,1,5,62.0,17.0,60.0,6.0,21.0,3,0,14.0,1,0,1.0,0,52.0,29.5,13.0,nicotine,1,mPFC/ACC deep TMS,11,1,1,26.89,0
SYN-01123,30.0,0,0,50.0,7.0,87.0,22.0,5.0,1,0,15.0,1,1,2.8,0,50.0,20.3,16.0,cocaine,0,sham,18,0,0,6.84,0
SYN-01124,57.0,0,4,33.0,19.0,68.0,14.0,15.0,2,1,10.0,0,0,5.9,0,41.0,27.3,12.0,cocaine,0,sham,15,0,1,29.26,0
SYN-01125,42.0,1,2,33.0,9.0,44.0,10.0,16.0,1,0,10.0,1,0,5.2,0,53.0,31.3,11.0,cocaine,0,sham,17,1,0,52.0,1
SYN-01126,34.0,0,2,51.0,13.0,47.0,15.0,8.0,5,0,12.0,0,0,3.4,1,53.0,26.4,11.0,alcohol,0,sham,11,0,1,6.09,0
SYN-01127,37.0,0,0,58.0,18.0,59.0,11.0,15.0,1,0,12.0,0,0,4.0,0,40.0,34.2,17.0,nicotine,0,sham,2,0,0,52.0,1
SYN-01128,35.0,1,1,66.0,15.0,51.0,5.0,4.0,1,0,12.0,0,0,3.9,0,48.0,24.1,13.0,methamphetamine,0,sham,17,0,1,9.9,0
SYN-01129,44.0,0,0,48.0,10.0,55.0,24.0,23.0,0,1,17.0,0,1,7.0,0,35.0,24.7,12.0,opioid,1,mPFC/ACC deep TMS,19,0,0,52.0,1
SYN-01130,34.0,1,2,53.0,16.0,70.0,30.0,11.0,2,1,13.0,1,0,3.0,0,30.0,23.1,12.0,nicotine,1,L-DLPFC 10Hz,6,0,1,7.84,0
SYN-01131,55.0,0,2,55.0,10.0,62.0,13.0,17.0,0,1,3.0,0,1,3.3,0,54.0,22.8,14.0,methamphetamine,0,sham,14,0,0,1.65,0
SYN-01132,33.0,0,0,64.0,18.0,75.0,27.0,8.0,2,1,10.0,0,0,4.3,0,48.0,17.0,13.0,methamphetamine,1,L-DLPFC 10Hz,18,1,1,27.18,0
SYN-01133,22.0,0,4,51.0,14.0,46.0,16.0,3.0,4,0,13.0,0,1,5.0,0,57.0,23.1,14.0,nicotine,1,L-DLPFC 10Hz,10,1,1,28.03,0
SYN-01134,34.0,0,0,40.0,15.0,42.0,7.0,14.0,2,0,12.0,0,0,4.0,0,49.0,36.9,13.0,opioid,1,L-DLPFC 10Hz,18,0,1,10.38,0
SYN-01135,22.0,0,2,64.0,11.0,37.0,4.0,2.0,2,0,13.0,1,1,5.4,0,50.0,31.2,13.0,alcohol,1,L-DLPFC 10Hz,18,1,0,42.27,0
SYN-01136,42.0,0,1,57.0,19.0,30.0,7.0,16.0,1,1,11.0,0,1,4.5,0,51.0,26.6,14.0,alcohol,0,sham,20,1,1,37.84,0
SYN-01137,54.0,0,1,56.0,15.0,51.0,10.0,20.0,2,1,18.0,0,0,3.7,0,52.0,35.8,17.0,nicotine,1,L-DLPFC iTBS,19,0,1,11.75,0
SYN-01138,49.0,0,2,38.0,18.0,56.0,12.0,22.0,2,1,8.0,0,1,3.9,0,53.0,25.9,12.0,opioid,0,sham,16,1,1,10.55,0
SYN-01139,27.0,0,0,52.0,11.0,54.0,13.0,7.0,0,0,15.0,0,1,4.3,1,39.0,25.0,10.0,cocaine,1,L-DLPFC iTBS,15,1,0,10.39,0
SYN-01140,34.0,0,1,33.0,17.0,55.0,5.0,8.0,1,0,14.0,1,1,4.6,0,51.0,24.7,17.0,alcohol,1,L-DLPFC 10Hz,11,1,0,52.0,1
SYN-01141,62.0,0,4,33.0,12.0,87.0,28.0,15.0,3,0,14.0,0,0,5.2,0,31.0,33.6,16.0,nicotine,1,L-DLPFC 10Hz,17,1,1,37.41,0
SYN-01142,46.0,0,4,49.0,16.0,39.0,2.0,9.0,3,0,20.0,0,0,6.0,0,50.0,31.2,13.0,opioid,1,L-DLPFC 10Hz,20,1,0,52.0,1
SYN-01143,42.0,0,1,47.0,10.0,52.0,5.0,19.0,1,0,9.0,1,0,4.3,0,65.0,27.3,15.0,cocaine,1,L-DLPFC iTBS,19,1,0,9.49,0
SYN-01144,54.0,0,1,58.0,16.0,51.0,21.0,20.0,2,1,10.0,0,0,5.4,0,64.0,27.3,14.0,methamphetamine,1,L-DLPFC 10Hz,13,1,0,52.0,1
SYN-01145,69.0,0,2,68.0,19.0,45.0,18.0,40.0,3,0,14.0,0,0,5.3,0,60.0,26.3,15.0,alcohol,0,sham,20,0,1,15.19,0
SYN-01146,56.0,0,1,52.0,10.0,79.0,30.0,30.0,2,0,14.0,0,0,3.9,0,43.0,31.2,10.0,cocaine,1,L-DLPFC iTBS,19,1,1,0.91,0
SYN-01147,44.0,0,4,72.0,13.0,60.0,16.0,19.0,2,1,15.0,1,0,1.7,0,53.0,32.1,14.0,cocaine,1,L-DLPFC 10Hz,13,0,1,0.74,0
SYN-01148,46.0,0,2,45.0,9.0,76.0,13.0,10.0,3,1,9.0,1,1,4.7,0,41.0,32.2,17.0,alcohol,0,sham,14,0,0,52.0,1
SYN-01149,49.0,1,1,61.0,20.0,41.0,21.0,28.0,4,0,11.0,0,0,4.7,0,56.0,32.0,13.0,methamphetamine,1,L-DLPFC iTBS,14,1,1,20.44,0
SYN-01150,35.0,0,3,38.0,11.0,85.0,19.0,9.0,2,0,17.0,1,1,6.2,0,46.0,31.1,12.0,nicotine,0,sham,11,1,0,52.0,1
SYN-01151,30.0,0,3,53.0,17.0,94.0,21.0,11.0,3,0,14.0,0,0,2.0,0,43.0,25.6,14.0,nicotine,0,sham,12,0,1,24.41,0
SYN-01152,43.0,0,1,48.0,14.0,43.0,5.0,6.0,3,1,14.0,1,0,5.3,0,51.0,23.5,12.0,methamphetamine,0,sham,13,0,1,9.56,0
SYN-01153,32.0,1,0,50.0,13.0,57.0,18.0,10.0,1,0,15.0,0,1,4.3,1,56.0,24.5,16.0,nicotine,1,mPFC/ACC deep TMS,11,0,1,4.57,0
SYN-01154,41.0,0,1,59.0,15.0,57.0,0.0,19.0,1,0,19.0,1,0,4.9,0,36.0,25.4,11.0,cocaine,1,L-DLPFC 10Hz,14,0,1,34.3,0
SYN-01155,43.0,0,1,33.0,8.0,64.0,20.0,20.0,1,0,10.0,0,1,6.1,0,46.0,39.0,9.0,nicotine,0,sham,18,1,0,52.0,1
SYN-01156,68.0,0,0,53.0,18.0,37.0,0.0,34.0,1,1,13.0,0,1,4.9,0,50.0,30.6,15.0,opioid,1,L-DLPFC 10Hz,18,1,1,7.07,0
SYN-01157,33.0,0,1,43.0,12.0,64.0,23.0,13.0,3,1,6.0,0,0,5.3,0,50.0,34.1,15.0,cocaine,0,sham,16,0,1,48.42,0
SYN-01158,41.0,0,2,53.0,14.0,69.0,5.0,9.0,2,1,11.0,0,1,4.9,0,42.0,26.2,16.0,alcohol,0,sham,17,0,1,17.09,0
SYN-01159,40.0,0,2,56.0,9.0,49.0,18.0,12.0,1,0,13.0,0,1,3.1,0,47.0,33.4,12.0,alcohol,1,L-DLPFC iTBS,19,0,0,47.19,0
SYN-01160,47.0,0,1,48.0,14.0,21.0,27.0,12.0,1,0,14.0,0,1,4.9,0,42.0,29.2,12.0,methamphetamine,0,sham,15,0,0,52.0,1
SYN-01161,54.0,0,2,48.0,10.0,46.0,10.0,28.0,2,0,9.0,1,0,4.1,0,55.0,34.4,13.0,cocaine,0,sham,14,0,0,52.0,1
SYN-01162,37.0,0,0,39.0,9.0,49.0,4.0,12.0,2,0,6.0,1,0,5.1,0,51.0,21.7,17.0,alcohol,0,sham,18,1,1,22.65,0
SYN-01163,33.0,0,1,58.0,18.0,71.0,30.0,11.0,0,1,9.0,0,1,2.3,0,60.0,36.2,12.0,opioid,0,sham,15,0,1,36.24,0
SYN-01164,24.0,0,3,44.0,8.0,47.0,9.0,2.0,2,1,4.0,1,0,5.5,0,43.0,30.8,14.0,cocaine,0,sham,19,0,0,20.06,0
SYN-01165,32.0,0,2,57.0,14.0,40.0,2.0,4.0,0,1,9.0,0,0,4.8,0,42.0,25.2,14.0,nicotine,1,mPFC/ACC deep TMS,12,0,1,29.83,0
SYN-01166,48.0,0,0,36.0,13.0,65.0,26.0,9.0,1,0,11.0,1,0,4.5,0,50.0,31.0,13.0,cocaine,1,L-DLPFC iTBS,13,0,1,13.19,0
SYN-01167,43.0,0,0,67.0,20.0,66.0,0.0,20.0,0,0,15.0,1,0,3.9,0,57.0,24.2,15.0,methamphetamine,1,L-DLPFC iTBS,14,1,1,5.08,0
SYN-01168,31.0,1,3,40.0,9.0,68.0,5.0,8.0,0,0,16.0,0,0,5.8,0,50.0,33.2,16.0,alcohol,0,sham,11,1,0,35.36,0
SYN-01169,38.0,0,2,65.0,17.0,60.0,5.0,6.0,1,0,13.0,0,1,4.8,1,46.0,34.3,10.0,alcohol,0,sham,10,0,0,52.0,1
SYN-01170,42.0,1,0,47.0,13.0,74.0,12.0,7.0,2,0,9.0,0,0,5.5,0,35.0,26.7,17.0,cocaine,0,sham,19,0,1,20.2,0
SYN-01171,48.0,0,1,58.0,10.0,67.0,0.0,22.0,1,0,13.0,1,1,5.0,0,45.0,26.7,14.0,alcohol,0,sham,14,0,0,52.0,1
SYN-01172,35.0,0,2,50.0,5.0,29.0,16.0,6.0,1,0,10.0,1,1,4.0,0,50.0,29.5,14.0,cocaine,0,sham,15,0,1,11.84,0
SYN-01173,39.0,0,2,60.0,8.0,62.0,24.0,14.0,0,0,16.0,1,0,4.8,0,57.0,28.4,16.0,cocaine,0,sham,19,0,1,16.3,0
SYN-01174,22.0,0,2,52.0,16.0,70.0,17.0,2.0,1,1,16.0,0,0,5.5,0,37.0,34.7,13.0,cocaine,1,mPFC/ACC deep TMS,16,1,1,28.09,0
SYN-01175,29.0,0,2,66.0,16.0,60.0,12.0,9.0,5,0,7.0,0,1,3.8,0,52.0,25.4,16.0,opioid,0,sham,11,0,1,47.8,0
SYN-01176,60.0,0,1,60.0,10.0,82.0,7.0,20.0,2,0,11.0,0,0,5.0,0,51.0,26.5,16.0,alcohol,0,sham,15,0,1,2.8,0
SYN-01177,22.0,0,3,60.0,13.0,52.0,17.0,3.0,2,0,20.0,1,0,4.6,0,65.0,27.4,12.0,alcohol,0,sham,14,0,1,17.39,0
SYN-01178,38.0,1,4,71.0,15.0,72.0,12.0,9.0,3,0,17.0,1,0,5.9,1,57.0,34.8,16.0,nicotine,1,L-DLPFC 10Hz,16,0,1,0.36,0
SYN-01179,44.0,0,1,44.0,11.0,37.0,16.0,7.0,5,0,11.0,1,0,4.6,0,36.0,35.6,16.0,alcohol,0,sham,16,0,1,11.8,0
SYN-01180,38.0,0,2,67.0,16.0,60.0,23.0,7.0,3,0,2.0,1,0,4.3,1,44.0,36.0,13.0,nicotine,1,L-DLPFC iTBS,6,0,1,6.14,0
SYN-01181,33.0,0,1,53.0,21.0,49.0,13.0,12.0,4,0,14.0,0,0,3.7,0,46.0,21.7,15.0,alcohol,1,mPFC/ACC deep TMS,17,1,1,6.5,0
SYN-01182,41.0,0,0,35.0,8.0,39.0,0.0,11.0,1,0,12.0,0,0,4.0,0,43.0,39.4,15.0,methamphetamine,0,sham,16,0,1,33.79,0
SYN-01183,42.0,0,0,57.0,15.0,38.0,3.0,17.0,5,1,12.0,0,0,5.0,0,44.0,17.0,9.0,opioid,1,L-DLPFC 10Hz,20,1,0,24.67,0
SYN-01184,41.0,0,1,50.0,10.0,61.0,26.0,9.0,2,1,15.0,1,0,5.9,0,37.0,29.7,12.0,opioid,0,sham,18,1,1,20.09,0
SYN-01185,22.0,0,0,71.0,15.0,67.0,19.0,2.0,3,1,14.0,0,1,2.4,0,44.0,29.2,14.0,opioid,1,L-DLPFC iTBS,10,0,1,1.56,0
SYN-01186,40.0,0,3,46.0,9.0,47.0,24.0,13.0,1,1,14.0,1,0,4.0,0,41.0,29.4,12.0,alcohol,1,L-DLPFC 10Hz,19,0,1,13.41,0
SYN-01187,33.0,1,1,53.0,13.0,38.0,0.0,11.0,2,1,11.0,0,0,4.9,0,46.0,40.7,15.0,nicotine,0,sham,16,1,0,6.83,0
SYN-01188,36.0,0,2,55.0,12.0,44.0,11.0,15.0,2,0,11.0,0,1,5.1,0,44.0,35.0,11.0,nicotine,1,L-DLPFC iTBS,17,1,1,37.85,0
SYN-01189,44.0,0,3,33.0,11.0,67.0,15.0,13.0,5,0,12.0,0,1,3.8,1,49.0,34.8,13.0,alcohol,0,sham,12,0,1,2.51,0
SYN-01190,49.0,0,1,58.0,15.0,39.0,0.0,14.0,1,1,11.0,0,0,3.3,0,48.0,25.5,12.0,alcohol,1,mPFC/ACC deep TMS,17,0,0,19.96,0
SYN-01191,52.0,0,2,41.0,8.0,74.0,13.0,13.0,3,0,7.0,0,1,4.4,0,48.0,40.4,15.0,opioid,1,L-DLPFC 10Hz,17,0,0,22.9,0
SYN-01192,37.0,0,1,68.0,23.0,33.0,18.0,13.0,1,0,8.0,0,1,5.0,0,46.0,24.1,15.0,alcohol,0,sham,15,0,1,0.68,0
SYN-01193,52.0,0,0,71.0,13.0,65.0,21.0,23.0,2,0,14.0,0,1,4.9,0,37.0,32.5,13.0,methamphetamine,1,L-DLPFC iTBS,14,0,1,9.8,0
SYN-01194,55.0,0,1,52.0,15.0,68.0,13.0,16.0,3,0,9.0,0,0,4.0,0,46.0,36.8,14.0,nicotine,1,mPFC/ACC deep TMS,15,1,1,14.38,0
SYN-01195,55.0,0,1,34.0,18.0,75.0,21.0,14.0,5,0,8.0,0,1,5.2,1,58.0,32.8,16.0,nicotine,1,L-DLPFC iTBS,20,1,1,10.55,0
SYN-01196,57.0,0,4,54.0,11.0,51.0,23.0,12.0,2,1,9.0,0,1,4.1,1,48.0,31.1,13.0,alcohol,0,sham,3,0,1,0.69,0
SYN-01197,40.0,0,4,54.0,18.0,46.0,4.0,7.0,0,0,14.0,0,1,4.1,0,48.0,32.9,15.0,opioid,0,sham,16,1,0,52.0,1
SYN-01198,40.0,1,1,60.0,20.0,36.0,13.0,16.0,1,1,5.0,1,1,5.5,0,52.0,24.3,16.0,alcohol,0,sham,18,1,0,30.86,0
SYN-01199,51.0,0,3,49.0,14.0,72.0,26.0,25.0,2,1,3.0,0,1,4.5,0,48.0,32.9,12.0,alcohol,1,mPFC/ACC deep TMS,10,0,1,5.32,0
SYN-01200,27.0,0,2,39.0,4.0,54.0,9.0,5.0,2,0,12.0,0,1,5.5,0,43.0,29.3,11.0,alcohol,1,mPFC/ACC deep TMS,15,1,1,47.97,0
SYN-01201,44.0,0,0,50.0,18.0,50.0,24.0,20.0,3,1,11.0,1,1,5.2,0,46.0,34.2,11.0,alcohol,0,sham,7,0,0,11.69,0
SYN-01202,36.0,0,0,42.0,12.0,50.0,13.0,11.0,2,1,16.0,1,0,4.1,0,40.0,28.1,14.0,opioid,0,sham,13,0,1,24.69,0
SYN-01203,38.0,0,1,72.0,15.0,65.0,25.0,13.0,4,0,12.0,1,0,3.6,0,40.0,34.0,13.0,alcohol,1,L-DLPFC iTBS,18,0,1,1.92,0
SYN-01204,23.0,0,0,44.0,16.0,57.0,22.0,4.0,3,1,6.0,0,0,4.8,0,48.0,24.2,17.0,nicotine,1,L-DLPFC 10Hz,3,0,1,9.95,0
SYN-01205,32.0,0,4,45.0,10.0,76.0,21.0,8.0,4,0,12.0,0,0,4.5,0,44.0,34.1,13.0,alcohol,0,sham,17,1,1,43.03,0
SYN-01206,42.0,0,4,51.0,17.0,23.0,6.0,14.0,2,0,13.0,0,0,6.3,0,39.0,35.1,15.0,methamphetamine,1,L-DLPFC iTBS,20,1,0,14.33,0
SYN-01207,52.0,0,1,38.0,9.0,69.0,12.0,30.0,2,0,12.0,0,0,5.1,1,49.0,23.8,14.0,nicotine,0,sham,10,1,0,52.0,1
SYN-01208,53.0,0,0,47.0,14.0,49.0,14.0,31.0,2,0,13.0,0,0,4.7,0,53.0,25.3,12.0,nicotine,0,sham,14,0,1,7.2,0
SYN-01209,41.0,0,1,50.0,9.0,56.0,16.0,15.0,2,0,19.0,0,0,3.3,0,47.0,22.8,13.0,methamphetamine,0,sham,20,0,1,5.75,0
SYN-01210,40.0,0,0,46.0,11.0,52.0,25.0,13.0,3,0,10.0,1,1,4.2,0,43.0,28.2,16.0,opioid,1,L-DLPFC iTBS,13,1,1,9.94,0
SYN-01211,33.0,0,0,49.0,10.0,56.0,14.0,4.0,3,1,13.0,0,0,5.3,0,63.0,18.8,10.0,methamphetamine,0,sham,19,0,1,9.65,0
SYN-01212,46.0,1,2,66.0,13.0,72.0,20.0,15.0,3,1,12.0,0,0,2.7,0,49.0,28.2,16.0,opioid,0,sham,11,0,1,11.86,0
SYN-01213,39.0,0,2,57.0,15.0,62.0,29.0,9.0,1,0,6.0,1,0,2.9,0,44.0,25.4,13.0,alcohol,1,mPFC/ACC deep TMS,13,1,0,52.0,1
SYN-01214,49.0,0,0,37.0,10.0,32.0,12.0,17.0,1,0,6.0,0,0,5.4,0,55.0,30.5,13.0,nicotine,1,L-DLPFC iTBS,20,0,0,52.0,1
SYN-01215,61.0,0,1,47.0,13.0,56.0,18.0,17.0,2,0,8.0,0,0,5.1,0,60.0,28.5,12.0,opioid,0,sham,19,0,1,12.64,0
SYN-01216,42.0,0,1,60.0,19.0,57.0,28.0,21.0,2,1,11.0,0,0,3.8,0,38.0,39.7,14.0,alcohol,1,L-DLPFC 10Hz,5,0,1,6.06,0
SYN-01217,26.0,0,0,45.0,12.0,63.0,17.0,3.0,2,0,7.0,1,1,4.5,1,39.0,32.2,14.0,nicotine,0,sham,16,0,0,0.52,0
SYN-01218,33.0,0,2,53.0,7.0,59.0,18.0,10.0,2,0,17.0,0,0,3.9,0,46.0,30.3,14.0,alcohol,1,L-DLPFC 10Hz,19,1,1,14.41,0
SYN-01219,26.0,0,0,52.0,12.0,57.0,21.0,2.0,3,0,11.0,0,0,4.4,0,53.0,31.5,13.0,nicotine,0,sham,14,0,1,28.73,0
SYN-01220,29.0,0,2,58.0,15.0,75.0,17.0,6.0,4,1,8.0,1,1,5.6,0,39.0,34.1,8.0,nicotine,1,L-DLPFC 10Hz,15,0,1,21.93,0
SYN-01221,56.0,0,1,50.0,17.0,40.0,2.0,34.0,1,0,9.0,0,0,5.5,0,58.0,30.7,14.0,alcohol,0,sham,14,0,1,11.26,0
SYN-01222,44.0,0,2,50.0,17.0,92.0,10.0,13.0,3,0,12.0,0,1,7.0,0,50.0,26.5,13.0,nicotine,1,L-DLPFC 10Hz,20,0,1,1.6,0
SYN-01223,25.0,0,2,42.0,15.0,47.0,11.0,2.0,0,1,9.0,0,1,6.4,1,62.0,34.4,14.0,alcohol,0,sham,18,0,0,44.21,0
SYN-01224,49.0,0,0,56.0,13.0,42.0,21.0,21.0,0,0,8.0,0,0,5.0,1,49.0,32.6,16.0,nicotine,1,mPFC/ACC deep TMS,16,0,1,14.17,0
SYN-01225,56.0,1,2,42.0,14.0,69.0,25.0,31.0,2,0,7.0,0,0,4.4,0,52.0,18.4,13.0,cocaine,1,L-DLPFC iTBS,19,1,0,21.25,0
SYN-01226,38.0,0,2,72.0,12.0,78.0,30.0,6.0,0,0,13.0,1,0,5.6,0,55.0,25.2,15.0,cocaine,0,sham,19,0,1,3.09,0
SYN-01227,35.0,1,2,52.0,18.0,78.0,26.0,11.0,4,1,18.0,0,1,5.0,0,45.0,30.5,15.0,nicotine,1,L-DLPFC 10Hz,19,1,1,8.0,0
SYN-01228,38.0,0,2,49.0,14.0,81.0,14.0,6.0,0,0,2.0,0,0,4.9,0,39.0,36.8,15.0,alcohol,0,sham,20,0,1,15.21,0
SYN-01229,45.0,0,5,61.0,17.0,67.0,5.0,21.0,2,1,11.0,0,0,5.4,1,46.0,34.4,16.0,methamphetamine,0,sham,16,0,1,3.13,0
SYN-01230,49.0,0,1,51.0,12.0,59.0,11.0,20.0,3,1,12.0,0,0,4.6,0,35.0,29.9,16.0,nicotine,1,L-DLPFC iTBS,15,0,1,6.06,0
SYN-01231,55.0,0,1,53.0,14.0,64.0,14.0,29.0,1,0,9.0,0,1,3.9,0,38.0,30.5,14.0,nicotine,0,sham,20,1,0,7.97,0
SYN-01232,55.0,0,3,51.0,11.0,58.0,9.0,32.0,3,1,19.0,0,1,5.2,0,47.0,32.9,12.0,alcohol,1,L-DLPFC iTBS,4,1,1,3.56,0
SYN-01233,55.0,0,2,44.0,14.0,48.0,20.0,27.0,3,0,12.0,1,0,4.3,0,51.0,29.0,17.0,cocaine,1,L-DLPFC 10Hz,17,1,0,16.93,0
SYN-01234,57.0,0,1,42.0,7.0,82.0,13.0,30.0,4,0,5.0,1,0,3.9,0,55.0,34.2,15.0,opioid,0,sham,20,1,0,13.79,0
SYN-01235,49.0,0,1,44.0,15.0,86.0,25.0,16.0,2,1,12.0,1,0,5.4,0,59.0,24.4,17.0,cocaine,0,sham,16,0,1,2.67,0
SYN-01236,25.0,1,1,65.0,18.0,60.0,22.0,3.0,2,1,8.0,1,0,3.3,0,42.0,32.4,12.0,nicotine,0,sham,9,0,0,4.84,0
SYN-01237,41.0,0,4,45.0,19.0,53.0,0.0,20.0,2,1,14.0,1,0,3.1,0,37.0,23.8,12.0,nicotine,1,L-DLPFC iTBS,15,1,1,42.5,0
SYN-01238,45.0,0,1,47.0,12.0,49.0,10.0,12.0,1,1,11.0,0,1,6.9,0,59.0,26.3,11.0,opioid,1,mPFC/ACC deep TMS,20,0,1,20.88,0
SYN-01239,38.0,0,1,47.0,12.0,30.0,19.0,16.0,5,1,15.0,1,0,5.5,0,49.0,29.2,15.0,methamphetamine,0,sham,17,1,0,37.06,0
SYN-01240,52.0,0,0,60.0,15.0,48.0,20.0,19.0,1,0,9.0,0,1,4.2,0,49.0,34.9,13.0,nicotine,0,sham,20,0,1,38.62,0
SYN-01241,38.0,0,1,74.0,17.0,53.0,15.0,5.0,1,0,14.0,1,0,4.7,0,36.0,17.0,17.0,nicotine,1,L-DLPFC 10Hz,15,0,0,4.42,0
SYN-01242,32.0,0,4,42.0,11.0,56.0,6.0,9.0,3,0,17.0,1,0,4.7,0,39.0,34.6,12.0,opioid,0,sham,17,1,0,19.62,0
SYN-01243,58.0,0,1,58.0,10.0,43.0,6.0,30.0,2,0,11.0,0,0,3.7,0,54.0,24.6,15.0,alcohol,0,sham,20,1,0,52.0,1
SYN-01244,49.0,1,1,53.0,10.0,28.0,10.0,8.0,2,0,8.0,1,0,3.7,0,42.0,29.3,15.0,alcohol,0,sham,14,1,0,32.57,0
SYN-01245,44.0,1,2,49.0,11.0,68.0,27.0,23.0,2,0,10.0,0,0,3.2,0,58.0,37.8,14.0,cocaine,1,L-DLPFC 10Hz,17,1,1,23.53,0
SYN-01246,52.0,0,2,58.0,13.0,86.0,24.0,16.0,1,0,13.0,1,1,5.1,0,40.0,25.9,15.0,nicotine,1,mPFC/ACC deep TMS,19,1,1,34.59,0
SYN-01247,54.0,0,3,38.0,7.0,22.0,7.0,20.0,2,0,9.0,0,0,6.2,0,58.0,17.2,14.0,alcohol,0,sham,18,1,0,45.76,0
SYN-01248,46.0,0,1,61.0,11.0,57.0,17.0,21.0,3,0,13.0,1,0,6.2,0,38.0,37.1,14.0,opioid,0,sham,20,0,0,50.62,0
SYN-01249,22.0,0,1,54.0,13.0,72.0,24.0,3.0,0,1,16.0,1,0,4.8,0,36.0,28.3,15.0,cocaine,1,mPFC/ACC deep TMS,19,1,1,5.82,0
SYN-01250,35.0,0,5,41.0,14.0,38.0,0.0,9.0,3,0,8.0,1,1,6.4,0,46.0,28.1,12.0,alcohol,1,L-DLPFC 10Hz,18,1,0,52.0,1
SYN-01251,37.0,0,2,70.0,16.0,38.0,3.0,17.0,4,1,7.0,1,0,4.6,0,42.0,32.1,16.0,nicotine,0,sham,13,1,1,26.5,0
SYN-01252,31.0,0,2,62.0,18.0,60.0,16.0,4.0,3,0,9.0,0,1,5.8,0,42.0,23.7,15.0,cocaine,0,sham,20,1,1,30.86,0
SYN-01253,44.0,0,1,65.0,19.0,56.0,24.0,19.0,1,1,6.0,1,0,6.2,0,52.0,23.9,16.0,methamphetamine,0,sham,20,0,1,6.27,0
SYN-01254,55.0,0,2,36.0,13.0,45.0,21.0,10.0,0,0,8.0,0,0,4.3,0,54.0,21.8,10.0,cocaine,0,sham,19,1,0,25.31,0
SYN-01255,37.0,0,4,49.0,11.0,84.0,14.0,14.0,3,0,10.0,0,0,4.9,0,38.0,28.8,14.0,alcohol,1,L-DLPFC 10Hz,8,1,1,6.38,0
SYN-01256,30.0,0,3,46.0,11.0,81.0,20.0,9.0,2,0,5.0,0,0,4.5,0,55.0,25.2,13.0,alcohol,1,mPFC/ACC deep TMS,8,1,0,52.0,1
SYN-01257,64.0,0,3,59.0,8.0,70.0,11.0,24.0,1,1,12.0,1,0,3.8,0,59.0,28.4,13.0,methamphetamine,1,L-DLPFC iTBS,18,1,0,20.17,0
SYN-01258,37.0,0,1,67.0,14.0,59.0,12.0,10.0,2,0,12.0,0,0,4.7,0,58.0,31.4,11.0,opioid,1,L-DLPFC 10Hz,7,0,1,15.98,0
SYN-01259,28.0,0,1,33.0,12.0,50.0,14.0,6.0,3,0,4.0,0,0,6.2,0,47.0,24.9,12.0,nicotine,0,sham,19,0,0,23.4,0
SYN-01260,45.0,0,2,52.0,9.0,72.0,15.0,23.0,0,0,10.0,0,0,6.3,0,44.0,26.8,13.0,alcohol,1,mPFC/ACC deep TMS,18,1,1,24.81,0
SYN-01261,47.0,0,1,51.0,18.0,54.0,10.0,10.0,5,0,5.0,0,0,4.0,0,48.0,30.4,15.0,opioid,0,sham,18,0,1,9.67,0
SYN-01262,34.0,0,0,63.0,20.0,84.0,11.0,8.0,1,1,14.0,1,0,4.5,0,50.0,20.4,13.0,cocaine,1,L-DLPFC iTBS,13,0,1,0.6,0
SYN-01263,51.0,0,1,52.0,12.0,78.0,6.0,18.0,4,0,10.0,1,0,6.9,1,41.0,37.2,11.0,alcohol,1,mPFC/ACC deep TMS,16,1,1,5.27,0
SYN-01264,37.0,0,1,38.0,14.0,46.0,11.0,9.0,2,0,12.0,1,1,4.1,0,36.0,37.9,13.0,nicotine,1,mPFC/ACC deep TMS,7,0,1,3.99,0
SYN-01265,32.0,0,1,50.0,8.0,70.0,19.0,6.0,4,1,16.0,0,0,4.5,0,49.0,28.6,12.0,methamphetamine,1,mPFC/ACC deep TMS,13,0,1,3.46,0
SYN-01266,44.0,0,2,40.0,7.0,82.0,25.0,15.0,2,0,13.0,0,1,7.0,0,50.0,32.5,13.0,nicotine,0,sham,20,1,1,8.09,0
SYN-01267,50.0,1,0,43.0,10.0,67.0,10.0,15.0,1,0,10.0,0,0,4.5,0,49.0,32.0,14.0,alcohol,0,sham,18,0,1,19.85,0
SYN-01268,35.0,0,0,52.0,13.0,43.0,6.0,11.0,2,1,12.0,1,0,5.6,0,38.0,21.7,15.0,alcohol,0,sham,8,0,1,11.89,0
SYN-01269,46.0,0,3,47.0,12.0,53.0,24.0,15.0,1,0,9.0,0,0,4.6,0,34.0,25.8,12.0,alcohol,0,sham,19,0,1,6.19,0
SYN-01270,41.0,1,2,55.0,11.0,53.0,17.0,18.0,1,1,11.0,0,0,2.8,0,45.0,29.7,15.0,cocaine,0,sham,12,0,1,5.68,0
SYN-01271,73.0,0,3,35.0,17.0,58.0,22.0,44.0,0,0,16.0,0,1,5.5,0,51.0,26.3,16.0,alcohol,1,L-DLPFC iTBS,16,0,0,46.1,0
SYN-01272,34.0,0,2,78.0,19.0,63.0,11.0,10.0,2,0,10.0,0,0,2.3,0,55.0,36.9,13.0,cocaine,0,sham,15,0,1,1.0,0
SYN-01273,57.0,0,4,66.0,17.0,55.0,9.0,32.0,3,1,11.0,1,0,2.7,0,44.0,30.6,15.0,alcohol,0,sham,20,0,1,8.76,0
SYN-01274,41.0,0,2,60.0,17.0,73.0,9.0,13.0,3,1,12.0,0,0,6.1,0,36.0,30.4,12.0,opioid,0,sham,9,1,0,52.0,1
SYN-01275,41.0,0,2,37.0,11.0,78.0,27.0,11.0,2,0,11.0,0,0,5.6,0,39.0,22.3,13.0,nicotine,0,sham,18,1,1,3.8,0
SYN-01276,50.0,1,3,33.0,9.0,47.0,4.0,20.0,2,0,12.0,1,0,4.7,0,43.0,22.0,13.0,methamphetamine,0,sham,19,0,1,6.02,0
SYN-01277,52.0,0,2,42.0,10.0,33.0,0.0,27.0,4,0,6.0,0,0,5.9,0,53.0,26.0,11.0,opioid,0,sham,18,0,0,52.0,1
SYN-01278,56.0,0,0,49.0,7.0,64.0,10.0,23.0,2,0,9.0,1,0,6.1,0,34.0,35.2,12.0,nicotine,1,L-DLPFC iTBS,19,1,0,52.0,1
SYN-01279,46.0,0,1,77.0,23.0,62.0,26.0,22.0,1,0,12.0,1,0,4.9,0,43.0,22.2,12.0,methamphetamine,1,mPFC/ACC deep TMS,20,0,1,1.13,0
SYN-01280,35.0,0,2,67.0,13.0,68.0,17.0,8.0,3,1,13.0,0,0,3.0,0,42.0,27.8,13.0,alcohol,0,sham,12,0,1,3.81,0
SYN-01281,36.0,0,1,46.0,6.0,47.0,15.0,12.0,4,1,13.0,0,1,3.4,0,47.0,31.0,14.0,nicotine,0,sham,16,0,1,0.56,0
SYN-01282,48.0,0,2,66.0,13.0,65.0,17.0,19.0,2,1,13.0,1,1,5.8,0,45.0,25.5,16.0,alcohol,1,L-DLPFC iTBS,20,0,1,8.53,0
SYN-01283,48.0,0,2,66.0,10.0,46.0,12.0,20.0,3,0,12.0,0,0,4.4,0,40.0,24.6,13.0,alcohol,1,L-DLPFC 10Hz,9,0,1,3.45,0
SYN-01284,57.0,0,1,52.0,20.0,76.0,17.0,21.0,0,0,8.0,1,0,6.1,0,55.0,26.3,13.0,alcohol,1,L-DLPFC 10Hz,5,1,0,47.51,0
SYN-01285,47.0,0,2,66.0,17.0,88.0,10.0,10.0,5,0,8.0,1,1,3.4,0,57.0,23.1,15.0,alcohol,1,mPFC/ACC deep TMS,15,1,0,52.0,1
SYN-01286,54.0,0,2,56.0,19.0,45.0,26.0,9.0,4,0,7.0,0,0,5.3,0,55.0,17.0,15.0,alcohol,1,L-DLPFC 10Hz,15,1,0,52.0,1
SYN-01287,59.0,0,2,45.0,17.0,16.0,5.0,13.0,0,0,13.0,0,1,2.5,1,52.0,20.9,12.0,alcohol,1,mPFC/ACC deep TMS,5,0,1,28.41,0
SYN-01288,44.0,0,1,39.0,13.0,49.0,23.0,8.0,5,0,16.0,0,0,5.6,0,54.0,34.3,12.0,alcohol,0,sham,20,0,1,11.37,0
SYN-01289,26.0,0,1,51.0,15.0,50.0,1.0,4.0,3,0,8.0,0,1,5.1,0,52.0,21.1,13.0,nicotine,0,sham,18,0,1,12.02,0
SYN-01290,29.0,0,1,63.0,13.0,64.0,20.0,5.0,0,0,7.0,0,1,5.9,0,49.0,33.4,14.0,nicotine,1,L-DLPFC 10Hz,20,1,0,52.0,1
SYN-01291,26.0,0,0,37.0,10.0,57.0,5.0,5.0,1,1,9.0,1,0,2.5,0,35.0,18.3,14.0,nicotine,0,sham,19,0,1,3.14,0
SYN-01292,60.0,0,1,34.0,8.0,64.0,6.0,37.0,2,1,11.0,0,1,3.3,0,49.0,27.0,10.0,alcohol,0,sham,18,0,0,11.19,0
SYN-01293,33.0,0,0,58.0,15.0,100.0,25.0,8.0,1,1,9.0,1,0,3.7,0,52.0,22.1,13.0,alcohol,0,sham,11,0,0,4.79,0
SYN-01294,56.0,0,3,33.0,7.0,47.0,21.0,18.0,1,1,9.0,1,1,5.3,0,44.0,23.6,13.0,alcohol,0,sham,10,1,1,0.53,0
SYN-01295,48.0,0,3,72.0,21.0,56.0,25.0,20.0,0,0,14.0,0,0,6.3,1,55.0,31.6,15.0,methamphetamine,0,sham,1,0,1,3.5,0
SYN-01296,61.0,1,2,47.0,15.0,65.0,27.0,25.0,2,0,12.0,0,0,6.0,1,48.0,25.2,12.0,alcohol,0,sham,15,0,1,1.96,0
SYN-01297,53.0,0,1,60.0,14.0,31.0,7.0,10.0,1,1,10.0,0,1,2.9,0,39.0,29.0,11.0,nicotine,0,sham,11,0,0,52.0,1
SYN-01298,41.0,0,1,73.0,11.0,75.0,25.0,18.0,2,0,8.0,1,1,3.8,0,56.0,17.0,15.0,nicotine,0,sham,9,0,1,3.79,0
SYN-01299,40.0,0,4,36.0,13.0,47.0,8.0,11.0,3,0,9.0,0,0,6.4,1,41.0,20.8,16.0,alcohol,1,mPFC/ACC deep TMS,9,1,0,52.0,1
SYN-01300,43.0,0,1,40.0,14.0,34.0,6.0,15.0,4,0,14.0,0,1,5.6,0,51.0,34.7,17.0,opioid,1,L-DLPFC 10Hz,14,1,0,52.0,1
SYN-01301,44.0,0,0,77.0,18.0,49.0,15.0,17.0,5,0,7.0,1,0,2.8,0,39.0,31.9,13.0,nicotine,0,sham,11,0,1,0.1,0
SYN-01302,36.0,0,1,49.0,8.0,67.0,16.0,15.0,2,0,16.0,0,0,5.4,0,38.0,26.1,14.0,nicotine,0,sham,12,0,0,10.15,0
SYN-01303,42.0,0,0,51.0,15.0,72.0,24.0,11.0,0,1,11.0,1,0,5.4,0,52.0,28.2,13.0,cocaine,0,sham,13,1,1,0.9,0
SYN-01304,60.0,0,2,55.0,18.0,80.0,5.0,23.0,0,1,16.0,1,0,5.6,0,43.0,29.5,11.0,alcohol,0,sham,16,1,1,16.67,0
SYN-01305,23.0,0,1,64.0,9.0,68.0,26.0,4.0,3,0,9.0,1,0,4.6,0,45.0,28.8,15.0,alcohol,0,sham,18,1,1,21.61,0
SYN-01306,45.0,0,2,67.0,18.0,50.0,9.0,23.0,0,0,9.0,1,0,4.9,0,45.0,28.5,18.0,alcohol,0,sham,4,0,1,9.68,0
SYN-01307,32.0,0,0,53.0,7.0,68.0,29.0,10.0,0,0,6.0,1,1,5.8,0,50.0,29.1,15.0,opioid,0,sham,15,1,0,52.0,1
SYN-01308,44.0,1,3,48.0,13.0,57.0,24.0,20.0,0,0,11.0,0,0,5.1,0,60.0,30.1,12.0,alcohol,1,mPFC/ACC deep TMS,20,1,0,23.31,0
SYN-01309,51.0,0,3,52.0,20.0,97.0,13.0,9.0,2,0,11.0,1,0,5.9,0,45.0,36.2,15.0,opioid,0,sham,11,0,1,0.32,0
SYN-01310,41.0,1,1,55.0,14.0,27.0,8.0,14.0,1,1,10.0,0,1,5.6,0,50.0,26.6,14.0,opioid,0,sham,5,1,1,28.64,0
SYN-01311,51.0,0,3,67.0,18.0,87.0,26.0,15.0,4,0,12.0,1,0,5.3,1,45.0,17.2,15.0,alcohol,0,sham,6,0,1,2.08,0
SYN-01312,25.0,0,1,54.0,13.0,72.0,11.0,4.0,1,1,13.0,1,1,4.2,0,61.0,31.5,12.0,nicotine,0,sham,20,0,0,15.12,0
SYN-01313,54.0,1,2,72.0,17.0,69.0,11.0,24.0,4,1,9.0,1,1,5.3,0,50.0,37.6,11.0,alcohol,1,mPFC/ACC deep TMS,20,0,1,6.08,0
SYN-01314,35.0,0,2,42.0,20.0,56.0,12.0,9.0,0,0,13.0,0,0,5.9,1,42.0,38.5,12.0,nicotine,0,sham,12,0,0,6.92,0
SYN-01315,49.0,0,2,58.0,19.0,51.0,19.0,25.0,2,1,6.0,0,1,3.9,0,44.0,29.8,14.0,alcohol,0,sham,17,0,1,0.92,0
SYN-01316,44.0,0,2,72.0,16.0,47.0,20.0,20.0,1,0,10.0,0,1,3.4,1,61.0,31.3,9.0,methamphetamine,0,sham,4,0,1,5.01,0
SYN-01317,22.0,0,3,66.0,15.0,37.0,7.0,1.0,1,1,13.0,1,0,5.0,0,49.0,42.1,9.0,cocaine,1,mPFC/ACC deep TMS,20,0,1,4.75,0
SYN-01318,34.0,0,0,56.0,14.0,93.0,28.0,13.0,2,0,10.0,1,1,5.4,0,64.0,21.0,12.0,opioid,0,sham,16,0,1,0.93,0
SYN-01319,44.0,0,2,42.0,19.0,73.0,30.0,19.0,5,1,11.0,1,0,3.8,0,41.0,31.1,14.0,alcohol,0,sham,11,0,1,4.76,0
SYN-01320,59.0,0,1,44.0,13.0,69.0,24.0,33.0,2,0,5.0,1,0,5.2,0,54.0,30.7,14.0,alcohol,0,sham,17,0,0,52.0,1
SYN-01321,45.0,0,3,50.0,17.0,65.0,10.0,12.0,0,0,10.0,1,1,7.0,0,46.0,24.3,13.0,alcohol,0,sham,19,1,0,52.0,1
SYN-01322,45.0,0,2,55.0,13.0,29.0,2.0,14.0,2,0,11.0,0,0,2.3,1,48.0,31.3,12.0,nicotine,0,sham,2,0,1,2.05,0
SYN-01323,26.0,1,0,49.0,8.0,55.0,17.0,6.0,1,0,6.0,1,0,5.1,0,50.0,29.2,15.0,alcohol,1,L-DLPFC 10Hz,19,0,1,49.78,0
SYN-01324,58.0,0,3,36.0,15.0,59.0,22.0,33.0,2,0,12.0,0,1,5.1,0,55.0,24.1,13.0,alcohol,1,L-DLPFC 10Hz,19,1,1,8.95,0
SYN-01325,62.0,0,1,44.0,12.0,77.0,22.0,19.0,2,0,6.0,0,0,4.8,0,47.0,28.1,10.0,nicotine,0,sham,7,0,1,22.83,0
SYN-01326,42.0,0,4,58.0,12.0,44.0,9.0,17.0,0,1,8.0,0,0,4.5,0,52.0,40.1,14.0,nicotine,0,sham,10,0,0,52.0,1
SYN-01327,40.0,0,0,61.0,13.0,65.0,9.0,11.0,0,1,7.0,0,0,5.1,0,43.0,29.1,12.0,cocaine,0,sham,5,0,1,19.82,0
SYN-01328,24.0,0,0,36.0,8.0,53.0,24.0,3.0,3,0,11.0,0,1,4.6,0,44.0,27.2,11.0,opioid,0,sham,9,0,1,11.64,0
SYN-01329,52.0,0,5,48.0,10.0,59.0,14.0,19.0,2,1,8.0,0,0,4.1,0,53.0,35.6,14.0,alcohol,0,sham,17,1,0,52.0,1
SYN-01330,72.0,1,2,33.0,4.0,44.0,27.0,27.0,1,0,12.0,0,0,5.7,0,55.0,30.3,15.0,nicotine,0,sham,11,1,1,31.03,0
SYN-01331,50.0,0,2,46.0,17.0,64.0,7.0,26.0,1,0,13.0,0,0,7.0,0,49.0,32.2,10.0,methamphetamine,0,sham,14,1,1,25.28,0
SYN-01332,56.0,0,1,80.0,20.0,65.0,14.0,30.0,0,0,11.0,0,1,4.2,0,62.0,32.1,13.0,alcohol,1,mPFC/ACC deep TMS,12,0,1,4.23,0
SYN-01333,48.0,0,2,53.0,17.0,30.0,4.0,8.0,2,0,13.0,1,1,5.5,0,42.0,28.1,14.0,nicotine,0,sham,15,0,1,36.93,0
SYN-01334,31.0,0,3,48.0,11.0,78.0,30.0,4.0,1,0,17.0,1,1,6.1,1,38.0,32.7,17.0,nicotine,0,sham,13,0,1,22.36,0
SYN-01335,57.0,0,1,45.0,13.0,94.0,30.0,12.0,5,0,5.0,0,0,3.4,0,57.0,24.6,12.0,cocaine,0,sham,7,0,1,2.25,0
SYN-01336,28.0,0,0,38.0,11.0,44.0,8.0,3.0,2,0,4.0,1,0,4.3,1,52.0,31.4,14.0,cocaine,1,L-DLPFC 10Hz,19,1,0,52.0,1
SYN-01337,40.0,0,0,33.0,14.0,75.0,3.0,9.0,0,1,16.0,1,0,3.9,0,43.0,26.0,13.0,alcohol,1,L-DLPFC iTBS,16,0,1,28.91,0
SYN-01338,45.0,0,3,52.0,16.0,44.0,21.0,10.0,2,1,8.0,1,0,4.4,0,61.0,38.5,17.0,alcohol,1,L-DLPFC 10Hz,19,0,1,7.32,0
SYN-01339,52.0,1,2,49.0,14.0,51.0,15.0,15.0,2,0,21.0,0,0,5.9,1,47.0,34.5,16.0,nicotine,1,L-DLPFC iTBS,7,1,1,1.36,0
SYN-01340,47.0,0,3,69.0,14.0,90.0,12.0,15.0,1,0,15.0,0,0,3.6,0,68.0,37.0,15.0,methamphetamine,1,L-DLPFC iTBS,18,1,1,34.67,0
SYN-01341,46.0,0,2,34.0,6.0,60.0,3.0,20.0,3,0,2.0,0,1,6.4,0,35.0,32.7,12.0,alcohol,1,L-DLPFC iTBS,20,1,0,52.0,1
SYN-01342,34.0,0,0,57.0,11.0,85.0,24.0,10.0,2,0,14.0,0,0,7.0,0,43.0,35.4,17.0,nicotine,0,sham,19,1,0,17.37,0
SYN-01343,28.0,1,1,67.0,14.0,67.0,15.0,3.0,2,1,11.0,0,1,3.6,0,54.0,25.9,14.0,alcohol,0,sham,2,0,1,4.58,0
SYN-01344,43.0,1,0,33.0,8.0,73.0,19.0,17.0,4,0,10.0,1,0,5.1,0,59.0,20.2,12.0,opioid,1,L-DLPFC 10Hz,18,1,0,52.0,1
SYN-01345,34.0,0,3,59.0,10.0,58.0,18.0,10.0,2,1,14.0,0,0,5.5,0,61.0,37.0,10.0,alcohol,1,L-DLPFC 10Hz,20,0,1,29.3,0
SYN-01346,28.0,0,1,34.0,16.0,80.0,16.0,3.0,1,0,8.0,0,0,3.5,0,45.0,30.3,14.0,alcohol,1,mPFC/ACC deep TMS,14,1,0,48.42,0
SYN-01347,28.0,0,1,58.0,15.0,89.0,19.0,8.0,0,0,10.0,1,0,2.2,0,49.0,29.7,12.0,alcohol,1,L-DLPFC iTBS,16,1,0,2.3,0
SYN-01348,37.0,1,1,69.0,9.0,73.0,23.0,7.0,5,0,12.0,0,1,4.5,0,53.0,17.0,15.0,nicotine,0,sham,17,0,1,10.11,0
SYN-01349,22.0,0,4,52.0,9.0,51.0,13.0,2.0,3,1,5.0,0,0,3.5,0,56.0,41.8,15.0,nicotine,1,L-DLPFC 10Hz,12,0,1,1.95,0
SYN-01350,27.0,0,1,55.0,9.0,54.0,12.0,5.0,0,0,10.0,1,0,4.6,0,45.0,29.7,15.0,alcohol,1,mPFC/ACC deep TMS,20,1,0,52.0,1
SYN-01351,24.0,0,2,44.0,13.0,44.0,17.0,2.0,1,0,11.0,0,0,3.8,0,48.0,30.3,17.0,cocaine,0,sham,17,1,1,27.16,0
SYN-01352,44.0,0,2,55.0,18.0,70.0,2.0,9.0,5,0,11.0,1,0,4.0,1,36.0,26.6,12.0,alcohol,0,sham,14,1,1,15.64,0
SYN-01353,46.0,0,2,65.0,12.0,70.0,27.0,10.0,3,0,12.0,0,1,3.7,0,57.0,33.3,13.0,alcohol,0,sham,19,1,1,11.0,0
SYN-01354,64.0,1,1,50.0,15.0,48.0,16.0,39.0,2,0,11.0,0,1,4.7,0,41.0,30.0,11.0,alcohol,0,sham,7,0,0,12.45,0
SYN-01355,26.0,0,3,50.0,12.0,74.0,12.0,7.0,2,0,4.0,1,0,5.7,0,53.0,17.0,11.0,methamphetamine,0,sham,17,0,0,52.0,1
SYN-01356,35.0,0,1,56.0,18.0,51.0,12.0,14.0,4,0,8.0,0,1,4.7,0,51.0,24.4,12.0,opioid,1,L-DLPFC 10Hz,8,0,1,5.12,0
SYN-01357,52.0,0,3,61.0,20.0,90.0,30.0,14.0,2,1,5.0,0,0,5.0,0,51.0,31.8,10.0,alcohol,0,sham,12,0,1,5.42,0
SYN-01358,40.0,0,3,34.0,11.0,71.0,22.0,11.0,2,1,11.0,0,1,3.4,0,46.0,31.2,17.0,alcohol,1,L-DLPFC iTBS,19,1,0,52.0,1
SYN-01359,38.0,0,3,53.0,16.0,86.0,6.0,12.0,2,0,14.0,0,0,6.5,1,54.0,21.4,12.0,alcohol,0,sham,16,0,1,12.98,0
SYN-01360,61.0,0,0,44.0,12.0,47.0,5.0,12.0,2,0,11.0,1,1,6.0,1,54.0,31.0,14.0,nicotine,1,L-DLPFC iTBS,13,1,0,52.0,1
SYN-01361,38.0,0,2,58.0,13.0,45.0,14.0,7.0,4,0,4.0,0,0,6.5,0,41.0,27.6,13.0,alcohol,1,L-DLPFC 10Hz,4,0,1,22.62,0
SYN-01362,29.0,0,0,64.0,11.0,33.0,24.0,6.0,2,0,10.0,1,0,4.4,0,48.0,17.0,11.0,cocaine,0,sham,15,0,1,0.34,0
SYN-01363,28.0,0,2,56.0,15.0,71.0,24.0,3.0,2,0,14.0,1,0,3.7,0,50.0,32.5,16.0,nicotine,1,L-DLPFC 10Hz,18,1,1,49.4,0
SYN-01364,46.0,0,0,67.0,16.0,44.0,11.0,15.0,4,0,14.0,0,0,5.0,1,41.0,24.1,13.0,alcohol,0,sham,13,0,1,5.21,0
SYN-01365,45.0,0,0,41.0,10.0,80.0,24.0,16.0,0,1,13.0,0,1,3.4,1,51.0,24.0,14.0,alcohol,0,sham,10,0,1,0.1,0
SYN-01366,27.0,0,3,47.0,12.0,62.0,16.0,2.0,4,0,14.0,1,0,4.6,0,58.0,30.0,15.0,methamphetamine,0,sham,16,0,1,27.71,0
SYN-01367,31.0,0,2,41.0,11.0,71.0,15.0,10.0,2,0,7.0,1,0,4.4,0,59.0,18.2,13.0,alcohol,0,sham,14,0,1,2.12,0
SYN-01368,48.0,0,0,53.0,10.0,40.0,14.0,15.0,3,0,12.0,0,0,4.3,0,46.0,31.9,15.0,alcohol,0,sham,11,1,0,52.0,1
SYN-01369,48.0,1,1,53.0,12.0,51.0,0.0,17.0,3,0,12.0,0,0,2.7,1,30.0,34.1,12.0,methamphetamine,1,L-DLPFC iTBS,1,0,1,0.1,0
SYN-01370,35.0,1,1,50.0,17.0,63.0,24.0,12.0,1,0,7.0,0,0,5.6,0,55.0,26.2,14.0,cocaine,1,mPFC/ACC deep TMS,11,1,0,30.55,0
SYN-01371,49.0,1,1,38.0,10.0,70.0,22.0,25.0,1,0,8.0,1,1,3.1,0,55.0,35.0,12.0,nicotine,0,sham,17,1,0,52.0,1
SYN-01372,48.0,0,1,51.0,18.0,39.0,8.0,11.0,5,0,11.0,1,1,4.7,1,48.0,35.3,15.0,alcohol,1,mPFC/ACC deep TMS,18,0,1,5.6,0
SYN-01373,22.0,0,1,47.0,8.0,65.0,10.0,1.0,2,0,17.0,1,1,4.4,0,50.0,20.6,13.0,opioid,0,sham,18,0,1,6.36,0
SYN-01374,39.0,0,1,59.0,10.0,48.0,3.0,14.0,3,1,15.0,1,0,2.2,1,44.0,24.6,14.0,cocaine,0,sham,5,0,1,0.1,0
SYN-01375,47.0,0,0,49.0,13.0,73.0,20.0,24.0,2,0,11.0,0,1,5.4,0,42.0,28.8,13.0,opioid,1,L-DLPFC 10Hz,17,1,0,52.0,1
SYN-01376,36.0,0,1,65.0,18.0,59.0,16.0,7.0,1,0,12.0,1,1,4.4,1,55.0,30.1,15.0,methamphetamine,0,sham,7,0,1,7.73,0
SYN-01377,22.0,0,5,55.0,12.0,56.0,16.0,2.0,2,0,6.0,1,0,6.6,0,59.0,22.7,12.0,nicotine,0,sham,14,0,1,4.12,0
SYN-01378,39.0,0,2,33.0,12.0,64.0,30.0,6.0,2,0,10.0,0,0,6.9,0,50.0,24.3,15.0,opioid,0,sham,16,1,0,52.0,1
SYN-01379,50.0,0,2,50.0,16.0,78.0,2.0,8.0,2,0,14.0,0,0,3.6,0,41.0,28.4,12.0,methamphetamine,0,sham,19,0,0,15.91,0
SYN-01380,59.0,0,1,36.0,14.0,54.0,8.0,35.0,1,0,9.0,1,1,2.2,0,36.0,31.8,13.0,alcohol,1,L-DLPFC 10Hz,13,0,1,12.38,0
SYN-01381,22.0,0,1,63.0,15.0,81.0,13.0,3.0,2,1,14.0,1,1,4.4,0,54.0,29.7,13.0,nicotine,0,sham,19,1,1,1.25,0
SYN-01382,71.0,0,3,68.0,16.0,47.0,20.0,37.0,2,1,17.0,1,0,5.5,0,54.0,34.6,12.0,opioid,0,sham,16,0,1,4.04,0
SYN-01383,30.0,0,0,52.0,8.0,65.0,14.0,3.0,1,0,10.0,0,0,4.3,0,59.0,32.6,15.0,opioid,1,mPFC/ACC deep TMS,20,0,1,16.24,0
SYN-01384,53.0,0,3,57.0,14.0,43.0,5.0,25.0,3,0,6.0,1,0,6.6,0,47.0,31.5,10.0,cocaine,1,L-DLPFC iTBS,18,1,0,52.0,1
SYN-01385,56.0,0,1,36.0,11.0,61.0,17.0,27.0,0,0,10.0,0,0,4.8,0,44.0,27.8,15.0,nicotine,0,sham,12,0,0,48.31,0
SYN-01386,53.0,0,0,33.0,15.0,43.0,15.0,16.0,2,0,9.0,0,1,3.9,0,44.0,23.2,15.0,opioid,0,sham,15,0,0,24.02,0
SYN-01387,44.0,1,0,46.0,8.0,60.0,28.0,20.0,1,0,20.0,0,1,4.3,0,57.0,39.5,19.0,nicotine,0,sham,17,0,1,16.06,0
SYN-01388,29.0,0,1,49.0,10.0,70.0,19.0,10.0,2,0,11.0,0,0,4.8,0,64.0,24.1,12.0,alcohol,1,L-DLPFC 10Hz,20,1,0,52.0,1
SYN-01389,49.0,1,4,35.0,7.0,42.0,8.0,13.0,2,0,10.0,0,1,6.0,0,42.0,26.3,12.0,nicotine,1,L-DLPFC 10Hz,15,1,1,16.83,0
SYN-01390,34.0,0,0,53.0,17.0,32.0,6.0,4.0,1,1,15.0,1,0,3.9,0,45.0,30.7,14.0,opioid,1,mPFC/ACC deep TMS,14,1,1,3.51,0
SYN-01391,22.0,0,5,56.0,5.0,58.0,9.0,2.0,1,0,9.0,1,1,4.6,0,46.0,24.2,14.0,alcohol,1,L-DLPFC iTBS,20,1,0,52.0,1
SYN-01392,73.0,0,0,59.0,11.0,70.0,21.0,38.0,2,0,10.0,1,1,5.3,0,55.0,31.1,14.0,alcohol,0,sham,18,0,1,1.44,0
SYN-01393,50.0,1,4,69.0,24.0,66.0,23.0,27.0,3,0,12.0,0,0,4.0,0,43.0,26.1,12.0,alcohol,0,sham,15,0,0,1.66,0
SYN-01394,62.0,0,2,61.0,17.0,47.0,11.0,38.0,4,0,11.0,0,0,4.6,1,56.0,29.5,15.0,alcohol,0,sham,10,0,1,22.11,0
SYN-01395,32.0,0,1,48.0,8.0,73.0,17.0,11.0,3,0,12.0,0,1,5.7,0,53.0,38.4,16.0,alcohol,0,sham,15,0,1,7.6,0
SYN-01396,58.0,0,2,53.0,13.0,56.0,26.0,26.0,3,1,12.0,0,1,5.1,0,51.0,29.6,15.0,alcohol,0,sham,16,0,1,29.56,0
SYN-01397,59.0,0,2,59.0,18.0,73.0,19.0,16.0,5,0,3.0,1,1,5.4,1,57.0,29.5,14.0,alcohol,1,L-DLPFC iTBS,18,1,0,33.54,0
SYN-01398,59.0,0,0,40.0,13.0,44.0,16.0,19.0,3,1,14.0,0,1,4.0,0,42.0,34.9,14.0,alcohol,0,sham,17,0,1,12.98,0
SYN-01399,42.0,0,6,67.0,15.0,69.0,9.0,9.0,5,0,10.0,0,0,2.7,0,43.0,31.2,16.0,nicotine,0,sham,13,0,1,1.38,0
SYN-01400,29.0,0,1,62.0,12.0,80.0,15.0,7.0,2,0,14.0,1,1,3.4,0,61.0,32.4,18.0,cocaine,1,L-DLPFC 10Hz,16,0,0,51.8,0
SYN-01401,40.0,0,0,49.0,16.0,49.0,0.0,7.0,1,0,11.0,0,1,4.1,0,48.0,22.5,16.0,nicotine,1,L-DLPFC iTBS,10,0,1,2.2,0
SYN-01402,22.0,0,1,45.0,12.0,54.0,3.0,3.0,1,0,13.0,1,0,5.2,0,43.0,25.7,14.0,methamphetamine,1,L-DLPFC 10Hz,19,0,1,11.84,0
SYN-01403,23.0,0,2,80.0,21.0,74.0,21.0,3.0,2,1,17.0,0,0,3.7,0,47.0,34.3,15.0,alcohol,0,sham,1,0,1,2.75,0
SYN-01404,43.0,1,1,61.0,16.0,70.0,27.0,19.0,1,0,11.0,1,0,3.5,0,41.0,27.0,13.0,opioid,0,sham,7,1,0,52.0,1
SYN-01405,31.0,0,1,63.0,14.0,67.0,15.0,9.0,2,0,10.0,1,1,3.9,0,56.0,27.2,17.0,alcohol,1,L-DLPFC 10Hz,11,1,1,5.19,0
SYN-01406,40.0,0,0,72.0,22.0,61.0,6.0,15.0,4,1,14.0,1,0,4.7,0,43.0,38.9,12.0,nicotine,0,sham,11,0,1,2.78,0
SYN-01407,41.0,0,1,63.0,14.0,37.0,12.0,10.0,0,1,11.0,0,1,3.9,0,56.0,27.5,11.0,alcohol,0,sham,16,1,1,6.58,0
SYN-01408,63.0,0,0,54.0,15.0,60.0,24.0,38.0,1,0,17.0,0,0,5.8,1,55.0,34.9,17.0,cocaine,1,mPFC/ACC deep TMS,20,0,1,6.86,0
SYN-01409,56.0,1,2,60.0,13.0,41.0,10.0,28.0,3,0,11.0,1,0,5.1,0,48.0,30.4,13.0,cocaine,1,mPFC/ACC deep TMS,12,1,0,52.0,1
SYN-01410,42.0,1,2,42.0,11.0,60.0,23.0,8.0,3,0,9.0,0,0,5.0,0,64.0,29.0,17.0,opioid,0,sham,20,0,0,13.26,0
SYN-01411,55.0,0,1,60.0,14.0,24.0,8.0,15.0,4,0,19.0,1,1,3.7,0,50.0,30.6,14.0,alcohol,1,L-DLPFC iTBS,12,1,0,0.12,0
SYN-01412,33.0,0,2,35.0,8.0,80.0,10.0,5.0,0,1,8.0,1,0,6.7,1,52.0,28.2,11.0,alcohol,0,sham,20,1,1,34.7,0
SYN-01413,38.0,0,0,57.0,15.0,91.0,14.0,14.0,4,0,14.0,0,0,4.9,0,56.0,23.7,15.0,opioid,1,L-DLPFC 10Hz,11,0,1,42.71,0
SYN-01414,52.0,0,1,58.0,19.0,68.0,15.0,19.0,3,1,9.0,0,0,5.6,0,43.0,34.0,13.0,cocaine,1,L-DLPFC iTBS,19,0,0,16.51,0
SYN-01415,28.0,0,2,34.0,17.0,44.0,30.0,4.0,2,0,12.0,1,0,5.4,0,39.0,28.8,15.0,nicotine,0,sham,18,0,0,17.21,0
SYN-01416,39.0,0,1,74.0,22.0,58.0,20.0,15.0,4,0,18.0,0,0,3.8,0,52.0,36.5,13.0,nicotine,0,sham,19,0,1,4.08,0
SYN-01417,27.0,0,1,39.0,10.0,72.0,16.0,3.0,3,1,15.0,1,0,4.2,0,43.0,30.4,14.0,nicotine,0,sham,15,0,1,11.68,0
SYN-01418,43.0,1,0,64.0,21.0,72.0,20.0,22.0,4,0,11.0,1,0,4.0,0,39.0,27.2,13.0,methamphetamine,1,L-DLPFC iTBS,6,1,1,1.84,0
SYN-01419,60.0,0,3,46.0,14.0,48.0,15.0,37.0,5,1,13.0,1,0,5.6,0,41.0,17.5,11.0,alcohol,1,L-DLPFC iTBS,16,1,1,44.72,0
SYN-01420,34.0,0,2,56.0,20.0,80.0,16.0,5.0,1,0,16.0,1,0,5.1,0,56.0,28.3,16.0,nicotine,0,sham,17,0,1,15.02,0
SYN-01421,44.0,0,1,45.0,8.0,70.0,17.0,18.0,0,1,11.0,1,1,2.6,0,64.0,33.0,14.0,opioid,1,L-DLPFC iTBS,17,1,0,52.0,1
SYN-01422,32.0,0,2,80.0,24.0,73.0,16.0,9.0,3,0,19.0,0,1,4.9,0,49.0,27.5,16.0,alcohol,1,L-DLPFC 10Hz,12,0,1,7.23,0
SYN-01423,29.0,0,2,64.0,13.0,56.0,20.0,5.0,3,0,17.0,1,0,2.5,0,49.0,29.9,13.0,cocaine,0,sham,14,1,1,5.01,0
SYN-01424,28.0,0,1,72.0,21.0,63.0,28.0,5.0,1,0,18.0,1,0,3.6,0,52.0,19.0,15.0,opioid,0,sham,14,0,1,2.11,0
SYN-01425,58.0,1,1,61.0,13.0,50.0,24.0,35.0,3,1,12.0,0,1,6.0,0,55.0,31.5,16.0,alcohol,1,L-DLPFC iTBS,12,0,1,3.94,0
SYN-01426,68.0,0,1,60.0,18.0,64.0,14.0,15.0,2,0,13.0,1,0,4.5,0,49.0,27.9,12.0,alcohol,1,L-DLPFC iTBS,17,0,1,18.02,0
SYN-01427,47.0,0,1,54.0,13.0,50.0,18.0,24.0,4,1,7.0,0,0,4.2,0,45.0,22.1,13.0,nicotine,1,L-DLPFC iTBS,15,1,1,6.5,0
SYN-01428,34.0,0,4,49.0,6.0,78.0,13.0,9.0,1,0,8.0,1,0,1.4,0,55.0,36.1,16.0,methamphetamine,0,sham,19,0,0,31.85,0
SYN-01429,50.0,1,1,59.0,11.0,62.0,7.0,19.0,4,1,14.0,0,0,5.2,0,45.0,31.7,10.0,methamphetamine,0,sham,8,0,1,0.24,0
SYN-01430,38.0,0,0,54.0,13.0,64.0,17.0,12.0,5,0,9.0,0,0,4.2,0,43.0,29.0,14.0,methamphetamine,0,sham,13,0,1,5.03,0
SYN-01431,51.0,0,2,50.0,13.0,65.0,21.0,25.0,2,1,11.0,1,0,4.4,1,43.0,28.1,13.0,alcohol,1,L-DLPFC 10Hz,19,0,1,16.05,0
SYN-01432,45.0,0,3,37.0,3.0,63.0,16.0,10.0,4,0,7.0,1,0,3.1,0,44.0,27.2,12.0,opioid,1,L-DLPFC 10Hz,6,0,0,39.67,0
SYN-01433,45.0,0,2,49.0,9.0,37.0,17.0,11.0,1,1,9.0,1,0,3.4,0,47.0,28.0,15.0,nicotine,1,L-DLPFC 10Hz,15,0,1,6.08,0
SYN-01434,49.0,0,0,59.0,12.0,81.0,26.0,10.0,3,0,8.0,0,0,4.3,0,48.0,31.6,16.0,nicotine,0,sham,14,0,1,2.06,0
SYN-01435,36.0,0,1,47.0,12.0,61.0,22.0,10.0,1,0,12.0,1,0,2.2,0,53.0,28.0,15.0,cocaine,1,mPFC/ACC deep TMS,9,0,1,10.45,0
SYN-01436,38.0,0,1,56.0,15.0,52.0,13.0,6.0,2,0,9.0,0,0,5.3,1,45.0,30.8,15.0,cocaine,1,L-DLPFC 10Hz,7,0,1,1.77,0
SYN-01437,23.0,0,1,51.0,10.0,44.0,1.0,4.0,3,1,12.0,0,0,5.3,0,49.0,36.6,11.0,alcohol,0,sham,13,1,1,23.6,0
SYN-01438,37.0,0,1,41.0,6.0,47.0,27.0,10.0,1,0,13.0,1,0,3.3,0,46.0,30.6,14.0,alcohol,1,L-DLPFC iTBS,19,0,1,3.92,0
SYN-01439,26.0,0,2,42.0,13.0,49.0,9.0,4.0,1,0,10.0,0,0,3.5,0,49.0,32.4,11.0,alcohol,1,mPFC/ACC deep TMS,18,1,1,46.12,0
SYN-01440,40.0,0,0,44.0,11.0,59.0,21.0,19.0,1,0,11.0,0,0,4.7,0,58.0,34.6,15.0,opioid,0,sham,20,0,0,3.72,0
SYN-01441,31.0,0,3,49.0,16.0,46.0,16.0,11.0,1,1,19.0,1,1,4.5,1,46.0,29.0,15.0,nicotine,0,sham,9,0,1,26.73,0
SYN-01442,43.0,0,0,49.0,11.0,61.0,13.0,10.0,1,0,13.0,1,0,3.5,0,36.0,31.8,14.0,methamphetamine,0,sham,8,0,0,7.85,0
SYN-01443,47.0,0,0,65.0,18.0,64.0,30.0,9.0,2,1,18.0,1,1,4.2,0,56.0,30.6,15.0,alcohol,0,sham,16,0,1,12.88,0
SYN-01444,26.0,0,1,40.0,8.0,47.0,18.0,6.0,0,1,16.0,0,0,3.3,0,53.0,26.6,10.0,nicotine,0,sham,14,0,1,3.57,0
SYN-01445,33.0,0,2,33.0,11.0,92.0,22.0,7.0,1,1,13.0,0,0,2.7,0,53.0,25.9,15.0,methamphetamine,0,sham,10,0,1,1.87,0
SYN-01446,32.0,0,1,60.0,15.0,59.0,12.0,11.0,3,0,14.0,0,0,5.3,0,31.0,43.8,16.0,cocaine,1,L-DLPFC 10Hz,13,1,1,8.97,0
SYN-01447,50.0,0,3,47.0,14.0,64.0,9.0,16.0,2,0,5.0,0,1,5.0,0,40.0,28.4,8.0,opioid,1,L-DLPFC 10Hz,20,1,0,30.61,0
SYN-01448,61.0,0,2,51.0,10.0,61.0,6.0,19.0,0,1,13.0,1,0,2.9,0,52.0,32.8,14.0,methamphetamine,1,L-DLPFC iTBS,16,0,1,25.93,0
SYN-01449,51.0,0,0,80.0,18.0,61.0,20.0,18.0,4,1,10.0,0,0,4.2,0,47.0,26.9,15.0,nicotine,1,L-DLPFC 10Hz,17,0,1,2.2,0
SYN-01450,38.0,0,2,69.0,13.0,73.0,15.0,6.0,4,0,8.0,0,1,4.5,0,47.0,25.1,15.0,alcohol,0,sham,20,0,1,0.1,0
SYN-01451,58.0,0,3,59.0,14.0,83.0,16.0,15.0,2,1,12.0,1,1,6.3,0,57.0,19.0,12.0,nicotine,1,L-DLPFC 10Hz,20,1,0,43.62,0
SYN-01452,25.0,0,2,63.0,18.0,60.0,19.0,2.0,3,0,16.0,1,0,5.9,0,40.0,28.8,12.0,cocaine,1,L-DLPFC iTBS,19,0,1,3.81,0
SYN-01453,58.0,0,1,54.0,24.0,46.0,10.0,28.0,3,1,14.0,0,0,6.2,0,45.0,38.3,14.0,alcohol,1,L-DLPFC 10Hz,19,0,0,1.02,0
SYN-01454,35.0,1,1,63.0,15.0,70.0,23.0,8.0,5,1,15.0,1,1,4.0,0,51.0,30.2,13.0,alcohol,0,sham,18,0,1,10.96,0
SYN-01455,22.0,0,2,45.0,15.0,25.0,3.0,3.0,0,0,14.0,1,0,5.9,0,42.0,24.3,10.0,alcohol,1,L-DLPFC 10Hz,18,1,0,52.0,1
SYN-01456,71.0,0,0,44.0,12.0,61.0,12.0,46.0,3,1,14.0,1,1,3.7,0,43.0,32.8,13.0,opioid,1,L-DLPFC 10Hz,16,0,0,14.4,0
SYN-01457,59.0,0,0,47.0,16.0,56.0,22.0,23.0,2,0,7.0,0,1,3.3,1,47.0,31.5,15.0,alcohol,0,sham,19,0,0,0.1,0
SYN-01458,31.0,0,0,70.0,18.0,68.0,12.0,5.0,3,1,9.0,1,0,6.9,0,43.0,29.9,15.0,opioid,0,sham,5,0,1,8.44,0
SYN-01459,44.0,0,4,70.0,20.0,38.0,16.0,7.0,6,0,13.0,1,1,3.2,0,47.0,22.3,14.0,alcohol,0,sham,12,0,1,16.71,0
SYN-01460,40.0,0,2,45.0,13.0,52.0,18.0,19.0,2,1,15.0,0,0,6.2,0,57.0,28.4,14.0,opioid,0,sham,18,0,1,20.44,0
SYN-01461,43.0,0,0,65.0,24.0,45.0,12.0,8.0,2,0,12.0,0,0,3.7,0,39.0,35.1,12.0,nicotine,0,sham,10,0,1,23.48,0
SYN-01462,26.0,0,1,51.0,18.0,51.0,1.0,6.0,0,0,9.0,0,0,3.7,0,44.0,28.8,15.0,methamphetamine,1,mPFC/ACC deep TMS,15,0,1,0.86,0
SYN-01463,35.0,1,1,64.0,10.0,71.0,7.0,4.0,2,0,10.0,1,1,6.6,0,44.0,37.8,15.0,alcohol,0,sham,20,0,0,52.0,1
SYN-01464,47.0,1,2,49.0,14.0,56.0,6.0,24.0,3,0,10.0,1,1,2.2,0,46.0,31.0,13.0,opioid,1,L-DLPFC 10Hz,13,1,1,11.5,0
SYN-01465,44.0,1,3,63.0,16.0,52.0,4.0,16.0,2,0,10.0,0,1,4.4,0,52.0,27.8,15.0,nicotine,0,sham,19,0,1,2.14,0
SYN-01466,55.0,0,4,51.0,5.0,78.0,26.0,25.0,3,0,8.0,0,0,5.1,0,62.0,29.5,13.0,alcohol,0,sham,20,0,1,12.36,0
SYN-01467,43.0,0,0,49.0,10.0,59.0,8.0,16.0,5,0,17.0,0,1,3.6,0,59.0,36.4,11.0,alcohol,0,sham,20,0,0,8.59,0
SYN-01468,68.0,0,1,52.0,12.0,27.0,0.0,20.0,1,0,12.0,0,1,3.2,0,69.0,20.7,15.0,alcohol,0,sham,19,0,1,34.76,0
SYN-01469,34.0,0,0,54.0,11.0,43.0,8.0,5.0,4,0,6.0,1,1,3.3,0,36.0,25.8,15.0,cocaine,0,sham,15,0,0,52.0,1
SYN-01470,45.0,1,2,46.0,13.0,65.0,16.0,21.0,1,0,12.0,0,1,7.0,0,43.0,23.1,11.0,opioid,1,mPFC/ACC deep TMS,19,1,0,52.0,1
SYN-01471,22.0,0,0,37.0,4.0,64.0,3.0,2.0,3,0,12.0,0,1,2.4,0,69.0,30.0,14.0,alcohol,0,sham,13,0,0,52.0,1
SYN-01472,28.0,0,0,71.0,19.0,66.0,21.0,6.0,3,0,15.0,0,1,2.9,1,50.0,32.4,12.0,alcohol,1,mPFC/ACC deep TMS,8,0,1,0.1,0
SYN-01473,57.0,0,3,48.0,15.0,63.0,22.0,13.0,2,1,8.0,0,0,4.0,0,51.0,29.6,14.0,alcohol,0,sham,15,0,1,14.69,0
SYN-01474,32.0,0,2,33.0,11.0,42.0,7.0,12.0,0,0,4.0,1,1,3.0,0,48.0,24.9,14.0,nicotine,1,L-DLPFC 10Hz,18,0,0,52.0,1
SYN-01475,48.0,0,4,33.0,9.0,55.0,21.0,21.0,2,0,18.0,1,1,5.6,0,46.0,30.9,9.0,alcohol,1,L-DLPFC 10Hz,19,1,0,17.71,0
SYN-01476,41.0,1,4,33.0,10.0,38.0,0.0,12.0,1,0,6.0,0,1,3.5,0,61.0,20.2,13.0,alcohol,1,L-DLPFC 10Hz,12,1,1,26.24,0
SYN-01477,31.0,0,5,45.0,10.0,45.0,8.0,4.0,4,1,6.0,1,0,3.9,0,50.0,34.1,10.0,methamphetamine,0,sham,18,1,0,52.0,1
SYN-01478,38.0,1,1,68.0,20.0,47.0,12.0,11.0,4,1,13.0,1,0,4.1,0,44.0,26.5,12.0,nicotine,1,L-DLPFC iTBS,18,0,1,2.8,0
SYN-01479,36.0,0,1,34.0,12.0,43.0,13.0,16.0,1,1,14.0,0,1,3.6,0,50.0,37.1,13.0,alcohol,0,sham,18,1,0,52.0,1
SYN-01480,37.0,0,3,49.0,20.0,53.0,23.0,14.0,0,1,15.0,0,0,4.9,0,49.0,26.2,12.0,cocaine,0,sham,17,0,0,52.0,1
SYN-01481,50.0,0,1,33.0,9.0,53.0,11.0,8.0,1,0,7.0,0,1,2.9,0,54.0,37.0,10.0,alcohol,1,L-DLPFC iTBS,18,1,0,52.0,1
SYN-01482,49.0,1,1,65.0,21.0,48.0,5.0,23.0,4,0,12.0,0,0,4.1,0,54.0,35.0,11.0,cocaine,1,L-DLPFC 10Hz,10,0,1,19.66,0
SYN-01483,36.0,0,0,57.0,12.0,77.0,20.0,15.0,1,1,9.0,1,1,5.4,0,52.0,30.7,14.0,opioid,1,L-DLPFC 10Hz,11,1,1,28.11,0
SYN-01484,32.0,0,1,56.0,13.0,52.0,15.0,6.0,2,1,12.0,0,1,5.6,1,48.0,17.8,15.0,nicotine,0,sham,16,1,0,7.84,0
SYN-01485,45.0,0,1,68.0,13.0,85.0,24.0,22.0,0,0,10.0,1,1,2.7,0,52.0,28.1,11.0,alcohol,0,sham,16,0,1,8.96,0
SYN-01486,41.0,1,3,71.0,19.0,77.0,16.0,20.0,5,0,21.0,0,1,2.4,1,49.0,32.2,14.0,alcohol,1,L-DLPFC iTBS,2,0,1,0.41,0
SYN-01487,53.0,0,3,64.0,15.0,41.0,13.0,18.0,2,1,16.0,1,0,6.8,1,41.0,25.2,13.0,methamphetamine,0,sham,18,0,1,11.97,0
SYN-01488,71.0,0,0,46.0,14.0,72.0,13.0,17.0,1,0,10.0,0,0,5.6,1,50.0,34.7,11.0,cocaine,1,L-DLPFC 10Hz,15,1,1,20.8,0
SYN-01489,51.0,0,2,37.0,16.0,34.0,15.0,16.0,2,0,10.0,0,0,2.2,0,38.0,25.2,12.0,methamphetamine,1,L-DLPFC 10Hz,19,0,1,14.54,0
SYN-01490,42.0,0,6,41.0,11.0,80.0,14.0,20.0,0,0,16.0,1,0,5.7,0,50.0,26.1,11.0,alcohol,1,L-DLPFC 10Hz,20,1,0,52.0,1
SYN-01491,40.0,0,2,33.0,11.0,61.0,11.0,12.0,5,0,8.0,0,0,5.0,1,43.0,41.2,15.0,nicotine,1,L-DLPFC iTBS,6,0,0,52.0,1
SYN-01492,33.0,0,1,73.0,20.0,46.0,22.0,7.0,2,1,12.0,0,0,4.8,0,62.0,28.9,8.0,opioid,1,L-DLPFC 10Hz,10,0,1,9.21,0
SYN-01493,32.0,0,1,50.0,13.0,24.0,2.0,8.0,7,0,10.0,1,0,6.3,0,54.0,25.1,13.0,nicotine,0,sham,19,0,1,39.29,0
SYN-01494,31.0,0,4,54.0,12.0,52.0,14.0,10.0,2,1,12.0,0,1,4.2,0,47.0,28.0,13.0,nicotine,1,L-DLPFC iTBS,12,0,1,35.52,0
SYN-01495,38.0,0,2,55.0,15.0,38.0,15.0,13.0,2,1,18.0,0,1,5.2,0,46.0,34.3,12.0,alcohol,0,sham,16,1,0,52.0,1
SYN-01496,37.0,0,3,75.0,19.0,79.0,17.0,6.0,3,1,11.0,0,0,3.6,0,57.0,23.1,12.0,methamphetamine,0,sham,17,0,1,0.42,0
SYN-01497,50.0,1,1,46.0,15.0,38.0,18.0,15.0,2,1,7.0,0,0,6.4,0,42.0,28.4,13.0,alcohol,1,L-DLPFC 10Hz,5,0,1,18.78,0
SYN-01498,38.0,0,0,66.0,19.0,57.0,10.0,9.0,3,0,8.0,1,0,5.1,0,61.0,30.8,15.0,cocaine,0,sham,19,0,1,10.27,0
SYN-01499,40.0,0,4,56.0,12.0,67.0,25.0,16.0,3,0,9.0,1,0,6.0,0,61.0,28.5,15.0,nicotine,1,L-DLPFC 10Hz,20,1,0,52.0,1
SYN-01500,29.0,0,2,51.0,15.0,58.0,3.0,6.0,2,1,6.0,0,0,5.0,0,55.0,31.6,13.0,opioid,1,mPFC/ACC deep TMS,8,0,1,15.3,0
SYN-01501,60.0,0,1,33.0,14.0,59.0,5.0,13.0,2,0,6.0,0,0,3.0,1,46.0,23.2,15.0,opioid,0,sham,11,0,1,6.49,0
SYN-01502,48.0,0,2,63.0,14.0,56.0,15.0,8.0,2,0,9.0,1,1,4.3,0,55.0,35.9,11.0,nicotine,0,sham,19,0,1,10.88,0
SYN-01503,62.0,0,2,44.0,13.0,68.0,28.0,21.0,2,0,13.0,0,0,4.4,0,47.0,32.9,16.0,nicotine,0,sham,18,0,0,2.51,0
SYN-01504,51.0,0,2,47.0,10.0,43.0,25.0,20.0,4,1,12.0,1,0,4.9,0,35.0,36.6,14.0,alcohol,0,sham,18,0,1,6.9,0
SYN-01505,58.0,0,0,55.0,15.0,68.0,10.0,25.0,0,0,10.0,0,0,3.4,0,42.0,34.7,12.0,cocaine,1,L-DLPFC 10Hz,9,0,1,9.91,0
SYN-01506,39.0,0,2,54.0,20.0,39.0,11.0,11.0,0,0,13.0,1,0,3.7,0,59.0,34.8,10.0,alcohol,1,L-DLPFC iTBS,18,0,0,31.13,0
SYN-01507,50.0,0,0,65.0,16.0,63.0,12.0,17.0,4,1,12.0,0,0,3.6,0,48.0,27.5,15.0,alcohol,1,L-DLPFC iTBS,6,0,1,2.86,0
SYN-01508,72.0,0,2,45.0,9.0,39.0,0.0,24.0,2,1,11.0,1,0,3.0,0,45.0,32.3,12.0,alcohol,1,L-DLPFC 10Hz,14,1,0,22.42,0
SYN-01509,29.0,0,1,54.0,15.0,55.0,20.0,4.0,3,0,8.0,1,0,4.7,1,60.0,25.1,18.0,alcohol,0,sham,12,0,0,7.86,0
SYN-01510,55.0,0,3,56.0,15.0,68.0,14.0,17.0,1,0,14.0,0,0,3.5,0,54.0,31.7,16.0,alcohol,0,sham,9,0,1,0.25,0
SYN-01511,61.0,0,1,53.0,17.0,78.0,30.0,29.0,1,0,11.0,0,0,6.0,0,55.0,24.0,11.0,alcohol,1,mPFC/ACC deep TMS,16,1,0,52.0,1
SYN-01512,47.0,0,1,60.0,10.0,31.0,12.0,13.0,5,0,11.0,1,0,3.7,0,52.0,34.5,13.0,alcohol,1,L-DLPFC iTBS,16,1,1,35.31,0
SYN-01513,50.0,0,3,50.0,10.0,46.0,8.0,27.0,4,1,10.0,0,0,2.2,0,39.0,35.2,12.0,alcohol,0,sham,16,0,1,1.44,0
SYN-01514,56.0,0,1,66.0,16.0,45.0,7.0,23.0,3,0,13.0,0,1,4.4,0,49.0,25.2,14.0,alcohol,0,sham,10,0,1,26.51,0
SYN-01515,35.0,0,1,44.0,6.0,76.0,17.0,6.0,2,0,11.0,0,0,5.9,1,37.0,27.3,13.0,alcohol,0,sham,20,0,0,52.0,1
SYN-01516,47.0,0,2,36.0,14.0,42.0,15.0,16.0,0,0,6.0,1,1,6.0,0,58.0,26.4,13.0,nicotine,0,sham,16,1,0,52.0,1
SYN-01517,32.0,0,3,52.0,6.0,69.0,13.0,5.0,1,0,9.0,1,1,3.5,0,43.0,20.3,14.0,nicotine,1,L-DLPFC iTBS,13,1,1,19.66,0
SYN-01518,34.0,0,3,66.0,13.0,52.0,30.0,5.0,2,1,8.0,0,0,3.8,0,67.0,28.5,17.0,alcohol,0,sham,14,1,1,11.26,0
SYN-01519,35.0,0,3,47.0,7.0,34.0,12.0,5.0,5,1,1.0,0,1,4.1,0,39.0,20.5,14.0,alcohol,1,L-DLPFC 10Hz,19,1,1,4.27,0
SYN-01520,40.0,0,3,45.0,10.0,59.0,6.0,8.0,1,0,6.0,0,0,5.0,0,40.0,23.7,16.0,opioid,0,sham,16,0,0,11.47,0
SYN-01521,44.0,0,3,49.0,16.0,39.0,12.0,10.0,1,0,20.0,0,0,3.8,0,57.0,23.8,13.0,alcohol,1,L-DLPFC 10Hz,11,1,1,34.57,0
SYN-01522,47.0,0,5,54.0,16.0,70.0,26.0,26.0,3,0,5.0,1,0,1.1,0,34.0,30.2,14.0,alcohol,1,L-DLPFC iTBS,15,1,0,36.82,0
SYN-01523,26.0,1,1,50.0,16.0,71.0,21.0,2.0,3,1,11.0,0,1,5.7,0,48.0,32.8,12.0,alcohol,0,sham,9,0,0,41.42,0
SYN-01524,64.0,0,1,56.0,16.0,79.0,17.0,25.0,1,1,14.0,0,0,5.1,0,50.0,32.0,13.0,cocaine,1,L-DLPFC 10Hz,15,1,0,22.2,0
SYN-01525,55.0,0,1,33.0,3.0,39.0,6.0,25.0,1,0,10.0,0,0,3.2,0,70.0,25.5,12.0,nicotine,1,L-DLPFC iTBS,11,0,0,52.0,1
SYN-01526,50.0,0,1,69.0,18.0,85.0,14.0,9.0,0,0,12.0,0,0,4.0,0,51.0,32.3,14.0,methamphetamine,1,L-DLPFC iTBS,13,1,1,15.72,0
SYN-01527,38.0,0,0,59.0,8.0,74.0,9.0,9.0,5,1,8.0,0,0,3.7,0,52.0,36.8,10.0,cocaine,1,L-DLPFC 10Hz,16,0,1,15.18,0
SYN-01528,41.0,0,1,43.0,10.0,28.0,5.0,12.0,0,1,8.0,0,0,3.3,0,48.0,21.7,14.0,cocaine,0,sham,20,1,0,52.0,1
SYN-01529,48.0,0,1,68.0,15.0,95.0,24.0,17.0,5,1,10.0,1,1,4.5,0,47.0,38.5,16.0,alcohol,1,L-DLPFC 10Hz,14,0,1,1.63,0
SYN-01530,47.0,0,1,58.0,13.0,85.0,16.0,20.0,0,0,8.0,0,1,2.9,0,43.0,32.9,11.0,alcohol,1,L-DLPFC iTBS,19,1,1,2.18,0
SYN-01531,23.0,1,0,69.0,18.0,44.0,25.0,3.0,3,0,12.0,1,0,4.0,0,52.0,28.4,13.0,cocaine,0,sham,18,0,1,3.56,0
SYN-01532,50.0,1,3,39.0,8.0,61.0,19.0,19.0,3,1,13.0,0,0,5.3,0,46.0,28.7,14.0,opioid,1,L-DLPFC iTBS,20,1,0,52.0,1
SYN-01533,75.0,0,1,71.0,23.0,40.0,8.0,25.0,1,0,16.0,1,1,5.2,1,46.0,26.1,13.0,opioid,1,L-DLPFC 10Hz,15,0,1,11.52,0
SYN-01534,22.0,0,0,53.0,16.0,56.0,14.0,1.0,5,1,17.0,1,0,6.6,0,35.0,30.3,15.0,methamphetamine,1,mPFC/ACC deep TMS,17,1,0,20.25,0
SYN-01535,53.0,1,1,33.0,14.0,58.0,27.0,24.0,0,0,12.0,1,1,4.7,0,54.0,43.2,14.0,opioid,0,sham,2,0,1,0.37,0
SYN-01536,46.0,0,3,61.0,18.0,69.0,4.0,17.0,1,0,21.0,0,0,5.0,0,49.0,20.0,13.0,nicotine,1,L-DLPFC 10Hz,15,1,0,52.0,1
SYN-01537,41.0,1,2,49.0,16.0,44.0,14.0,13.0,0,1,12.0,1,0,5.1,0,46.0,29.2,14.0,cocaine,1,L-DLPFC iTBS,20,1,1,30.02,0
SYN-01538,57.0,0,0,41.0,11.0,56.0,30.0,24.0,4,0,7.0,1,0,3.8,0,50.0,28.1,18.0,alcohol,0,sham,20,1,1,14.19,0
SYN-01539,29.0,0,0,50.0,20.0,43.0,20.0,9.0,2,0,6.0,1,0,2.1,0,60.0,21.5,14.0,methamphetamine,1,L-DLPFC 10Hz,8,0,1,3.3,0
SYN-01540,44.0,0,4,33.0,6.0,61.0,8.0,19.0,0,0,11.0,0,0,3.4,0,30.0,29.1,15.0,methamphetamine,1,L-DLPFC iTBS,14,0,0,52.0,1
SYN-01541,59.0,0,2,59.0,16.0,69.0,18.0,23.0,3,1,15.0,1,0,2.1,1,56.0,27.8,14.0,cocaine,1,mPFC/ACC deep TMS,4,0,1,1.99,0
SYN-01542,40.0,0,2,50.0,13.0,59.0,13.0,8.0,1,0,15.0,0,1,4.5,0,45.0,37.6,13.0,alcohol,0,sham,15,0,1,25.15,0
SYN-01543,37.0,0,1,49.0,12.0,76.0,30.0,7.0,0,0,11.0,0,0,6.3,0,45.0,28.3,13.0,nicotine,0,sham,20,0,0,52.0,1
SYN-01544,43.0,1,1,68.0,17.0,72.0,12.0,16.0,1,0,17.0,0,1,5.1,0,53.0,33.9,9.0,cocaine,0,sham,18,0,1,10.1,0
SYN-01545,37.0,1,2,53.0,11.0,64.0,14.0,14.0,1,1,12.0,0,0,7.0,0,55.0,27.6,16.0,opioid,0,sham,19,0,0,43.24,0
SYN-01546,59.0,0,1,45.0,15.0,75.0,16.0,28.0,2,0,10.0,1,0,4.9,0,38.0,26.1,13.0,cocaine,1,mPFC/ACC deep TMS,9,1,1,34.36,0
SYN-01547,32.0,0,1,42.0,14.0,37.0,0.0,10.0,4,0,10.0,0,0,7.0,0,59.0,32.5,15.0,opioid,0,sham,13,0,1,33.84,0
SYN-01548,52.0,0,4,52.0,14.0,57.0,0.0,10.0,1,1,12.0,0,0,6.7,0,43.0,25.0,11.0,opioid,1,mPFC/ACC deep TMS,19,1,1,33.55,0
SYN-01549,28.0,0,2,65.0,18.0,32.0,8.0,3.0,3,0,14.0,0,0,5.2,1,60.0,28.9,12.0,cocaine,1,mPFC/ACC deep TMS,7,0,1,16.06,0
SYN-01550,50.0,0,1,46.0,9.0,57.0,19.0,20.0,3,0,7.0,1,0,6.7,0,47.0,29.6,14.0,alcohol,1,L-DLPFC 10Hz,19,1,0,52.0,1
SYN-01551,41.0,0,0,41.0,5.0,49.0,10.0,17.0,1,1,7.0,0,1,4.0,0,73.0,26.8,14.0,cocaine,1,mPFC/ACC deep TMS,18,1,0,52.0,1
SYN-01552,22.0,0,1,63.0,13.0,73.0,22.0,2.0,2,1,16.0,1,1,2.9,0,39.0,29.4,16.0,nicotine,1,L-DLPFC 10Hz,20,0,1,1.06,0
SYN-01553,42.0,0,1,53.0,13.0,51.0,20.0,21.0,3,1,10.0,1,0,5.1,0,50.0,40.1,11.0,opioid,0,sham,19,0,1,32.8,0
SYN-01554,30.0,0,2,52.0,22.0,48.0,18.0,7.0,3,0,16.0,0,0,6.4,0,61.0,25.4,12.0,alcohol,0,sham,13,1,0,52.0,1
SYN-01555,37.0,0,1,76.0,17.0,60.0,2.0,5.0,0,0,15.0,1,1,5.1,0,43.0,23.7,15.0,nicotine,0,sham,17,0,1,5.54,0
SYN-01556,59.0,0,4,39.0,15.0,54.0,26.0,26.0,3,0,12.0,1,0,5.5,0,52.0,36.2,10.0,alcohol,0,sham,16,0,1,41.12,0
SYN-01557,29.0,0,1,55.0,17.0,66.0,23.0,10.0,1,1,16.0,0,0,4.5,0,30.0,23.6,15.0,nicotine,0,sham,19,0,1,0.1,0
SYN-01558,30.0,0,1,33.0,17.0,41.0,18.0,11.0,1,0,10.0,1,0,4.0,0,34.0,21.7,14.0,methamphetamine,1,L-DLPFC iTBS,17,1,0,17.83,0
SYN-01559,58.0,0,3,49.0,13.0,34.0,10.0,35.0,4,0,14.0,1,0,5.3,0,37.0,24.7,12.0,opioid,1,L-DLPFC iTBS,9,1,1,34.73,0
SYN-01560,43.0,0,1,59.0,17.0,34.0,10.0,13.0,2,0,15.0,0,0,5.3,0,46.0,31.0,12.0,opioid,1,L-DLPFC 10Hz,16,0,1,1.77,0
SYN-01561,59.0,0,0,65.0,15.0,78.0,15.0,34.0,0,0,16.0,0,1,3.8,1,36.0,33.0,14.0,opioid,0,sham,11,0,1,4.93,0
SYN-01562,46.0,0,2,38.0,8.0,36.0,14.0,13.0,4,1,7.0,1,1,6.2,0,51.0,26.6,12.0,alcohol,0,sham,17,0,0,8.7,0
SYN-01563,32.0,0,0,62.0,12.0,52.0,21.0,11.0,2,0,12.0,0,0,6.5,0,45.0,30.9,14.0,cocaine,1,L-DLPFC iTBS,19,0,0,5.36,0
SYN-01564,41.0,0,0,61.0,12.0,42.0,7.0,14.0,3,0,17.0,0,0,2.0,1,30.0,22.4,12.0,cocaine,0,sham,5,0,1,1.59,0
SYN-01565,56.0,0,0,51.0,18.0,72.0,24.0,19.0,0,0,14.0,0,0,5.0,0,53.0,33.5,13.0,cocaine,0,sham,15,0,0,52.0,1
SYN-01566,53.0,0,3,80.0,19.0,53.0,10.0,10.0,1,1,18.0,1,0,2.6,1,57.0,31.1,14.0,alcohol,1,L-DLPFC 10Hz,5,0,1,0.17,0
SYN-01567,42.0,0,0,52.0,13.0,77.0,23.0,12.0,1,1,17.0,1,1,4.0,0,54.0,27.9,14.0,alcohol,0,sham,15,0,1,0.12,0
SYN-01568,43.0,0,6,42.0,12.0,45.0,11.0,17.0,3,0,9.0,0,0,4.7,0,54.0,28.2,15.0,cocaine,1,mPFC/ACC deep TMS,17,1,0,8.45,0
SYN-01569,41.0,0,3,57.0,12.0,63.0,23.0,9.0,2,1,12.0,0,0,5.3,0,44.0,35.4,13.0,alcohol,1,L-DLPFC iTBS,19,1,1,6.0,0
SYN-01570,35.0,1,0,33.0,10.0,67.0,30.0,9.0,3,0,16.0,1,0,5.4,0,45.0,29.2,16.0,nicotine,1,L-DLPFC iTBS,19,0,1,31.25,0
SYN-01571,64.0,0,0,70.0,16.0,76.0,20.0,19.0,2,0,15.0,0,1,5.2,0,49.0,26.2,12.0,alcohol,1,L-DLPFC 10Hz,19,0,1,10.67,0
SYN-01572,42.0,0,2,64.0,18.0,41.0,8.0,9.0,4,1,9.0,0,0,4.7,0,49.0,34.3,15.0,alcohol,0,sham,11,0,1,7.46,0
SYN-01573,29.0,0,0,48.0,16.0,51.0,10.0,5.0,1,0,13.0,1,0,3.6,0,55.0,22.7,13.0,alcohol,0,sham,18,1,0,52.0,1
SYN-01574,37.0,1,2,59.0,9.0,58.0,20.0,7.0,2,0,13.0,1,0,4.9,0,63.0,24.2,9.0,alcohol,1,mPFC/ACC deep TMS,18,1,1,30.04,0
SYN-01575,50.0,0,1,59.0,15.0,30.0,5.0,20.0,3,0,10.0,0,0,4.0,0,58.0,33.4,18.0,nicotine,1,L-DLPFC 10Hz,19,0,1,0.56,0
SYN-01576,49.0,0,1,74.0,22.0,72.0,25.0,21.0,2,0,12.0,0,0,5.0,0,46.0,25.1,11.0,methamphetamine,1,L-DLPFC 10Hz,19,0,1,3.91,0
SYN-01577,40.0,0,2,45.0,9.0,63.0,18.0,10.0,4,0,14.0,1,0,4.5,1,30.0,21.5,14.0,opioid,0,sham,12,0,1,0.23,0
SYN-01578,34.0,0,2,38.0,10.0,64.0,23.0,5.0,0,0,13.0,0,1,4.7,0,34.0,21.4,12.0,alcohol,1,L-DLPFC iTBS,20,1,0,52.0,1
SYN-01579,42.0,0,2,33.0,11.0,33.0,6.0,11.0,3,0,7.0,1,0,2.7,0,50.0,29.0,12.0,opioid,0,sham,10,0,0,3.83,0
SYN-01580,23.0,0,0,49.0,17.0,60.0,8.0,2.0,0,1,8.0,1,0,4.9,0,38.0,28.1,12.0,opioid,0,sham,15,0,1,13.79,0
SYN-01581,27.0,0,1,35.0,12.0,62.0,10.0,6.0,2,0,9.0,0,0,4.0,1,63.0,23.7,15.0,methamphetamine,1,mPFC/ACC deep TMS,18,0,1,19.17,0
SYN-01582,51.0,1,2,50.0,12.0,74.0,21.0,27.0,2,1,12.0,1,0,4.8,0,44.0,30.3,10.0,cocaine,1,L-DLPFC iTBS,11,0,0,12.06,0
SYN-01583,37.0,0,4,57.0,16.0,50.0,7.0,5.0,2,0,12.0,0,0,4.0,0,45.0,22.0,11.0,nicotine,1,L-DLPFC 10Hz,20,1,1,20.91,0
SYN-01584,46.0,0,0,47.0,16.0,68.0,22.0,15.0,4,0,8.0,0,1,6.8,0,51.0,19.3,13.0,cocaine,1,L-DLPFC 10Hz,13,1,1,10.11,0
SYN-01585,56.0,0,2,42.0,13.0,87.0,5.0,22.0,1,1,12.0,0,1,6.2,1,43.0,29.0,13.0,alcohol,0,sham,19,0,1,40.64,0
SYN-01586,49.0,0,1,66.0,22.0,53.0,9.0,9.0,0,0,5.0,1,1,6.9,0,46.0,17.6,8.0,nicotine,0,sham,14,1,0,52.0,1
SYN-01587,42.0,0,1,50.0,15.0,51.0,12.0,21.0,2,0,8.0,0,0,3.8,0,58.0,26.7,13.0,alcohol,1,L-DLPFC 10Hz,15,1,1,19.48,0
SYN-01588,66.0,0,1,55.0,10.0,53.0,0.0,16.0,2,0,12.0,1,0,5.1,0,57.0,31.6,13.0,nicotine,0,sham,16,1,0,48.89,0
SYN-01589,50.0,0,3,63.0,13.0,36.0,6.0,10.0,5,1,12.0,0,0,4.2,0,63.0,21.0,14.0,cocaine,0,sham,20,0,1,0.1,0
SYN-01590,38.0,0,1,38.0,10.0,50.0,2.0,6.0,2,1,10.0,0,0,3.8,0,60.0,17.5,10.0,alcohol,0,sham,18,0,0,0.65,0
SYN-01591,50.0,1,0,42.0,11.0,82.0,19.0,16.0,6,0,12.0,1,0,5.3,0,59.0,30.3,14.0,alcohol,1,L-DLPFC iTBS,12,1,1,8.6,0
SYN-01592,47.0,0,0,80.0,21.0,47.0,11.0,20.0,1,1,14.0,0,1,3.3,0,34.0,31.2,11.0,nicotine,1,L-DLPFC 10Hz,18,0,0,3.3,0
SYN-01593,32.0,0,0,51.0,14.0,55.0,20.0,8.0,1,1,10.0,1,0,7.0,0,47.0,38.7,13.0,alcohol,1,L-DLPFC iTBS,18,0,0,52.0,1
SYN-01594,43.0,1,2,41.0,17.0,75.0,12.0,13.0,4,0,16.0,0,1,4.5,0,42.0,27.1,13.0,alcohol,1,L-DLPFC 10Hz,5,0,1,16.53,0
SYN-01595,40.0,0,1,50.0,16.0,67.0,4.0,9.0,1,1,11.0,0,0,5.4,0,47.0,28.0,9.0,cocaine,1,L-DLPFC 10Hz,20,1,0,14.03,0
SYN-01596,22.0,0,1,46.0,18.0,61.0,11.0,3.0,4,0,20.0,1,0,4.1,1,51.0,23.2,11.0,alcohol,0,sham,7,0,0,19.41,0
SYN-01597,40.0,0,5,39.0,8.0,51.0,15.0,9.0,0,0,5.0,0,0,4.4,0,53.0,33.7,11.0,methamphetamine,0,sham,13,0,1,1.64,0
SYN-01598,39.0,0,1,48.0,11.0,56.0,15.0,11.0,3,0,14.0,0,0,4.0,0,53.0,35.4,9.0,opioid,0,sham,20,0,1,17.9,0
SYN-01599,37.0,0,3,52.0,16.0,58.0,16.0,13.0,1,0,7.0,0,0,6.2,0,57.0,27.0,16.0,alcohol,0,sham,19,0,0,52.0,1
SYN-01600,23.0,1,3,52.0,14.0,69.0,27.0,1.0,4,0,6.0,0,1,5.8,0,54.0,30.2,11.0,opioid,0,sham,12,1,1,11.7,0
SYN-01601,38.0,0,4,59.0,17.0,60.0,13.0,7.0,4,0,8.0,0,1,5.0,0,59.0,35.6,14.0,opioid,1,mPFC/ACC deep TMS,20,1,0,31.42,0
SYN-01602,42.0,0,4,33.0,11.0,70.0,16.0,13.0,2,0,0.0,1,0,4.0,0,38.0,28.9,12.0,cocaine,0,sham,15,1,1,19.59,0
SYN-01603,43.0,0,4,36.0,8.0,26.0,2.0,11.0,3,1,9.0,0,0,4.8,0,40.0,36.9,11.0,alcohol,1,L-DLPFC 10Hz,10,1,0,52.0,1
SYN-01604,29.0,0,2,61.0,21.0,72.0,13.0,4.0,2,1,12.0,0,1,5.2,0,50.0,35.6,15.0,alcohol,1,L-DLPFC iTBS,12,0,1,8.93,0
SYN-01605,49.0,0,0,47.0,17.0,49.0,21.0,27.0,4,0,8.0,1,1,3.5,0,53.0,28.2,14.0,alcohol,1,L-DLPFC 10Hz,17,1,1,25.53,0
SYN-01606,28.0,0,3,66.0,10.0,60.0,18.0,3.0,1,0,11.0,0,0,4.9,0,35.0,26.4,11.0,opioid,1,L-DLPFC 10Hz,18,1,1,28.45,0
SYN-01607,39.0,0,4,56.0,12.0,52.0,0.0,9.0,1,1,13.0,0,0,2.3,1,32.0,25.7,13.0,cocaine,1,L-DLPFC 10Hz,6,0,1,15.47,0
SYN-01608,57.0,1,2,36.0,11.0,66.0,26.0,14.0,0,1,8.0,0,0,4.0,0,55.0,23.7,14.0,methamphetamine,0,sham,14,0,0,12.83,0
SYN-01609,34.0,0,3,59.0,17.0,57.0,0.0,6.0,6,0,15.0,0,1,3.8,0,46.0,38.3,11.0,nicotine,1,mPFC/ACC deep TMS,20,1,1,18.62,0
SYN-01610,36.0,0,2,41.0,11.0,66.0,13.0,15.0,0,0,8.0,0,0,4.3,0,53.0,27.1,15.0,alcohol,0,sham,14,0,0,52.0,1
SYN-01611,54.0,0,2,55.0,9.0,46.0,20.0,17.0,1,1,18.0,0,0,6.6,0,55.0,25.0,13.0,alcohol,0,sham,19,0,1,31.03,0
SYN-01612,38.0,0,1,66.0,19.0,63.0,17.0,13.0,0,0,12.0,0,1,2.6,0,52.0,22.9,16.0,alcohol,1,mPFC/ACC deep TMS,9,1,1,23.91,0
SYN-01613,39.0,0,3,76.0,17.0,81.0,24.0,14.0,0,1,8.0,1,1,4.5,0,41.0,25.8,16.0,alcohol,0,sham,14,0,1,4.11,0
SYN-01614,45.0,0,2,52.0,18.0,76.0,25.0,23.0,2,0,14.0,0,0,3.9,0,55.0,32.6,11.0,nicotine,1,L-DLPFC 10Hz,16,0,1,49.64,0
SYN-01615,54.0,0,0,60.0,16.0,54.0,17.0,31.0,1,0,13.0,0,1,3.1,0,45.0,30.8,15.0,nicotine,1,L-DLPFC 10Hz,10,0,0,3.59,0
SYN-01616,22.0,0,1,56.0,18.0,61.0,6.0,2.0,2,1,6.0,1,1,3.6,0,55.0,17.0,14.0,nicotine,0,sham,20,0,1,9.61,0
SYN-01617,33.0,0,3,61.0,18.0,54.0,17.0,10.0,7,0,19.0,1,1,2.7,0,36.0,30.2,11.0,alcohol,0,sham,18,0,1,0.63,0
SYN-01618,31.0,0,0,33.0,13.0,53.0,9.0,4.0,1,0,9.0,0,0,5.0,0,52.0,31.7,15.0,methamphetamine,1,mPFC/ACC deep TMS,17,1,1,3.37,0
SYN-01619,30.0,0,2,48.0,11.0,58.0,0.0,8.0,3,0,13.0,0,1,5.0,0,48.0,32.4,11.0,nicotine,1,L-DLPFC 10Hz,18,1,0,8.28,0
SYN-01620,32.0,0,2,56.0,18.0,78.0,17.0,6.0,2,0,21.0,1,1,3.0,0,45.0,35.4,14.0,alcohol,0,sham,17,0,0,3.85,0
SYN-01621,33.0,1,4,58.0,15.0,68.0,21.0,4.0,0,0,9.0,0,0,4.7,0,53.0,31.3,13.0,alcohol,1,L-DLPFC 10Hz,19,1,0,52.0,1
SYN-01622,45.0,0,3,44.0,8.0,80.0,20.0,20.0,2,1,8.0,1,1,4.5,0,51.0,41.2,9.0,alcohol,1,L-DLPFC iTBS,19,1,0,43.57,0
SYN-01623,32.0,0,1,62.0,14.0,84.0,20.0,13.0,0,1,14.0,0,1,1.1,0,49.0,25.4,13.0,alcohol,0,sham,18,0,1,13.15,0
SYN-01624,43.0,1,0,65.0,15.0,40.0,25.0,18.0,3,1,4.0,1,1,4.1,0,51.0,34.8,14.0,nicotine,1,L-DLPFC iTBS,17,0,1,8.97,0
SYN-01625,47.0,0,3,53.0,15.0,63.0,18.0,22.0,2,0,15.0,1,1,3.6,0,41.0,25.0,14.0,nicotine,1,L-DLPFC 10Hz,14,1,1,12.61,0
SYN-01626,34.0,0,2,50.0,15.0,51.0,21.0,14.0,0,0,8.0,1,1,3.3,0,51.0,26.3,11.0,alcohol,0,sham,10,0,1,1.94,0
SYN-01627,43.0,0,1,48.0,9.0,32.0,12.0,12.0,5,1,16.0,0,0,3.0,0,39.0,37.8,12.0,alcohol,1,L-DLPFC iTBS,19,0,0,2.4,0
SYN-01628,60.0,0,3,54.0,16.0,41.0,25.0,35.0,1,0,16.0,0,0,1.8,0,39.0,33.8,15.0,alcohol,1,L-DLPFC 10Hz,7,0,0,3.53,0
SYN-01629,46.0,0,2,66.0,16.0,52.0,11.0,16.0,1,0,8.0,1,1,3.0,0,49.0,25.6,15.0,alcohol,0,sham,19,0,1,5.0,0
SYN-01630,35.0,0,2,69.0,13.0,87.0,30.0,10.0,2,0,8.0,1,1,1.5,0,50.0,31.6,14.0,alcohol,1,L-DLPFC iTBS,13,1,1,8.3,0
SYN-01631,41.0,0,1,47.0,15.0,59.0,30.0,7.0,1,1,16.0,0,0,5.2,0,41.0,20.2,16.0,alcohol,1,L-DLPFC 10Hz,11,1,0,2.88,0
SYN-01632,32.0,0,3,42.0,9.0,54.0,11.0,6.0,3,0,7.0,1,0,3.3,0,39.0,25.1,12.0,alcohol,0,sham,18,0,0,12.38,0
SYN-01633,45.0,0,2,43.0,8.0,56.0,23.0,14.0,3,0,11.0,1,1,5.5,0,39.0,25.1,12.0,alcohol,1,L-DLPFC iTBS,11,1,1,1.34,0
SYN-01634,52.0,0,1,64.0,18.0,48.0,2.0,21.0,0,0,14.0,0,1,3.8,0,44.0,20.5,13.0,alcohol,1,L-DLPFC iTBS,9,1,0,3.08,0
SYN-01635,33.0,0,2,55.0,17.0,61.0,18.0,6.0,1,0,15.0,0,0,4.6,0,42.0,31.8,14.0,cocaine,0,sham,6,0,1,0.1,0
SYN-01636,40.0,0,2,56.0,12.0,57.0,21.0,19.0,2,1,12.0,0,1,3.6,0,61.0,22.2,14.0,alcohol,0,sham,19,0,1,14.14,0
SYN-01637,55.0,0,3,58.0,18.0,33.0,4.0,30.0,2,0,9.0,0,0,3.8,0,38.0,28.2,15.0,opioid,0,sham,15,0,1,13.14,0
SYN-01638,36.0,0,0,57.0,18.0,50.0,0.0,6.0,1,0,15.0,1,1,4.5,0,46.0,35.8,14.0,alcohol,1,L-DLPFC 10Hz,8,0,1,9.16,0
SYN-01639,44.0,0,1,51.0,11.0,100.0,24.0,8.0,1,0,13.0,0,1,4.0,0,56.0,31.9,14.0,nicotine,0,sham,18,0,0,52.0,1
SYN-01640,30.0,0,5,41.0,18.0,66.0,14.0,3.0,1,0,15.0,0,1,5.2,0,50.0,25.2,11.0,opioid,0,sham,16,0,0,34.93,0
SYN-01641,33.0,0,2,45.0,12.0,55.0,16.0,6.0,2,1,7.0,0,1,3.0,0,48.0,26.7,13.0,alcohol,1,mPFC/ACC deep TMS,11,1,0,51.14,0
SYN-01642,36.0,0,3,54.0,15.0,69.0,20.0,14.0,5,0,17.0,0,0,3.4,0,60.0,30.8,11.0,alcohol,0,sham,15,0,1,3.54,0
SYN-01643,66.0,0,2,57.0,6.0,44.0,19.0,19.0,1,0,14.0,0,1,2.6,0,57.0,22.0,11.0,alcohol,0,sham,20,0,0,19.12,0
SYN-01644,38.0,1,2,48.0,15.0,59.0,28.0,13.0,5,0,10.0,0,1,6.3,0,58.0,31.5,12.0,methamphetamine,0,sham,20,1,0,1.64,0
SYN-01645,36.0,0,1,48.0,11.0,71.0,21.0,11.0,5,0,14.0,1,0,6.3,0,44.0,31.4,14.0,alcohol,0,sham,18,1,1,21.39,0
SYN-01646,36.0,0,4,68.0,18.0,35.0,0.0,16.0,1,0,12.0,0,1,4.3,0,54.0,36.0,16.0,alcohol,1,L-DLPFC iTBS,13,0,1,4.27,0
SYN-01647,40.0,0,2,47.0,7.0,46.0,18.0,12.0,1,1,5.0,0,1,4.9,1,53.0,29.6,11.0,nicotine,1,L-DLPFC iTBS,15,0,0,28.16,0
SYN-01648,49.0,0,4,55.0,18.0,52.0,17.0,12.0,3,1,9.0,1,1,3.9,0,43.0,29.6,11.0,alcohol,1,L-DLPFC 10Hz,14,0,1,4.15,0
SYN-01649,44.0,0,1,49.0,18.0,53.0,15.0,15.0,4,0,13.0,1,1,4.2,1,55.0,20.1,17.0,nicotine,1,L-DLPFC iTBS,12,0,1,0.3,0
SYN-01650,65.0,0,1,43.0,18.0,49.0,26.0,23.0,2,0,12.0,0,0,6.9,0,50.0,30.2,18.0,cocaine,0,sham,17,0,1,47.46,0
SYN-01651,44.0,1,1,35.0,0.0,60.0,18.0,8.0,3,1,11.0,1,0,5.0,0,44.0,33.9,13.0,methamphetamine,0,sham,15,0,1,29.45,0
SYN-01652,58.0,0,0,46.0,14.0,73.0,15.0,33.0,2,1,8.0,0,0,4.5,0,49.0,29.6,15.0,cocaine,0,sham,19,0,0,52.0,1
SYN-01653,45.0,0,1,43.0,13.0,62.0,20.0,13.0,0,0,7.0,1,0,4.1,0,50.0,28.2,15.0,cocaine,0,sham,14,1,0,45.48,0
SYN-01654,49.0,0,1,62.0,5.0,76.0,6.0,8.0,1,0,11.0,0,0,4.8,0,49.0,26.5,15.0,alcohol,1,L-DLPFC iTBS,10,1,0,32.77,0
SYN-01655,26.0,0,1,40.0,9.0,73.0,26.0,6.0,1,0,11.0,0,0,5.3,0,47.0,25.6,12.0,nicotine,1,L-DLPFC 10Hz,18,1,1,8.89,0
SYN-01656,41.0,0,2,48.0,12.0,48.0,14.0,18.0,4,1,11.0,0,1,3.8,0,33.0,29.4,15.0,alcohol,0,sham,17,0,1,2.07,0
SYN-01657,41.0,0,1,60.0,20.0,64.0,30.0,12.0,2,1,13.0,1,1,4.1,1,46.0,21.8,13.0,alcohol,1,L-DLPFC iTBS,1,0,1,5.98,0
SYN-01658,39.0,1,2,51.0,10.0,52.0,19.0,16.0,3,1,9.0,1,0,5.3,0,47.0,32.4,12.0,alcohol,1,L-DLPFC 10Hz,18,0,1,1.36,0
SYN-01659,22.0,0,0,58.0,15.0,69.0,20.0,2.0,2,1,10.0,0,0,4.5,0,32.0,27.5,16.0,alcohol,0,sham,9,0,1,2.64,0
SYN-01660,52.0,0,1,62.0,15.0,54.0,16.0,22.0,1,0,10.0,0,0,3.8,0,53.0,31.4,13.0,alcohol,1,L-DLPFC 10Hz,19,0,1,15.03,0
SYN-01661,38.0,0,2,34.0,12.0,53.0,5.0,11.0,1,0,9.0,1,1,4.9,0,47.0,27.6,13.0,alcohol,1,L-DLPFC 10Hz,19,1,0,52.0,1
SYN-01662,37.0,0,1,48.0,11.0,84.0,20.0,6.0,0,0,9.0,0,1,4.6,0,53.0,28.7,12.0,alcohol,0,sham,19,0,1,8.09,0
SYN-01663,39.0,0,4,42.0,15.0,54.0,17.0,18.0,1,1,11.0,0,0,4.3,0,50.0,22.8,15.0,methamphetamine,0,sham,10,1,0,52.0,1
SYN-01664,39.0,0,0,68.0,20.0,36.0,19.0,5.0,0,0,11.0,1,1,3.7,0,46.0,39.1,13.0,alcohol,1,L-DLPFC 10Hz,15,0,1,2.99,0
SYN-01665,46.0,0,1,51.0,9.0,60.0,19.0,8.0,4,0,16.0,0,0,4.9,0,33.0,34.3,13.0,alcohol,1,L-DLPFC 10Hz,20,1,1,11.82,0
SYN-01666,28.0,0,2,58.0,18.0,64.0,22.0,5.0,1,0,9.0,0,0,3.8,0,45.0,29.9,13.0,cocaine,1,L-DLPFC 10Hz,20,1,1,46.42,0
SYN-01667,32.0,0,4,72.0,14.0,53.0,20.0,5.0,1,1,9.0,1,0,2.9,0,38.0,23.7,14.0,cocaine,0,sham,20,0,1,3.3,0
SYN-01668,45.0,0,0,48.0,12.0,59.0,11.0,21.0,2,0,13.0,0,0,3.5,0,41.0,38.8,14.0,cocaine,1,L-DLPFC iTBS,19,1,1,2.52,0
SYN-01669,44.0,0,2,53.0,18.0,74.0,21.0,21.0,0,0,17.0,0,1,4.3,0,43.0,31.5,14.0,alcohol,0,sham,10,1,0,52.0,1
SYN-01670,38.0,1,0,57.0,15.0,51.0,12.0,9.0,0,0,11.0,0,0,3.5,0,44.0,28.0,13.0,nicotine,1,L-DLPFC 10Hz,18,1,0,52.0,1
SYN-01671,36.0,0,0,49.0,15.0,55.0,5.0,6.0,2,0,7.0,0,0,3.0,0,51.0,25.6,11.0,nicotine,1,L-DLPFC 10Hz,17,1,1,20.34,0
SYN-01672,33.0,1,1,67.0,19.0,49.0,2.0,9.0,1,0,15.0,1,0,5.5,0,52.0,28.4,15.0,cocaine,1,L-DLPFC 10Hz,18,0,1,16.57,0
SYN-01673,41.0,0,4,62.0,17.0,65.0,23.0,11.0,2,0,8.0,0,0,2.6,1,49.0,35.6,13.0,alcohol,0,sham,8,0,1,0.59,0
SYN-01674,55.0,0,1,64.0,14.0,58.0,27.0,33.0,2,0,12.0,0,0,3.3,0,39.0,24.7,13.0,methamphetamine,0,sham,18,0,1,7.98,0
SYN-01675,30.0,0,1,53.0,10.0,44.0,24.0,6.0,1,0,11.0,0,0,5.6,0,43.0,28.4,11.0,alcohol,1,L-DLPFC 10Hz,19,1,0,52.0,1
SYN-01676,59.0,0,1,49.0,15.0,55.0,8.0,27.0,5,0,7.0,1,1,3.6,0,51.0,28.7,12.0,alcohol,0,sham,17,0,1,16.68,0
SYN-01677,51.0,0,1,48.0,15.0,86.0,30.0,29.0,3,1,14.0,0,1,3.9,0,62.0,31.9,12.0,opioid,0,sham,18,1,0,34.05,0
SYN-01678,37.0,0,2,48.0,14.0,31.0,22.0,16.0,1,0,12.0,0,0,2.7,0,42.0,34.6,13.0,alcohol,0,sham,20,0,1,33.25,0
SYN-01679,51.0,0,0,34.0,10.0,34.0,4.0,11.0,1,0,10.0,0,0,4.6,0,42.0,29.4,12.0,methamphetamine,0,sham,13,1,0,5.4,0
SYN-01680,26.0,0,1,57.0,17.0,64.0,20.0,4.0,5,0,13.0,0,0,2.2,0,42.0,30.9,13.0,methamphetamine,0,sham,12,0,1,13.16,0
SYN-01681,23.0,0,3,62.0,15.0,38.0,25.0,3.0,4,0,8.0,1,0,5.3,0,47.0,30.8,9.0,nicotine,0,sham,14,0,1,15.02,0
SYN-01682,28.0,0,2,52.0,9.0,89.0,22.0,7.0,2,1,10.0,0,0,3.8,0,53.0,25.2,15.0,alcohol,1,L-DLPFC 10Hz,20,1,1,22.86,0
SYN-01683,37.0,0,0,47.0,14.0,34.0,20.0,15.0,4,1,12.0,0,1,5.1,0,42.0,28.7,16.0,alcohol,0,sham,16,0,1,12.06,0
SYN-01684,38.0,0,1,53.0,15.0,38.0,6.0,17.0,4,0,14.0,0,0,3.8,0,43.0,22.8,12.0,nicotine,0,sham,13,0,1,0.63,0
SYN-01685,36.0,0,4,55.0,17.0,51.0,11.0,11.0,1,0,5.0,1,0,2.8,0,44.0,30.0,11.0,cocaine,0,sham,7,0,1,1.22,0
SYN-01686,43.0,0,2,56.0,11.0,76.0,26.0,19.0,5,1,13.0,1,0,3.5,0,60.0,29.0,15.0,alcohol,0,sham,18,0,1,0.26,0
SYN-01687,22.0,0,5,73.0,15.0,74.0,17.0,3.0,3,0,9.0,0,0,5.8,0,48.0,29.8,13.0,cocaine,0,sham,17,0,1,7.3,0
SYN-01688,47.0,0,5,43.0,13.0,66.0,18.0,9.0,1,0,3.0,0,0,4.8,0,57.0,25.7,8.0,alcohol,0,sham,15,0,1,19.2,0
SYN-01689,26.0,1,0,57.0,13.0,64.0,17.0,7.0,1,0,15.0,1,0,4.1,0,57.0,40.9,16.0,nicotine,1,L-DLPFC iTBS,12,0,1,3.25,0
SYN-01690,35.0,0,1,60.0,15.0,80.0,12.0,8.0,0,0,16.0,1,1,5.8,0,47.0,34.5,10.0,opioid,1,L-DLPFC iTBS,14,1,0,52.0,1
SYN-01691,37.0,1,1,53.0,17.0,30.0,21.0,5.0,2,1,8.0,0,1,2.4,0,50.0,27.6,15.0,nicotine,0,sham,20,0,1,3.08,0
SYN-01692,29.0,0,0,50.0,15.0,62.0,15.0,5.0,2,1,14.0,1,0,4.0,0,46.0,24.5,17.0,cocaine,0,sham,18,0,1,2.85,0
SYN-01693,27.0,0,2,41.0,18.0,79.0,17.0,6.0,2,1,11.0,0,0,5.7,0,45.0,28.8,14.0,alcohol,0,sham,20,0,1,0.9,0
SYN-01694,31.0,0,1,46.0,13.0,41.0,8.0,6.0,2,0,14.0,1,0,3.4,1,37.0,27.7,13.0,nicotine,0,sham,6,0,1,15.45,0
SYN-01695,42.0,1,1,60.0,21.0,64.0,17.0,15.0,2,0,19.0,1,1,4.8,0,41.0,28.9,12.0,opioid,1,L-DLPFC iTBS,19,0,1,24.74,0
SYN-01696,48.0,0,1,69.0,20.0,80.0,12.0,23.0,3,0,17.0,0,0,3.8,0,43.0,30.8,10.0,opioid,0,sham,6,0,1,4.53,0
SYN-01697,48.0,0,1,45.0,21.0,77.0,26.0,14.0,3,1,12.0,1,0,6.2,0,53.0,23.3,14.0,methamphetamine,1,mPFC/ACC deep TMS,17,1,0,52.0,1
SYN-01698,31.0,0,3,58.0,15.0,57.0,12.0,5.0,1,1,8.0,1,1,5.1,0,44.0,25.1,12.0,alcohol,0,sham,17,0,0,26.0,0
SYN-01699,33.0,0,0,58.0,14.0,88.0,28.0,11.0,4,0,9.0,0,0,4.6,0,40.0,29.2,11.0,alcohol,1,mPFC/ACC deep TMS,17,0,1,8.4,0
SYN-01700,32.0,0,2,64.0,20.0,68.0,10.0,4.0,1,1,11.0,1,0,4.0,0,51.0,19.2,14.0,alcohol,1,L-DLPFC 10Hz,5,0,1,10.78,0
SYN-01701,47.0,0,2,55.0,12.0,75.0,11.0,25.0,5,0,9.0,1,1,3.7,0,43.0,40.7,13.0,alcohol,0,sham,20,0,0,52.0,1
SYN-01702,22.0,0,0,57.0,13.0,42.0,5.0,3.0,1,0,13.0,0,0,2.7,0,45.0,33.4,12.0,cocaine,0,sham,18,0,1,29.79,0
SYN-01703,56.0,0,0,62.0,16.0,48.0,15.0,18.0,3,1,14.0,0,0,3.2,0,40.0,30.5,14.0,alcohol,1,L-DLPFC 10Hz,14,0,1,18.59,0
SYN-01704,37.0,0,2,39.0,13.0,44.0,2.0,11.0,2,1,17.0,0,0,2.1,0,54.0,33.8,10.0,opioid,1,L-DLPFC iTBS,15,0,1,18.18,0
SYN-01705,33.0,1,1,53.0,9.0,86.0,28.0,11.0,5,1,16.0,1,1,4.2,0,44.0,29.9,14.0,alcohol,0,sham,17,0,1,4.2,0
SYN-01706,46.0,0,1,33.0,11.0,19.0,5.0,23.0,3,1,6.0,0,0,5.0,1,50.0,28.7,12.0,opioid,0,sham,20,0,1,0.71,0
SYN-01707,53.0,0,1,33.0,9.0,27.0,16.0,31.0,0,1,19.0,0,0,7.0,0,39.0,31.2,13.0,alcohol,0,sham,20,1,0,52.0,1
SYN-01708,46.0,0,2,43.0,12.0,69.0,14.0,16.0,0,1,11.0,0,0,5.0,0,43.0,29.6,12.0,alcohol,1,L-DLPFC 10Hz,13,1,0,52.0,1
SYN-01709,54.0,0,0,35.0,11.0,58.0,22.0,19.0,1,0,9.0,1,1,6.5,1,30.0,34.5,15.0,nicotine,1,L-DLPFC 10Hz,20,1,0,52.0,1
SYN-01710,43.0,0,1,58.0,14.0,13.0,0.0,7.0,1,0,6.0,0,0,3.1,1,52.0,29.0,16.0,cocaine,1,L-DLPFC 10Hz,15,0,1,14.65,0
SYN-01711,56.0,0,2,63.0,19.0,54.0,6.0,34.0,3,0,13.0,1,0,3.5,0,65.0,34.8,11.0,alcohol,0,sham,20,0,1,37.68,0
SYN-01712,56.0,0,1,49.0,15.0,53.0,19.0,16.0,4,0,20.0,1,0,4.9,1,32.0,37.8,15.0,alcohol,1,L-DLPFC 10Hz,15,0,1,0.58,0
SYN-01713,41.0,0,0,51.0,13.0,77.0,15.0,9.0,3,1,11.0,0,1,3.6,1,61.0,32.4,14.0,alcohol,1,L-DLPFC iTBS,15,1,1,5.36,0
SYN-01714,58.0,0,4,50.0,14.0,28.0,18.0,33.0,4,0,13.0,0,0,5.5,0,58.0,29.7,13.0,methamphetamine,1,L-DLPFC iTBS,18,1,0,5.6,0
SYN-01715,44.0,0,4,50.0,17.0,50.0,8.0,19.0,2,0,13.0,0,0,5.5,0,55.0,22.9,16.0,nicotine,0,sham,19,0,1,21.35,0
SYN-01716,43.0,0,2,54.0,17.0,75.0,23.0,14.0,0,1,15.0,1,1,4.2,0,45.0,26.1,17.0,nicotine,1,L-DLPFC iTBS,19,0,1,2.35,0
SYN-01717,32.0,0,2,56.0,19.0,71.0,11.0,9.0,5,0,9.0,1,1,3.8,0,44.0,23.5,10.0,nicotine,0,sham,20,1,1,29.93,0
SYN-01718,39.0,0,2,47.0,12.0,43.0,0.0,18.0,2,0,8.0,0,1,4.2,0,58.0,28.4,14.0,opioid,0,sham,18,0,1,5.81,0
SYN-01719,51.0,1,2,44.0,13.0,53.0,26.0,18.0,5,0,13.0,0,0,3.5,0,44.0,33.9,14.0,methamphetamine,0,sham,18,1,1,23.36,0
SYN-01720,28.0,0,2,47.0,20.0,34.0,9.0,3.0,3,0,15.0,1,0,6.4,1,38.0,20.6,13.0,alcohol,0,sham,15,0,1,18.43,0
SYN-01721,49.0,1,1,61.0,15.0,81.0,27.0,28.0,6,1,10.0,1,1,4.4,0,42.0,30.9,11.0,nicotine,1,L-DLPFC 10Hz,4,0,1,22.12,0
SYN-01722,46.0,0,1,48.0,19.0,51.0,15.0,25.0,3,0,13.0,0,1,6.3,0,50.0,20.2,13.0,opioid,0,sham,19,0,0,33.13,0
SYN-01723,45.0,0,3,69.0,20.0,81.0,6.0,23.0,1,0,16.0,0,0,3.1,0,47.0,26.7,10.0,cocaine,0,sham,15,0,1,2.82,0
SYN-01724,22.0,0,3,50.0,12.0,70.0,21.0,2.0,2,0,13.0,0,0,6.8,0,46.0,32.5,13.0,cocaine,1,mPFC/ACC deep TMS,19,1,1,13.11,0
SYN-01725,41.0,0,1,68.0,12.0,47.0,22.0,10.0,3,0,11.0,1,1,3.8,0,48.0,26.2,15.0,opioid,0,sham,15,0,1,0.29,0
SYN-01726,49.0,0,2,39.0,14.0,54.0,25.0,9.0,4,0,18.0,1,0,4.5,0,64.0,35.6,17.0,methamphetamine,1,L-DLPFC 10Hz,17,1,0,52.0,1
SYN-01727,34.0,0,2,45.0,10.0,67.0,30.0,10.0,3,0,16.0,0,1,5.3,1,51.0,29.9,12.0,alcohol,0,sham,18,0,1,0.55,0
SYN-01728,43.0,0,3,58.0,12.0,66.0,20.0,21.0,1,1,14.0,0,0,5.7,0,52.0,27.8,14.0,nicotine,1,L-DLPFC 10Hz,17,1,1,18.46,0
SYN-01729,22.0,0,2,58.0,9.0,83.0,19.0,2.0,3,0,11.0,0,0,6.2,0,40.0,28.9,14.0,alcohol,0,sham,13,0,1,24.43,0
SYN-01730,49.0,1,2,51.0,18.0,76.0,19.0,10.0,2,1,7.0,0,0,4.6,0,44.0,28.4,13.0,methamphetamine,1,L-DLPFC 10Hz,13,1,1,0.64,0
SYN-01731,35.0,0,1,75.0,18.0,67.0,8.0,6.0,0,0,11.0,0,1,3.0,0,56.0,30.6,16.0,alcohol,0,sham,14,0,1,8.74,0
SYN-01732,52.0,0,0,53.0,14.0,69.0,23.0,25.0,1,0,12.0,1,0,6.3,0,52.0,22.5,12.0,alcohol,1,L-DLPFC 10Hz,18,1,0,13.2,0
SYN-01733,22.0,0,0,56.0,16.0,48.0,19.0,2.0,2,0,8.0,0,1,4.3,0,53.0,28.3,14.0,nicotine,0,sham,15,1,0,52.0,1
SYN-01734,50.0,0,2,46.0,13.0,48.0,16.0,24.0,2,0,15.0,0,0,3.1,0,46.0,25.2,16.0,alcohol,0,sham,15,1,1,48.8,0
SYN-01735,39.0,0,2,71.0,17.0,71.0,12.0,13.0,0,0,8.0,0,0,2.7,0,36.0,29.5,15.0,alcohol,0,sham,18,0,1,13.28,0
SYN-01736,51.0,0,1,62.0,17.0,65.0,22.0,17.0,1,1,18.0,0,1,3.9,0,46.0,25.1,10.0,alcohol,0,sham,16,0,1,2.2,0
SYN-01737,32.0,0,1,57.0,14.0,42.0,8.0,8.0,6,1,10.0,0,1,1.7,0,45.0,29.4,13.0,alcohol,0,sham,12,0,1,23.84,0
SYN-01738,35.0,1,1,34.0,2.0,54.0,24.0,13.0,0,0,8.0,0,1,4.3,1,62.0,38.5,15.0,opioid,0,sham,18,0,1,3.55,0
SYN-01739,67.0,1,0,56.0,17.0,47.0,8.0,43.0,2,0,11.0,0,0,3.8,0,39.0,39.1,13.0,alcohol,0,sham,14,1,0,52.0,1
SYN-01740,33.0,0,2,47.0,14.0,49.0,9.0,5.0,2,0,13.0,0,1,6.3,0,43.0,27.3,12.0,nicotine,0,sham,17,0,0,52.0,1
SYN-01741,34.0,0,3,57.0,15.0,79.0,17.0,12.0,2,1,16.0,0,1,5.4,0,63.0,29.5,12.0,opioid,1,L-DLPFC iTBS,12,1,0,52.0,1
SYN-01742,39.0,1,0,62.0,21.0,45.0,4.0,14.0,3,1,8.0,0,0,4.1,0,46.0,32.7,12.0,methamphetamine,1,L-DLPFC iTBS,19,0,0,8.9,0
SYN-01743,31.0,0,3,44.0,7.0,47.0,6.0,5.0,1,1,13.0,0,0,1.7,0,44.0,26.5,15.0,alcohol,1,L-DLPFC 10Hz,6,0,1,20.79,0
SYN-01744,55.0,0,1,55.0,4.0,68.0,15.0,14.0,1,1,10.0,0,0,3.0,0,55.0,29.3,12.0,cocaine,1,L-DLPFC iTBS,20,0,1,9.34,0
SYN-01745,61.0,1,1,62.0,21.0,61.0,0.0,17.0,2,1,7.0,1,0,3.8,0,43.0,26.0,15.0,alcohol,0,sham,9,0,1,9.34,0
SYN-01746,34.0,0,1,54.0,16.0,61.0,30.0,14.0,2,0,8.0,0,0,5.2,0,47.0,32.8,14.0,methamphetamine,0,sham,19,1,1,23.31,0
SYN-01747,23.0,0,1,49.0,7.0,36.0,14.0,4.0,5,0,16.0,0,0,2.4,0,45.0,24.3,16.0,methamphetamine,0,sham,18,0,1,35.46,0
SYN-01748,55.0,0,2,41.0,10.0,56.0,17.0,9.0,0,0,6.0,0,1,4.1,0,53.0,39.6,17.0,nicotine,0,sham,11,1,0,20.95,0
SYN-01749,54.0,1,4,45.0,15.0,52.0,7.0,19.0,3,1,9.0,1,0,2.7,0,45.0,24.1,13.0,alcohol,1,mPFC/ACC deep TMS,6,0,1,10.8,0
SYN-01750,51.0,0,2,38.0,7.0,44.0,14.0,24.0,3,1,11.0,1,1,6.2,1,50.0,29.0,11.0,opioid,1,mPFC/ACC deep TMS,19,1,0,52.0,1
SYN-01751,55.0,1,0,63.0,18.0,51.0,14.0,14.0,3,0,18.0,0,0,3.8,0,39.0,36.5,13.0,cocaine,1,L-DLPFC iTBS,11,0,1,0.31,0
SYN-01752,32.0,0,3,54.0,21.0,54.0,15.0,7.0,2,0,4.0,1,0,3.2,0,44.0,31.3,17.0,opioid,0,sham,20,0,0,52.0,1
SYN-01753,40.0,0,2,39.0,16.0,70.0,6.0,10.0,2,0,11.0,1,1,4.7,0,48.0,17.3,15.0,nicotine,1,L-DLPFC 10Hz,17,1,0,52.0,1
SYN-01754,27.0,0,1,52.0,14.0,88.0,20.0,5.0,1,1,12.0,1,0,3.5,0,42.0,32.9,13.0,methamphetamine,0,sham,19,0,1,9.35,0
SYN-01755,26.0,0,0,38.0,12.0,58.0,0.0,3.0,2,1,5.0,1,0,4.0,1,53.0,29.4,17.0,alcohol,1,mPFC/ACC deep TMS,11,1,0,52.0,1
SYN-01756,53.0,0,2,33.0,7.0,79.0,18.0,24.0,1,0,9.0,1,0,4.7,1,47.0,31.8,14.0,opioid,1,L-DLPFC 10Hz,17,1,1,49.63,0
SYN-01757,35.0,0,2,66.0,17.0,62.0,9.0,5.0,2,1,11.0,1,0,3.6,0,31.0,20.3,13.0,alcohol,1,mPFC/ACC deep TMS,7,0,1,0.53,0
SYN-01758,67.0,0,1,65.0,15.0,37.0,6.0,28.0,1,0,14.0,1,0,3.6,0,62.0,41.0,18.0,methamphetamine,1,L-DLPFC 10Hz,19,0,1,26.94,0
SYN-01759,43.0,0,1,36.0,7.0,57.0,12.0,9.0,3,0,9.0,1,0,6.5,0,45.0,20.9,12.0,alcohol,1,L-DLPFC iTBS,19,0,1,18.49,0
SYN-01760,35.0,0,1,44.0,8.0,77.0,26.0,11.0,1,0,9.0,1,0,4.5,0,55.0,35.7,13.0,alcohol,1,mPFC/ACC deep TMS,19,1,1,6.71,0
SYN-01761,51.0,0,0,55.0,21.0,81.0,29.0,10.0,5,1,12.0,1,0,3.6,0,53.0,23.0,16.0,nicotine,0,sham,11,1,1,33.71,0
SYN-01762,62.0,0,1,48.0,13.0,44.0,13.0,18.0,3,1,15.0,0,0,6.3,0,48.0,23.0,13.0,alcohol,0,sham,19,0,1,8.05,0
SYN-01763,47.0,0,2,43.0,9.0,92.0,13.0,22.0,2,0,6.0,0,1,5.1,0,52.0,33.5,14.0,nicotine,1,mPFC/ACC deep TMS,17,1,0,52.0,1
SYN-01764,29.0,0,2,47.0,11.0,46.0,24.0,3.0,2,0,11.0,0,1,6.1,0,52.0,25.7,14.0,nicotine,0,sham,19,0,0,52.0,1
SYN-01765,46.0,0,0,50.0,19.0,47.0,2.0,11.0,2,1,11.0,1,0,3.7,1,41.0,39.7,12.0,alcohol,1,L-DLPFC 10Hz,14,0,1,3.04,0
SYN-01766,57.0,0,1,46.0,18.0,50.0,9.0,25.0,2,0,11.0,0,0,4.3,0,54.0,36.6,12.0,alcohol,0,sham,18,0,1,9.66,0
SYN-01767,37.0,0,3,55.0,12.0,81.0,18.0,12.0,0,1,15.0,0,0,5.0,0,40.0,31.5,16.0,opioid,0,sham,14,0,1,1.29,0
SYN-01768,33.0,0,3,50.0,14.0,64.0,10.0,4.0,0,0,9.0,1,0,5.3,0,57.0,26.6,14.0,cocaine,1,L-DLPFC 10Hz,20,1,0,52.0,1
SYN-01769,53.0,0,2,44.0,15.0,71.0,28.0,21.0,4,1,6.0,0,1,4.1,0,43.0,27.0,10.0,nicotine,1,mPFC/ACC deep TMS,2,0,1,45.19,0
SYN-01770,44.0,0,1,53.0,13.0,24.0,11.0,22.0,3,0,11.0,0,0,6.8,0,51.0,31.4,14.0,methamphetamine,1,mPFC/ACC deep TMS,20,0,1,5.96,0
SYN-01771,30.0,0,0,34.0,6.0,55.0,23.0,4.0,0,0,6.0,1,1,3.3,0,47.0,31.0,12.0,alcohol,1,L-DLPFC 10Hz,20,1,0,52.0,1
SYN-01772,38.0,0,0,68.0,13.0,59.0,13.0,10.0,2,1,18.0,1,1,5.0,0,53.0,26.8,12.0,nicotine,1,L-DLPFC iTBS,19,1,1,6.27,0
SYN-01773,34.0,0,2,33.0,10.0,67.0,24.0,4.0,0,0,15.0,1,1,4.4,0,45.0,29.4,17.0,alcohol,1,L-DLPFC 10Hz,20,1,0,52.0,1
SYN-01774,45.0,0,2,51.0,11.0,51.0,12.0,18.0,2,1,7.0,0,1,4.2,0,45.0,30.2,15.0,opioid,0,sham,20,1,0,52.0,1
SYN-01775,43.0,0,1,56.0,10.0,78.0,18.0,8.0,3,1,12.0,0,1,4.3,0,46.0,34.3,14.0,opioid,1,L-DLPFC iTBS,5,0,1,2.44,0
SYN-01776,55.0,0,1,57.0,14.0,49.0,16.0,19.0,5,0,6.0,0,1,7.0,0,50.0,25.6,13.0,alcohol,1,L-DLPFC iTBS,19,0,1,7.8,0
SYN-01777,50.0,0,1,55.0,17.0,37.0,14.0,12.0,2,0,11.0,0,1,3.6,0,58.0,28.9,11.0,nicotine,0,sham,17,0,1,3.69,0
SYN-01778,25.0,0,2,66.0,19.0,35.0,15.0,5.0,1,0,11.0,1,0,2.1,0,40.0,33.6,13.0,cocaine,0,sham,16,0,1,0.81,0
SYN-01779,46.0,0,0,40.0,11.0,76.0,17.0,10.0,2,1,18.0,0,0,5.9,0,30.0,32.0,14.0,cocaine,0,sham,19,0,0,11.89,0
SYN-01780,52.0,0,1,52.0,20.0,70.0,6.0,15.0,4,0,13.0,0,0,4.9,0,46.0,17.0,15.0,cocaine,0,sham,14,0,0,3.32,0
SYN-01781,47.0,0,0,54.0,11.0,47.0,10.0,20.0,2,0,12.0,0,1,5.0,0,44.0,32.6,10.0,alcohol,1,L-DLPFC iTBS,20,1,0,19.56,0
SYN-01782,53.0,0,1,47.0,13.0,75.0,0.0,11.0,3,0,15.0,0,0,5.4,0,50.0,26.5,12.0,cocaine,1,L-DLPFC 10Hz,17,1,0,52.0,1
SYN-01783,36.0,0,1,46.0,8.0,55.0,12.0,11.0,4,1,10.0,1,0,6.8,0,48.0,34.6,13.0,cocaine,1,mPFC/ACC deep TMS,19,0,0,52.0,1
SYN-01784,32.0,0,3,66.0,19.0,59.0,9.0,5.0,4,0,15.0,1,0,3.4,0,44.0,27.1,14.0,nicotine,1,mPFC/ACC deep TMS,14,0,1,3.34,0
SYN-01785,52.0,0,0,44.0,12.0,35.0,17.0,12.0,3,0,8.0,0,1,4.2,0,46.0,23.7,12.0,nicotine,1,mPFC/ACC deep TMS,16,1,1,48.04,0
SYN-01786,30.0,0,3,47.0,7.0,49.0,0.0,11.0,2,0,9.0,0,1,5.4,0,47.0,44.4,13.0,alcohol,1,mPFC/ACC deep TMS,16,1,0,52.0,1
SYN-01787,22.0,0,2,49.0,10.0,60.0,30.0,1.0,0,0,18.0,1,1,4.2,0,41.0,24.1,10.0,nicotine,1,L-DLPFC 10Hz,17,0,1,3.38,0
SYN-01788,53.0,0,3,50.0,20.0,62.0,13.0,14.0,1,1,1.0,1,0,4.7,0,39.0,21.9,11.0,methamphetamine,0,sham,15,0,1,6.04,0
SYN-01789,34.0,0,2,54.0,17.0,50.0,1.0,8.0,2,0,14.0,0,0,2.9,0,39.0,29.4,14.0,alcohol,1,mPFC/ACC deep TMS,12,1,0,5.62,0
SYN-01790,39.0,0,0,50.0,14.0,74.0,22.0,15.0,1,0,9.0,1,1,3.8,0,36.0,33.4,14.0,opioid,0,sham,17,0,1,34.19,0
SYN-01791,27.0,0,2,56.0,17.0,82.0,24.0,3.0,3,1,15.0,1,0,5.4,0,47.0,31.7,14.0,cocaine,1,mPFC/ACC deep TMS,5,1,1,30.11,0
SYN-01792,27.0,0,2,54.0,9.0,46.0,16.0,3.0,1,1,9.0,0,1,1.0,1,55.0,30.0,13.0,nicotine,1,mPFC/ACC deep TMS,18,0,1,13.86,0
SYN-01793,29.0,0,0,58.0,12.0,66.0,30.0,5.0,1,1,12.0,1,0,4.9,0,58.0,23.6,10.0,alcohol,1,L-DLPFC 10Hz,18,0,1,14.63,0
SYN-01794,38.0,0,4,67.0,12.0,37.0,4.0,13.0,5,0,7.0,0,0,1.4,0,43.0,39.7,12.0,nicotine,0,sham,17,0,1,0.53,0
SYN-01795,46.0,0,1,43.0,9.0,64.0,19.0,25.0,7,1,15.0,1,1,7.0,1,51.0,20.4,13.0,opioid,1,L-DLPFC 10Hz,9,0,0,12.17,0
SYN-01796,22.0,0,1,70.0,16.0,46.0,14.0,3.0,1,0,10.0,1,0,5.7,0,39.0,30.5,13.0,alcohol,1,L-DLPFC iTBS,16,0,0,11.64,0
SYN-01797,50.0,0,2,47.0,15.0,56.0,9.0,8.0,1,0,6.0,0,1,6.4,0,47.0,21.3,12.0,nicotine,0,sham,15,1,0,52.0,1
SYN-01798,29.0,0,2,60.0,19.0,63.0,18.0,5.0,3,0,0.0,1,0,6.3,0,45.0,30.3,15.0,cocaine,0,sham,18,0,0,9.43,0
SYN-01799,30.0,0,2,54.0,17.0,55.0,24.0,7.0,2,1,5.0,0,0,3.4,0,61.0,29.1,12.0,alcohol,0,sham,17,0,1,7.34,0
SYN-01800,49.0,0,1,49.0,22.0,74.0,11.0,24.0,0,1,14.0,0,1,4.6,0,44.0,31.5,13.0,opioid,1,mPFC/ACC deep TMS,18,1,0,52.0,1
SYN-01801,41.0,0,1,33.0,9.0,44.0,16.0,20.0,5,0,6.0,1,0,3.6,1,43.0,23.8,14.0,nicotine,0,sham,6,0,1,28.44,0
SYN-01802,25.0,0,1,70.0,17.0,54.0,22.0,2.0,1,1,8.0,0,0,4.9,0,40.0,24.7,15.0,alcohol,0,sham,17,0,1,2.79,0
SYN-01803,62.0,0,0,44.0,14.0,63.0,21.0,34.0,3,0,11.0,1,1,4.2,0,39.0,18.1,15.0,opioid,0,sham,15,0,1,7.75,0
SYN-01804,33.0,0,3,44.0,9.0,57.0,2.0,11.0,3,0,10.0,0,0,5.1,0,54.0,24.7,11.0,alcohol,1,mPFC/ACC deep TMS,11,1,1,38.6,0
SYN-01805,45.0,0,1,64.0,15.0,65.0,19.0,18.0,0,0,13.0,1,1,3.7,1,59.0,23.3,15.0,opioid,1,L-DLPFC 10Hz,20,0,1,2.58,0
SYN-01806,44.0,0,2,53.0,15.0,56.0,12.0,16.0,1,0,10.0,1,1,4.6,0,42.0,27.0,14.0,nicotine,1,L-DLPFC iTBS,18,1,0,52.0,1
SYN-01807,58.0,0,0,73.0,14.0,49.0,23.0,27.0,7,0,19.0,1,1,3.2,0,38.0,23.6,14.0,alcohol,1,L-DLPFC 10Hz,18,0,1,0.1,0
SYN-01808,37.0,0,0,71.0,19.0,72.0,17.0,9.0,0,0,8.0,1,0,3.6,0,42.0,30.4,15.0,alcohol,1,L-DLPFC 10Hz,18,0,1,15.08,0
SYN-01809,53.0,0,1,60.0,19.0,61.0,30.0,10.0,0,1,9.0,0,1,3.5,0,36.0,29.2,12.0,alcohol,0,sham,18,0,1,26.79,0
SYN-01810,34.0,0,3,55.0,10.0,73.0,8.0,7.0,3,0,11.0,1,0,4.1,0,46.0,33.1,13.0,cocaine,1,L-DLPFC iTBS,17,0,1,4.58,0
SYN-01811,54.0,1,1,61.0,7.0,81.0,24.0,10.0,2,0,14.0,0,0,4.9,0,59.0,33.8,17.0,opioid,1,mPFC/ACC deep TMS,20,1,0,52.0,1
SYN-01812,34.0,0,0,38.0,11.0,51.0,7.0,12.0,1,0,16.0,0,0,5.9,0,40.0,26.7,18.0,alcohol,0,sham,17,0,1,1.78,0
SYN-01813,38.0,0,2,54.0,10.0,48.0,27.0,8.0,4,1,12.0,1,0,3.4,0,47.0,33.8,8.0,cocaine,0,sham,20,0,1,0.44,0
SYN-01814,63.0,0,1,54.0,15.0,52.0,26.0,38.0,4,0,14.0,0,1,5.4,0,50.0,32.3,8.0,nicotine,1,L-DLPFC iTBS,15,1,1,30.42,0
SYN-01815,45.0,1,2,47.0,11.0,48.0,6.0,17.0,2,0,13.0,1,0,3.5,0,36.0,21.1,17.0,opioid,1,L-DLPFC 10Hz,15,1,0,52.0,1
SYN-01816,43.0,0,1,55.0,15.0,29.0,15.0,18.0,1,0,21.0,1,1,6.2,0,46.0,36.2,12.0,alcohol,1,mPFC/ACC deep TMS,19,1,1,26.74,0
SYN-01817,67.0,0,1,36.0,15.0,82.0,19.0,29.0,4,0,8.0,0,0,4.6,0,37.0,24.2,13.0,alcohol,0,sham,20,0,0,52.0,1
SYN-01818,46.0,0,4,62.0,18.0,67.0,4.0,23.0,1,0,17.0,1,1,3.3,0,51.0,28.6,15.0,alcohol,1,mPFC/ACC deep TMS,19,0,1,4.07,0
SYN-01819,33.0,0,1,66.0,15.0,97.0,15.0,11.0,2,1,12.0,0,1,4.1,0,49.0,36.2,14.0,opioid,1,L-DLPFC iTBS,15,1,0,52.0,1
SYN-01820,50.0,0,3,38.0,7.0,48.0,14.0,11.0,1,1,11.0,0,0,5.6,1,46.0,26.6,11.0,alcohol,0,sham,19,0,1,13.22,0
SYN-01821,29.0,0,1,54.0,5.0,68.0,21.0,8.0,2,1,14.0,0,0,4.5,0,30.0,34.2,15.0,opioid,0,sham,18,0,1,0.73,0
SYN-01822,54.0,0,1,69.0,9.0,66.0,14.0,28.0,4,0,17.0,0,1,4.9,0,42.0,25.9,14.0,alcohol,1,mPFC/ACC deep TMS,14,0,1,1.58,0
SYN-01823,55.0,0,0,57.0,12.0,59.0,18.0,26.0,1,0,9.0,0,0,4.4,0,48.0,26.2,9.0,opioid,0,sham,18,1,1,44.11,0
SYN-01824,36.0,0,2,41.0,12.0,72.0,20.0,14.0,4,0,10.0,0,0,7.0,0,42.0,35.0,12.0,nicotine,1,L-DLPFC iTBS,11,0,0,52.0,1
SYN-01825,35.0,0,2,41.0,9.0,57.0,17.0,12.0,4,0,7.0,0,0,5.8,0,52.0,27.6,14.0,opioid,1,L-DLPFC 10Hz,12,0,0,52.0,1
SYN-01826,44.0,0,4,62.0,13.0,59.0,6.0,14.0,5,0,2.0,0,0,4.7,0,50.0,34.6,15.0,nicotine,0,sham,13,1,0,52.0,1
SYN-01827,42.0,0,2,72.0,12.0,64.0,17.0,7.0,0,1,20.0,0,0,4.8,0,51.0,36.8,12.0,nicotine,1,L-DLPFC 10Hz,20,0,1,0.1,0
SYN-01828,31.0,0,1,40.0,6.0,23.0,12.0,5.0,2,0,11.0,0,1,7.0,0,48.0,32.6,14.0,cocaine,1,L-DLPFC 10Hz,15,1,0,50.35,0
SYN-01829,48.0,0,2,53.0,8.0,48.0,1.0,22.0,0,1,11.0,1,1,4.9,0,53.0,32.1,13.0,alcohol,1,L-DLPFC 10Hz,19,1,0,52.0,1
SYN-01830,22.0,0,2,44.0,14.0,46.0,25.0,2.0,1,0,8.0,1,1,4.8,0,44.0,26.0,11.0,alcohol,1,mPFC/ACC deep TMS,1,1,0,52.0,1
SYN-01831,37.0,0,1,49.0,6.0,84.0,30.0,14.0,4,1,10.0,0,0,3.4,0,44.0,25.9,14.0,alcohol,0,sham,16,0,1,0.23,0
SYN-01832,38.0,0,7,56.0,17.0,69.0,19.0,16.0,3,0,13.0,0,1,5.6,0,53.0,29.9,13.0,alcohol,0,sham,14,0,1,34.9,0
SYN-01833,39.0,0,1,52.0,10.0,71.0,30.0,19.0,0,0,16.0,0,1,3.8,0,38.0,31.7,13.0,alcohol,0,sham,18,1,1,0.44,0
SYN-01834,45.0,0,0,45.0,14.0,68.0,11.0,22.0,2,1,12.0,1,0,4.4,0,34.0,21.9,11.0,alcohol,1,L-DLPFC 10Hz,18,1,0,52.0,1
SYN-01835,28.0,0,1,75.0,19.0,59.0,8.0,9.0,1,1,13.0,1,0,7.0,0,52.0,26.8,11.0,alcohol,1,L-DLPFC 10Hz,13,0,1,0.67,0
SYN-01836,48.0,0,4,50.0,16.0,84.0,15.0,12.0,4,1,7.0,0,0,3.5,0,56.0,29.3,14.0,opioid,0,sham,16,0,1,8.34,0
SYN-01837,40.0,0,0,50.0,17.0,55.0,9.0,7.0,1,1,9.0,1,1,5.7,0,52.0,33.7,13.0,nicotine,0,sham,18,0,1,14.43,0
SYN-01838,35.0,0,0,64.0,13.0,39.0,26.0,13.0,1,0,12.0,1,0,3.8,0,65.0,28.5,16.0,alcohol,0,sham,16,0,1,15.96,0
SYN-01839,27.0,0,3,52.0,10.0,69.0,18.0,4.0,2,0,5.0,0,0,2.7,1,48.0,23.9,15.0,opioid,0,sham,5,0,1,3.03,0
SYN-01840,29.0,0,5,50.0,12.0,77.0,18.0,9.0,1,0,9.0,0,0,3.7,0,33.0,29.6,15.0,alcohol,1,mPFC/ACC deep TMS,19,1,0,52.0,1
SYN-01841,46.0,0,4,63.0,13.0,62.0,19.0,20.0,2,0,12.0,0,0,3.6,0,43.0,24.8,14.0,methamphetamine,0,sham,15,0,1,32.13,0
SYN-01842,31.0,0,2,41.0,14.0,63.0,29.0,12.0,2,0,17.0,0,1,4.4,0,31.0,25.8,14.0,opioid,1,L-DLPFC iTBS,19,1,0,52.0,1
SYN-01843,43.0,0,0,60.0,14.0,75.0,20.0,10.0,1,1,6.0,1,0,4.0,0,45.0,31.1,13.0,nicotine,0,sham,11,0,1,1.71,0
SYN-01844,54.0,0,3,63.0,15.0,84.0,17.0,16.0,1,0,7.0,1,0,3.8,0,49.0,41.2,14.0,methamphetamine,0,sham,14,0,1,47.5,0
SYN-01845,53.0,0,4,59.0,16.0,69.0,19.0,24.0,1,1,15.0,1,0,4.1,0,60.0,40.0,17.0,alcohol,0,sham,15,0,1,16.35,0
SYN-01846,59.0,0,0,50.0,11.0,85.0,30.0,10.0,1,0,2.0,1,0,5.8,0,62.0,22.4,17.0,alcohol,1,L-DLPFC 10Hz,18,1,0,2.32,0
SYN-01847,39.0,0,4,52.0,17.0,63.0,14.0,15.0,1,0,20.0,1,1,5.4,0,49.0,41.4,17.0,alcohol,1,L-DLPFC 10Hz,13,1,1,26.25,0
SYN-01848,30.0,0,2,33.0,4.0,88.0,30.0,7.0,5,1,11.0,0,1,3.7,0,59.0,21.2,12.0,cocaine,1,L-DLPFC 10Hz,18,1,0,4.76,0
SYN-01849,53.0,0,2,51.0,14.0,38.0,13.0,20.0,3,0,15.0,1,0,4.5,0,54.0,26.8,11.0,alcohol,0,sham,16,1,0,52.0,1
SYN-01850,45.0,0,3,55.0,16.0,74.0,17.0,8.0,3,0,14.0,0,0,3.9,0,43.0,25.9,13.0,alcohol,1,L-DLPFC 10Hz,13,0,1,0.56,0
SYN-01851,54.0,0,1,62.0,13.0,65.0,20.0,26.0,3,0,6.0,0,0,5.7,0,43.0,35.8,15.0,opioid,0,sham,9,0,0,52.0,1
SYN-01852,42.0,0,0,54.0,11.0,61.0,30.0,7.0,3,0,14.0,0,1,2.7,0,34.0,26.7,14.0,opioid,0,sham,20,0,1,4.77,0
SYN-01853,55.0,0,2,48.0,16.0,39.0,9.0,26.0,1,0,8.0,0,1,5.2,1,45.0,34.1,14.0,alcohol,1,L-DLPFC 10Hz,14,0,0,25.45,0
SYN-01854,51.0,0,1,43.0,11.0,74.0,29.0,26.0,3,0,10.0,1,1,5.4,0,45.0,26.7,17.0,alcohol,0,sham,19,1,0,13.99,0
SYN-01855,50.0,0,1,52.0,7.0,56.0,19.0,13.0,1,0,11.0,1,0,4.0,0,41.0,28.2,12.0,nicotine,0,sham,19,1,1,26.96,0
SYN-01856,48.0,0,0,54.0,9.0,44.0,13.0,24.0,1,1,12.0,1,1,3.9,0,47.0,25.8,15.0,alcohol,0,sham,15,0,1,1.58,0
SYN-01857,46.0,0,0,65.0,19.0,51.0,14.0,11.0,2,1,15.0,0,0,4.7,0,43.0,28.1,13.0,opioid,0,sham,2,0,1,16.19,0
SYN-01858,45.0,0,1,52.0,10.0,55.0,21.0,13.0,2,0,12.0,0,1,2.6,0,63.0,25.8,13.0,nicotine,1,L-DLPFC 10Hz,13,1,1,20.73,0
SYN-01859,44.0,0,2,47.0,17.0,60.0,20.0,20.0,2,0,15.0,0,0,3.7,0,36.0,40.2,15.0,alcohol,0,sham,16,0,1,1.47,0
SYN-01860,53.0,0,4,51.0,18.0,45.0,15.0,29.0,3,0,12.0,0,0,2.7,0,56.0,37.2,12.0,alcohol,1,L-DLPFC 10Hz,9,0,1,50.33,0
SYN-01861,36.0,0,2,47.0,12.0,44.0,17.0,15.0,4,1,9.0,0,1,5.0,1,43.0,34.8,14.0,methamphetamine,1,L-DLPFC iTBS,19,1,1,21.8,0
SYN-01862,61.0,0,1,50.0,15.0,65.0,10.0,32.0,2,1,13.0,0,1,3.3,0,45.0,41.7,12.0,alcohol,1,mPFC/ACC deep TMS,17,0,1,13.25,0
SYN-01863,41.0,0,3,33.0,7.0,55.0,9.0,6.0,0,0,9.0,1,0,4.2,0,50.0,28.3,11.0,methamphetamine,0,sham,7,0,0,52.0,1
SYN-01864,53.0,0,3,35.0,9.0,87.0,13.0,28.0,1,1,13.0,1,0,2.1,0,31.0,25.2,16.0,opioid,0,sham,19,1,0,7.46,0
SYN-01865,41.0,0,2,39.0,9.0,51.0,11.0,19.0,0,0,9.0,0,0,3.9,1,43.0,24.9,13.0,nicotine,1,mPFC/ACC deep TMS,18,1,1,27.14,0
SYN-01866,39.0,0,2,57.0,16.0,71.0,16.0,18.0,2,1,10.0,0,1,5.6,0,53.0,21.2,17.0,alcohol,1,L-DLPFC iTBS,16,1,0,14.52,0
SYN-01867,64.0,0,2,51.0,9.0,86.0,18.0,22.0,2,1,15.0,1,0,4.9,0,36.0,27.5,12.0,cocaine,1,L-DLPFC iTBS,6,1,0,52.0,1
SYN-01868,39.0,1,2,54.0,13.0,56.0,19.0,7.0,0,1,5.0,0,0,6.0,0,36.0,30.5,13.0,alcohol,1,L-DLPFC iTBS,20,0,1,13.43,0
SYN-01869,28.0,0,1,65.0,16.0,76.0,11.0,8.0,2,1,14.0,0,1,1.0,0,30.0,23.8,13.0,alcohol,0,sham,11,0,1,1.52,0
SYN-01870,34.0,0,0,41.0,13.0,62.0,14.0,7.0,0,1,9.0,1,0,1.2,1,43.0,30.2,14.0,alcohol,1,L-DLPFC 10Hz,3,0,1,1.01,0
SYN-01871,39.0,1,4,65.0,8.0,62.0,23.0,11.0,2,0,15.0,1,0,6.4,0,35.0,29.8,10.0,nicotine,0,sham,16,0,1,5.79,0
SYN-01872,66.0,0,3,56.0,8.0,84.0,30.0,40.0,0,1,14.0,1,0,4.9,0,44.0,25.7,12.0,opioid,1,mPFC/ACC deep TMS,19,1,1,27.48,0
SYN-01873,44.0,0,0,44.0,9.0,43.0,12.0,10.0,2,0,8.0,0,0,2.9,0,42.0,22.9,10.0,cocaine,1,mPFC/ACC deep TMS,18,1,0,52.0,1
SYN-01874,52.0,0,0,68.0,15.0,52.0,23.0,15.0,0,0,14.0,0,0,5.3,0,50.0,29.9,11.0,methamphetamine,1,L-DLPFC 10Hz,17,1,0,6.2,0
SYN-01875,31.0,1,0,37.0,11.0,29.0,20.0,6.0,1,1,16.0,1,1,5.2,0,58.0,28.3,14.0,alcohol,1,mPFC/ACC deep TMS,19,0,0,52.0,1
SYN-01876,46.0,0,3,40.0,12.0,55.0,6.0,22.0,1,1,9.0,0,0,5.1,0,34.0,24.7,14.0,cocaine,1,L-DLPFC 10Hz,11,0,1,8.18,0
SYN-01877,49.0,0,1,50.0,20.0,74.0,20.0,27.0,1,0,14.0,0,0,5.1,0,41.0,20.9,16.0,cocaine,0,sham,17,0,1,44.21,0
SYN-01878,62.0,0,1,57.0,17.0,56.0,6.0,16.0,3,1,20.0,0,0,5.5,0,41.0,37.4,17.0,cocaine,0,sham,19,0,1,3.38,0
SYN-01879,34.0,0,1,50.0,15.0,71.0,15.0,7.0,0,0,4.0,1,1,5.3,0,60.0,33.4,14.0,nicotine,0,sham,11,1,0,52.0,1
SYN-01880,49.0,0,1,33.0,8.0,44.0,15.0,23.0,2,0,9.0,0,1,5.0,1,44.0,26.8,13.0,alcohol,1,L-DLPFC 10Hz,11,0,1,4.12,0
SYN-01881,45.0,0,1,49.0,16.0,76.0,9.0,11.0,0,0,18.0,1,1,5.1,0,39.0,25.2,16.0,alcohol,1,L-DLPFC iTBS,16,1,1,5.26,0
SYN-01882,31.0,0,1,51.0,16.0,57.0,19.0,8.0,0,1,11.0,0,1,4.8,0,33.0,32.7,14.0,alcohol,0,sham,15,1,1,3.8,0
SYN-01883,42.0,0,2,80.0,21.0,56.0,14.0,13.0,3,0,13.0,0,0,4.3,0,50.0,26.2,15.0,methamphetamine,1,L-DLPFC 10Hz,3,0,1,0.83,0
SYN-01884,39.0,0,0,67.0,16.0,86.0,19.0,17.0,3,0,9.0,1,0,4.4,0,37.0,30.5,13.0,opioid,0,sham,18,0,1,0.62,0
SYN-01885,22.0,0,2,54.0,16.0,59.0,19.0,2.0,1,0,2.0,1,0,4.1,0,40.0,17.4,9.0,methamphetamine,1,L-DLPFC 10Hz,20,0,0,10.15,0
SYN-01886,49.0,0,1,40.0,16.0,66.0,10.0,18.0,4,1,13.0,1,0,4.8,0,53.0,30.3,14.0,nicotine,0,sham,17,0,0,52.0,1
SYN-01887,48.0,0,0,56.0,11.0,61.0,2.0,19.0,3,0,14.0,0,0,5.3,1,48.0,33.5,11.0,alcohol,1,mPFC/ACC deep TMS,16,1,1,8.02,0
SYN-01888,37.0,0,2,40.0,4.0,68.0,17.0,5.0,0,1,15.0,1,0,4.5,0,48.0,34.9,14.0,cocaine,0,sham,15,1,1,12.69,0
SYN-01889,27.0,0,1,54.0,17.0,61.0,10.0,3.0,4,0,14.0,1,1,4.3,0,51.0,31.6,14.0,alcohol,1,mPFC/ACC deep TMS,17,0,1,49.23,0
SYN-01890,58.0,0,4,56.0,17.0,41.0,10.0,15.0,1,0,8.0,0,0,6.5,0,41.0,33.2,14.0,cocaine,1,L-DLPFC 10Hz,17,1,0,52.0,1
SYN-01891,45.0,0,2,48.0,12.0,63.0,7.0,7.0,1,0,4.0,0,0,6.7,0,38.0,30.8,14.0,nicotine,1,L-DLPFC iTBS,19,1,0,52.0,1
SYN-01892,53.0,0,1,55.0,12.0,67.0,9.0,18.0,3,0,12.0,1,1,4.6,0,43.0,29.6,14.0,nicotine,0,sham,20,0,1,30.13,0
SYN-01893,58.0,0,4,49.0,22.0,64.0,8.0,25.0,6,0,16.0,1,0,3.7,1,39.0,27.6,13.0,alcohol,1,L-DLPFC 10Hz,17,1,1,0.61,0
SYN-01894,36.0,0,0,46.0,11.0,55.0,4.0,10.0,2,0,13.0,0,1,6.3,0,54.0,19.5,15.0,opioid,1,mPFC/ACC deep TMS,14,1,0,52.0,1
SYN-01895,51.0,0,0,69.0,12.0,89.0,15.0,22.0,2,1,14.0,0,0,2.5,1,51.0,23.8,14.0,alcohol,1,L-DLPFC iTBS,6,0,1,4.8,0
SYN-01896,39.0,0,0,58.0,13.0,49.0,7.0,13.0,2,0,18.0,0,1,6.3,0,47.0,30.8,11.0,opioid,0,sham,14,0,0,52.0,1
SYN-01897,41.0,1,1,49.0,15.0,60.0,16.0,16.0,1,0,9.0,1,0,6.1,0,50.0,18.9,13.0,methamphetamine,0,sham,20,0,0,41.84,0
SYN-01898,41.0,0,2,44.0,10.0,61.0,30.0,18.0,1,0,10.0,0,0,4.0,0,44.0,35.1,16.0,nicotine,0,sham,11,1,0,23.43,0
SYN-01899,42.0,0,4,54.0,12.0,43.0,7.0,6.0,2,0,15.0,0,1,4.3,0,45.0,33.4,14.0,alcohol,1,mPFC/ACC deep TMS,15,1,0,14.96,0
SYN-01900,54.0,0,1,58.0,15.0,42.0,0.0,11.0,1,1,10.0,0,1,3.2,1,54.0,22.6,15.0,alcohol,0,sham,14,0,1,1.64,0
SYN-01901,43.0,0,0,61.0,13.0,71.0,22.0,7.0,1,0,9.0,1,0,4.6,0,35.0,33.4,14.0,nicotine,0,sham,20,1,0,52.0,1
SYN-01902,40.0,0,1,68.0,17.0,72.0,8.0,13.0,3,0,11.0,0,0,3.0,0,49.0,27.3,12.0,alcohol,0,sham,5,0,1,7.11,0
SYN-01903,39.0,1,2,57.0,14.0,62.0,9.0,7.0,0,0,14.0,0,0,2.7,0,56.0,37.2,18.0,alcohol,1,L-DLPFC 10Hz,10,1,1,0.11,0
SYN-01904,46.0,0,5,40.0,7.0,33.0,7.0,16.0,2,0,8.0,0,1,4.8,1,40.0,25.7,15.0,methamphetamine,1,L-DLPFC iTBS,8,1,1,36.74,0
SYN-01905,32.0,0,1,74.0,18.0,58.0,15.0,6.0,1,1,11.0,1,0,3.5,0,47.0,35.0,17.0,nicotine,0,sham,6,0,1,8.61,0
SYN-01906,36.0,0,5,65.0,12.0,65.0,17.0,9.0,4,1,13.0,0,0,4.2,0,48.0,22.3,11.0,nicotine,0,sham,6,0,1,4.48,0
SYN-01907,41.0,0,2,61.0,18.0,70.0,19.0,12.0,1,0,9.0,0,0,4.0,1,45.0,23.2,10.0,alcohol,0,sham,5,0,1,7.11,0
SYN-01908,36.0,1,0,67.0,13.0,79.0,18.0,11.0,1,1,10.0,1,0,3.4,0,54.0,17.7,13.0,nicotine,0,sham,13,0,1,3.87,0
SYN-01909,41.0,0,3,36.0,10.0,64.0,25.0,6.0,1,1,11.0,0,1,4.9,0,50.0,30.0,16.0,opioid,1,L-DLPFC iTBS,15,1,0,52.0,1
SYN-01910,35.0,0,6,48.0,6.0,73.0,25.0,10.0,0,0,12.0,0,0,3.4,0,48.0,22.8,16.0,alcohol,0,sham,10,0,1,18.03,0
SYN-01911,64.0,0,0,47.0,11.0,84.0,16.0,21.0,0,0,8.0,1,0,5.1,0,45.0,36.3,15.0,methamphetamine,1,mPFC/ACC deep TMS,7,1,0,50.3,0
SYN-01912,57.0,0,0,65.0,11.0,25.0,7.0,24.0,6,0,10.0,0,0,3.6,0,38.0,20.9,15.0,alcohol,1,L-DLPFC 10Hz,19,1,1,50.05,0
SYN-01913,47.0,0,2,39.0,16.0,72.0,7.0,15.0,1,1,14.0,1,1,6.0,1,52.0,32.6,14.0,alcohol,1,L-DLPFC iTBS,16,0,1,5.45,0
SYN-01914,41.0,1,1,49.0,12.0,52.0,19.0,6.0,3,0,10.0,0,0,3.9,0,46.0,32.4,12.0,opioid,0,sham,9,0,1,15.43,0
SYN-01915,66.0,0,2,69.0,18.0,69.0,15.0,26.0,2,0,12.0,0,1,5.1,0,42.0,25.2,14.0,alcohol,1,mPFC/ACC deep TMS,19,0,1,10.09,0
SYN-01916,46.0,0,1,59.0,8.0,63.0,30.0,17.0,4,0,11.0,1,1,5.4,0,45.0,28.6,13.0,opioid,1,L-DLPFC iTBS,13,1,1,33.34,0
SYN-01917,41.0,0,1,48.0,8.0,43.0,7.0,19.0,3,0,9.0,0,1,4.4,0,62.0,40.5,15.0,alcohol,1,mPFC/ACC deep TMS,18,1,0,47.99,0
SYN-01918,45.0,0,1,73.0,16.0,48.0,25.0,15.0,1,0,15.0,0,1,2.7,0,42.0,26.7,15.0,alcohol,0,sham,9,0,1,5.78,0
SYN-01919,45.0,0,5,38.0,6.0,64.0,9.0,12.0,1,0,9.0,0,1,5.5,0,55.0,34.3,12.0,nicotine,0,sham,16,1,1,37.49,0
SYN-01920,58.0,1,4,57.0,18.0,57.0,2.0,11.0,1,0,5.0,1,0,2.8,0,39.0,33.6,12.0,alcohol,1,L-DLPFC iTBS,17,1,0,52.0,1
SYN-01921,42.0,0,1,50.0,12.0,70.0,11.0,9.0,3,0,17.0,0,0,4.9,0,39.0,30.7,17.0,alcohol,1,L-DLPFC 10Hz,15,1,0,19.7,0
SYN-01922,65.0,0,2,58.0,15.0,54.0,17.0,41.0,1,0,11.0,1,0,2.6,1,60.0,19.2,11.0,nicotine,1,L-DLPFC 10Hz,16,1,1,28.15,0
SYN-01923,32.0,1,5,49.0,14.0,91.0,29.0,8.0,2,0,12.0,0,0,4.0,0,39.0,26.2,14.0,cocaine,0,sham,18,1,1,8.89,0
SYN-01924,50.0,0,1,43.0,11.0,54.0,7.0,27.0,2,0,12.0,0,1,4.4,1,48.0,30.5,12.0,nicotine,1,L-DLPFC iTBS,9,0,1,24.31,0
SYN-01925,31.0,1,1,54.0,16.0,91.0,29.0,4.0,2,1,10.0,0,0,3.7,0,60.0,34.4,14.0,opioid,1,mPFC/ACC deep TMS,19,0,1,16.33,0
SYN-01926,62.0,0,4,38.0,8.0,45.0,8.0,16.0,2,0,7.0,0,1,4.8,0,33.0,25.0,15.0,alcohol,0,sham,15,1,0,52.0,1
SYN-01927,38.0,0,1,58.0,16.0,68.0,13.0,16.0,1,1,8.0,0,0,5.0,0,46.0,19.1,12.0,opioid,1,L-DLPFC 10Hz,13,1,1,9.15,0
SYN-01928,41.0,0,5,49.0,17.0,76.0,16.0,6.0,2,0,9.0,0,1,4.6,0,49.0,20.3,14.0,nicotine,1,mPFC/ACC deep TMS,18,1,0,3.28,0
SYN-01929,52.0,0,2,62.0,16.0,40.0,24.0,19.0,2,0,14.0,0,1,4.6,0,43.0,28.9,14.0,opioid,0,sham,15,0,0,52.0,1
SYN-01930,56.0,0,1,47.0,13.0,43.0,13.0,26.0,2,1,10.0,0,0,6.1,0,53.0,24.4,12.0,alcohol,1,mPFC/ACC deep TMS,15,1,1,15.11,0
SYN-01931,30.0,1,1,45.0,11.0,64.0,18.0,7.0,4,0,13.0,0,0,5.4,0,50.0,32.3,17.0,nicotine,1,L-DLPFC iTBS,18,1,0,52.0,1
SYN-01932,38.0,0,5,56.0,14.0,77.0,7.0,14.0,1,0,3.0,1,0,4.8,0,46.0,31.4,13.0,alcohol,1,mPFC/ACC deep TMS,11,0,0,3.87,0
SYN-01933,27.0,0,2,66.0,18.0,82.0,21.0,3.0,2,1,9.0,1,0,3.6,0,51.0,27.0,17.0,alcohol,1,L-DLPFC iTBS,19,0,1,10.41,0
SYN-01934,44.0,0,0,33.0,9.0,65.0,18.0,16.0,4,0,11.0,0,0,3.3,0,45.0,21.1,11.0,alcohol,1,mPFC/ACC deep TMS,13,1,0,12.53,0
SYN-01935,41.0,0,0,53.0,8.0,75.0,30.0,14.0,2,1,7.0,0,0,3.7,0,33.0,28.9,10.0,nicotine,0,sham,17,0,1,20.86,0
SYN-01936,38.0,0,1,59.0,15.0,42.0,5.0,15.0,5,0,14.0,0,1,5.4,0,51.0,30.8,13.0,nicotine,0,sham,18,0,1,3.18,0
SYN-01937,34.0,0,1,37.0,10.0,50.0,8.0,9.0,1,0,10.0,1,1,4.7,0,61.0,28.9,15.0,alcohol,1,mPFC/ACC deep TMS,8,0,1,0.81,0
SYN-01938,38.0,1,3,43.0,13.0,80.0,12.0,9.0,2,0,10.0,0,0,5.4,0,54.0,32.4,14.0,alcohol,0,sham,20,0,1,10.43,0
SYN-01939,34.0,0,3,59.0,15.0,51.0,8.0,9.0,3,0,8.0,1,0,2.7,0,49.0,25.5,14.0,methamphetamine,0,sham,17,0,1,6.81,0
SYN-01940,48.0,0,1,43.0,17.0,54.0,19.0,11.0,7,0,10.0,1,1,2.3,0,36.0,32.5,12.0,alcohol,0,sham,14,0,0,0.44,0
SYN-01941,59.0,0,2,45.0,8.0,31.0,3.0,31.0,7,1,6.0,1,0,4.6,0,42.0,32.5,13.0,alcohol,1,L-DLPFC 10Hz,20,0,1,41.65,0
SYN-01942,22.0,0,0,71.0,13.0,59.0,25.0,2.0,0,0,16.0,0,0,1.2,0,53.0,28.4,15.0,opioid,1,L-DLPFC iTBS,8,0,1,0.26,0
SYN-01943,41.0,1,2,42.0,14.0,33.0,10.0,10.0,4,0,12.0,1,0,4.1,0,49.0,28.5,15.0,cocaine,0,sham,20,0,1,1.52,0
SYN-01944,37.0,0,2,43.0,8.0,63.0,9.0,13.0,2,0,10.0,1,1,2.5,0,57.0,25.5,13.0,nicotine,0,sham,19,0,1,4.16,0
SYN-01945,47.0,0,1,33.0,11.0,79.0,14.0,13.0,2,1,6.0,1,0,4.7,1,45.0,26.7,13.0,alcohol,0,sham,11,0,1,2.17,0
SYN-01946,32.0,0,1,40.0,11.0,62.0,5.0,8.0,2,1,12.0,1,1,5.0,0,34.0,24.7,14.0,alcohol,1,L-DLPFC iTBS,16,0,0,52.0,1
SYN-01947,40.0,0,2,39.0,4.0,59.0,4.0,20.0,4,0,7.0,0,1,3.0,0,36.0,35.0,17.0,methamphetamine,1,L-DLPFC iTBS,10,1,1,21.7,0
SYN-01948,31.0,0,2,71.0,19.0,56.0,23.0,11.0,1,0,16.0,1,0,5.5,0,50.0,29.6,16.0,nicotine,0,sham,15,0,1,4.73,0
SYN-01949,50.0,0,3,65.0,20.0,69.0,24.0,17.0,3,0,14.0,1,1,4.7,0,53.0,22.5,14.0,alcohol,1,L-DLPFC 10Hz,19,1,0,52.0,1
SYN-01950,43.0,0,2,38.0,11.0,40.0,4.0,11.0,1,0,8.0,0,0,4.3,0,46.0,27.9,12.0,methamphetamine,0,sham,18,0,0,52.0,1
SYN-01951,40.0,0,0,73.0,12.0,55.0,11.0,16.0,2,1,12.0,0,1,3.0,0,50.0,35.8,14.0,opioid,1,mPFC/ACC deep TMS,19,0,1,0.33,0
SYN-01952,46.0,1,2,60.0,17.0,93.0,30.0,25.0,1,1,18.0,1,0,3.2,0,49.0,37.0,13.0,cocaine,1,L-DLPFC iTBS,16,0,0,7.44,0
SYN-01953,39.0,1,3,50.0,9.0,39.0,5.0,17.0,1,0,13.0,0,0,4.0,0,54.0,35.3,12.0,alcohol,1,L-DLPFC 10Hz,13,0,1,39.57,0
SYN-01954,25.0,0,2,61.0,14.0,51.0,15.0,4.0,0,1,15.0,0,0,5.4,0,41.0,22.3,8.0,alcohol,0,sham,6,0,1,49.38,0
SYN-01955,49.0,0,3,56.0,15.0,38.0,15.0,23.0,1,1,10.0,0,1,4.2,0,40.0,32.7,17.0,opioid,1,L-DLPFC iTBS,9,0,1,9.0,0
SYN-01956,45.0,0,2,44.0,9.0,76.0,17.0,24.0,2,1,14.0,1,1,2.4,0,41.0,22.1,11.0,alcohol,1,L-DLPFC 10Hz,18,0,1,14.71,0
SYN-01957,40.0,0,0,33.0,4.0,52.0,12.0,10.0,0,0,5.0,1,0,2.5,0,48.0,38.4,14.0,methamphetamine,1,L-DLPFC 10Hz,11,1,1,17.98,0
SYN-01958,53.0,0,1,42.0,11.0,38.0,8.0,11.0,1,0,13.0,0,1,4.8,0,48.0,39.2,13.0,alcohol,0,sham,19,1,0,52.0,1
SYN-01959,55.0,0,0,52.0,13.0,40.0,12.0,27.0,2,1,15.0,1,1,4.0,0,36.0,22.4,14.0,nicotine,1,mPFC/ACC deep TMS,19,1,1,6.75,0
SYN-01960,30.0,0,5,48.0,10.0,75.0,6.0,10.0,1,1,10.0,1,1,5.5,0,48.0,30.3,11.0,opioid,0,sham,18,1,0,52.0,1
SYN-01961,33.0,0,0,44.0,9.0,68.0,17.0,9.0,2,0,12.0,1,0,5.1,0,52.0,22.1,12.0,alcohol,0,sham,8,0,1,6.2,0
SYN-01962,59.0,0,3,63.0,18.0,73.0,19.0,18.0,3,0,11.0,0,1,5.3,0,42.0,29.9,12.0,nicotine,1,mPFC/ACC deep TMS,20,1,0,10.73,0
SYN-01963,58.0,0,2,41.0,11.0,56.0,4.0,20.0,0,1,10.0,0,0,5.9,0,50.0,25.5,16.0,nicotine,0,sham,18,1,1,3.62,0
SYN-01964,34.0,0,4,62.0,13.0,74.0,21.0,4.0,2,0,13.0,0,0,5.4,0,39.0,23.5,12.0,alcohol,0,sham,19,0,0,27.05,0
SYN-01965,29.0,0,1,47.0,10.0,78.0,11.0,8.0,3,0,13.0,0,1,4.9,0,49.0,34.0,11.0,alcohol,0,sham,17,0,1,32.78,0
SYN-01966,35.0,0,4,53.0,14.0,69.0,0.0,15.0,2,1,12.0,1,0,2.0,0,38.0,29.7,11.0,alcohol,0,sham,7,0,1,6.86,0
SYN-01967,37.0,1,0,40.0,11.0,32.0,0.0,7.0,0,0,12.0,0,0,5.4,0,49.0,34.0,15.0,alcohol,1,L-DLPFC iTBS,16,1,0,52.0,1
SYN-01968,25.0,0,2,52.0,13.0,28.0,9.0,4.0,2,1,8.0,1,0,5.5,0,36.0,31.5,14.0,cocaine,1,mPFC/ACC deep TMS,20,0,1,46.48,0
SYN-01969,42.0,0,3,44.0,7.0,35.0,15.0,13.0,6,0,6.0,0,0,5.2,1,35.0,23.3,9.0,alcohol,0,sham,14,1,0,25.18,0
SYN-01970,28.0,0,1,33.0,9.0,60.0,12.0,7.0,2,0,12.0,1,1,3.2,0,54.0,25.3,12.0,nicotine,0,sham,20,0,1,4.95,0
SYN-01971,29.0,0,3,52.0,11.0,36.0,0.0,10.0,2,0,3.0,0,0,5.0,0,47.0,34.3,13.0,alcohol,0,sham,15,0,1,4.04,0
SYN-01972,52.0,0,4,52.0,13.0,42.0,10.0,27.0,0,0,5.0,0,0,5.7,0,42.0,34.7,11.0,opioid,0,sham,16,1,0,52.0,1
SYN-01973,34.0,0,1,61.0,19.0,60.0,22.0,11.0,3,0,7.0,0,1,4.9,0,55.0,26.7,14.0,alcohol,0,sham,16,0,1,14.45,0
SYN-01974,41.0,0,3,55.0,17.0,46.0,12.0,6.0,3,1,14.0,0,0,4.0,1,30.0,40.0,14.0,alcohol,1,L-DLPFC 10Hz,4,0,1,0.78,0
SYN-01975,49.0,0,3,41.0,13.0,37.0,0.0,15.0,2,0,13.0,1,0,2.1,0,53.0,32.2,17.0,cocaine,0,sham,19,0,1,37.26,0
SYN-01976,51.0,0,2,45.0,12.0,72.0,21.0,15.0,3,0,21.0,1,1,3.5,0,50.0,37.8,12.0,alcohol,1,mPFC/ACC deep TMS,13,1,1,1.57,0
SYN-01977,38.0,0,2,33.0,9.0,63.0,14.0,14.0,1,0,9.0,0,0,6.8,0,44.0,32.0,14.0,methamphetamine,0,sham,20,1,0,12.34,0
SYN-01978,42.0,0,2,40.0,12.0,69.0,16.0,8.0,2,0,9.0,0,0,4.7,1,49.0,36.1,19.0,alcohol,1,mPFC/ACC deep TMS,17,1,1,30.94,0
SYN-01979,33.0,0,2,66.0,14.0,75.0,19.0,6.0,3,1,12.0,1,1,5.5,0,57.0,26.2,15.0,opioid,1,mPFC/ACC deep TMS,19,1,0,52.0,1
SYN-01980,61.0,0,1,69.0,15.0,83.0,24.0,14.0,1,0,7.0,0,0,4.1,0,52.0,28.8,14.0,nicotine,1,L-DLPFC iTBS,19,1,0,52.0,1
SYN-01981,49.0,0,3,60.0,12.0,59.0,14.0,22.0,2,0,15.0,1,1,3.0,0,48.0,20.6,16.0,nicotine,0,sham,10,0,1,6.13,0
SYN-01982,30.0,0,1,55.0,14.0,56.0,7.0,3.0,0,0,8.0,1,0,6.0,0,50.0,30.1,17.0,alcohol,0,sham,15,0,0,35.2,0
SYN-01983,42.0,0,2,58.0,14.0,32.0,9.0,12.0,2,0,9.0,1,1,5.0,0,57.0,22.4,13.0,cocaine,0,sham,15,1,0,52.0,1
SYN-01984,50.0,0,1,57.0,20.0,55.0,15.0,15.0,0,0,12.0,1,1,5.9,0,41.0,30.6,15.0,alcohol,0,sham,14,0,0,6.69,0
SYN-01985,47.0,0,0,33.0,12.0,46.0,22.0,24.0,2,0,8.0,0,1,4.8,1,53.0,26.4,17.0,opioid,1,L-DLPFC 10Hz,10,1,0,35.87,0
SYN-01986,62.0,0,2,43.0,10.0,73.0,8.0,13.0,3,0,12.0,1,0,3.2,0,37.0,23.7,13.0,cocaine,1,L-DLPFC iTBS,10,0,0,20.74,0
SYN-01987,57.0,0,1,65.0,18.0,71.0,16.0,28.0,3,0,15.0,0,0,6.1,0,60.0,26.9,13.0,cocaine,0,sham,14,0,1,22.32,0
SYN-01988,36.0,0,1,65.0,14.0,83.0,13.0,10.0,3,0,15.0,1,0,4.0,1,52.0,26.1,15.0,alcohol,1,mPFC/ACC deep TMS,19,0,1,0.43,0
SYN-01989,41.0,0,3,55.0,17.0,75.0,20.0,11.0,0,0,11.0,1,0,4.8,0,43.0,22.9,15.0,cocaine,0,sham,13,1,1,46.17,0
SYN-01990,28.0,1,3,49.0,15.0,76.0,14.0,3.0,1,1,8.0,0,1,4.9,0,52.0,37.1,15.0,nicotine,1,L-DLPFC iTBS,19,1,0,21.97,0
SYN-01991,45.0,0,0,48.0,22.0,66.0,0.0,14.0,2,0,11.0,0,0,5.6,0,44.0,23.8,14.0,cocaine,1,L-DLPFC iTBS,8,0,0,52.0,1
SYN-01992,44.0,0,2,46.0,8.0,59.0,22.0,23.0,4,0,7.0,0,1,5.1,0,50.0,35.0,13.0,nicotine,0,sham,13,1,0,52.0,1
SYN-01993,72.0,0,1,42.0,11.0,51.0,8.0,40.0,0,1,5.0,1,1,6.2,1,39.0,36.0,13.0,opioid,0,sham,20,0,0,52.0,1
SYN-01994,43.0,0,2,33.0,9.0,55.0,6.0,9.0,3,0,4.0,1,0,4.5,0,53.0,33.6,14.0,opioid,1,L-DLPFC 10Hz,19,1,0,52.0,1
SYN-01995,22.0,0,1,54.0,15.0,44.0,0.0,1.0,0,0,15.0,0,0,5.7,0,50.0,26.5,10.0,nicotine,1,mPFC/ACC deep TMS,20,1,0,5.44,0
SYN-01996,35.0,0,1,47.0,15.0,63.0,7.0,10.0,4,0,6.0,1,0,6.4,1,49.0,24.8,15.0,methamphetamine,1,L-DLPFC iTBS,12,1,0,52.0,1
SYN-01997,43.0,0,0,50.0,10.0,57.0,4.0,17.0,3,0,15.0,1,1,4.2,0,51.0,22.1,18.0,nicotine,0,sham,15,0,1,14.08,0
SYN-01998,28.0,0,0,71.0,14.0,30.0,8.0,9.0,3,0,12.0,1,0,3.0,0,44.0,22.3,13.0,alcohol,1,L-DLPFC 10Hz,10,0,1,7.4,0
SYN-01999,32.0,0,1,58.0,15.0,18.0,8.0,12.0,3,0,10.0,0,0,4.3,0,49.0,22.2,11.0,opioid,0,sham,20,0,1,7.4,0
